recipe_id,ingredient_id,quantity,unit,optional
1106,95,10,ml,True
1106,423,20,g,True
1106,571,1,piece,False
1106,826,50,g,False
1106,956,100,g,False
1106,958,50,g,False
1106,961,100,ml,False
1034,95,20,ml,True
1034,104,100,ml,False
1034,423,20,g,False
1034,571,1,piece,False
1034,826,100,g,False
1034,956,150,g,False
1034,958,50,g,False
1034,1337,50,g,False
323,34,0.5,piece,False
323,37,1,clove,False
323,95,1,tsp,False
323,111,1,bunch,False
323,177,3,tbsp,False
323,274,1,tbsp,False
323,300,1,tbsp,False
323,301,1,tbsp,False
323,302,1,tsp,False
323,308,0.5,piece,False
323,433,1,tbsp,True
323,445,200,g,False
323,446,150,g,False
323,447,1,tbsp,True
323,448,1,tbsp,True
988,5,100,ml,False
988,6,1,pinch,False
988,37,1,clove,False
988,126,1,tbsp,False
988,531,1,piece,False
1135,5,120,ml,False
1135,6,1,pinch,False
1135,7,1,pinch,False
1135,37,3,clove,False
1135,126,15,ml,False
1135,215,5,tsp,False
1135,531,1,piece,False
960,6,1,tsp,False
960,7,0.5,tsp,False
960,13,1,cup,False
960,22,1,tsp,False
960,73,0.25,tsp,False
960,79,0.75,cup,False
960,110,1,tbsp,False
960,126,2,tbsp,False
960,128,1,tbsp,True
960,598,1,tbsp,False
69,6,1,tsp,False
69,7,1,tsp,False
69,13,1,cup,False
69,73,0.5,tsp,False
69,79,0.5,cup,False
69,125,1.5,kg,False
69,126,2,tbsp,False
69,127,2,tsp,False
69,128,1,tsp,False
984,6,1,pinch,False
984,7,1,pinch,False
984,25,60,g,False
984,37,2,clove,False
984,190,240,ml,False
984,191,100,g,False
785,13,60,ml,False
785,141,120,ml,False
785,423,50,g,False
785,759,200,g,False
785,760,150,g,False
785,761,50,g,False
785,791,100,g,False
136,2,200,g,False
136,6,1,pinch,False
136,7,1,pinch,False
136,11,1,piece,False
136,18,1,tsp,False
136,25,2,tbsp,False
136,26,1,tbsp,False
136,30,2,tbsp,False
136,37,2,clove,False
136,96,1,tbsp,True
136,115,500,ml,False
136,124,1,tsp,False
136,141,120,ml,False
136,224,500,g,False
136,225,250,g,True
2021,5,3,tbsp,False
2021,6,1,pinch,False
2021,7,1,pinch,False
2021,10,200,g,False
2021,11,1,piece,False
2021,37,2,clove,False
2021,1107,1,pinch,False
2021,1173,300,ml,False
1613,6,1,pinch,False
1613,37,2,clove,False
1613,66,1,pinch,True
1613,139,1,kg,False
1613,190,200,ml,False
1613,236,400,g,False
1950,25,125,g,False
1950,26,50,g,False
1950,29,3,piece,False
1950,128,150,g,False
1950,258,1,tsp,False
1950,312,1,tsp,False
1950,541,10,g,True
1950,1304,150,g,False
2165,6,1,pinch,False
2165,25,100,g,False
2165,312,1,tsp,False
2165,541,100,g,False
2165,742,4,piece,False
2165,832,100,g,False
2165,1176,50,g,False
1890,6,1,pinch,False
1890,25,250,g,False
1890,128,150,g,False
1890,530,4,piece,False
1890,531,6,piece,False
1890,541,150,g,False
1890,1176,50,g,True
1890,1304,150,g,False
1504,6,1,pinch,False
1504,7,1,pinch,False
1504,25,50,g,False
1504,26,2,tbsp,False
1504,96,1,bunch,True
1504,168,1,piece,True
1504,1175,4,piece,False
1504,1176,100,g,False
1881,6,1,pinch,False
1881,25,40,g,False
1881,26,30,g,False
1881,128,50,g,False
1881,530,1,piece,False
1881,1176,30,g,False
2115,6,1,pinch,False
2115,14,100,g,False
2115,25,50,g,False
2115,26,250,g,False
2115,29,1,piece,False
2115,30,500,ml,False
2115,66,1,pinch,False
2115,80,100,ml,False
2115,139,500,g,False
2115,190,100,ml,False
2115,236,100,g,False
2115,242,1,pinch,False
2115,341,200,g,False
2087,18,2,tbsp,True
2087,30,1,tbsp,False
2087,80,2,cup,False
2087,306,1,slice,True
2087,359,300,g,True
2087,1394,6,piece,False
1697,6,1,tsp,False
1697,25,50,g,False
1697,26,250,g,False
1697,29,3,piece,False
1697,66,1,pinch,True
1697,80,150,ml,False
8150,5,50,ml,False
8150,6,1,pinch,False
8150,7,1,pinch,False
8150,10,3,piece,False
8150,11,1,piece,False
8150,37,3,clove,False
8150,87,1,pinch,False
8150,96,10,leaf,False
8150,101,1,tsp,False
8150,113,1,piece,False
8150,167,5,leaf,False
8150,168,1,piece,False
8150,231,100,ml,False
8150,1674,1,kg,False
8129,26,50,g,False
8129,128,150,g,False
8129,530,2,piece,False
8129,1319,200,g,False
8129,1768,1,tsp,True
7801,5,3,tbsp,False
7801,6,1,pinch,False
7801,11,1,piece,False
7801,37,2,clove,False
7801,66,1,pinch,False
7801,80,1,l,False
7801,96,1,bunch,False
7801,126,2,tbsp,False
7801,167,1,bunch,False
7801,516,4,piece,False
7801,2568,250,g,False
7709,5,4,tbsp,False
7709,6,1,pinch,False
7709,11,1,piece,False
7709,37,2,clove,False
7709,66,1,pinch,False
7709,96,1,bunch,False
7709,167,1,bunch,True
7709,168,1,piece,False
7709,231,150,ml,False
7709,516,8,piece,False
7286,5,4,tbsp,False
7286,6,1,pinch,False
7286,7,1,pinch,False
7286,11,1,piece,False
7286,37,2,clove,False
7286,80,1.5,l,False
7286,167,1,bunch,False
7286,772,250,g,False
8253,5,5,tbsp,False
8253,6,1,pinch,False
8253,10,2,piece,False
8253,33,0.5,piece,False
8253,37,3,clove,False
8253,66,1,pinch,False
8253,102,4,piece,False
8253,126,50,ml,False
8253,139,600,g,False
8253,144,2,tsp,False
8253,167,1,tbsp,False
8253,308,1,piece,False
8253,511,100,g,False
8253,682,200,g,False
8253,3039,15,piece,False
8181,5,2,tbsp,False
8181,6,1,pinch,False
8181,7,1,pinch,False
8181,37,2,clove,False
8181,101,1,tsp,False
8181,126,2,tbsp,True
8181,191,50,g,False
8181,232,400,g,False
8181,279,1,bunch,True
8181,308,100,g,True
8181,442,250,g,False
8181,487,100,g,True
8181,1818,100,g,True
8181,3189,200,g,False
7761,5,100,ml,False
7761,6,1,tsp,False
7761,26,500,g,False
7761,80,700,ml,False
7950,5,100,ml,False
7950,6,1,pinch,False
7950,26,100,g,False
7950,29,4,piece,False
7950,128,150,g,False
7950,258,2,tsp,False
7950,303,50,g,False
7950,317,100,ml,False
7950,319,1,tbsp,False
7950,832,200,g,False
8010,80,100,ml,False
8010,95,3,tbsp,False
8010,128,200,g,False
8010,303,150,g,False
8010,682,300,g,False
3559,5,100,ml,False
3559,6,1,pinch,False
3559,37,4,clove,False
3559,66,1,pinch,False
3559,96,4,leaf,False
3559,138,2,sprig,False
3559,168,1,piece,False
3559,388,4,leaf,False
3559,1153,1.5,kg,False
3495,5,2,tbsp,False
3495,6,1,pinch,False
3495,7,1,pinch,False
3495,10,200,g,False
3495,11,1,piece,False
3495,29,2,piece,False
3495,37,2,clove,False
3495,87,1,pinch,False
3495,96,1,tbsp,False
3495,151,1,piece,False
3495,182,1,piece,False
3495,306,100,g,False
3495,498,1,cup,False
3778,12,50,g,True
3778,248,100,g,False
3778,306,4,slice,True
3778,516,50,g,True
3778,562,100,g,False
3778,563,100,g,False
3778,692,50,g,True
3778,2106,100,g,True
3995,573,100,g,False
3995,901,30,ml,False
4144,5,150,ml,False
4144,6,1,tsp,False
4144,37,5,clove,False
4144,305,2,tbsp,False
3560,5,3,tbsp,False
3560,6,1,tbsp,False
3560,7,1,tsp,False
3560,11,1,piece,False
3560,37,4,clove,False
3560,105,1.5,kg,False
3560,138,2,tbsp,False
3560,144,1,tsp,False
3560,151,1,piece,False
3560,231,250,ml,False
3356,5,1,tbsp,False
3356,6,1,pinch,False
3356,7,1,pinch,False
3356,11,1,piece,False
3356,25,50,g,False
3356,26,300,g,False
3356,29,3,piece,False
3356,122,100,g,False
3356,182,1,piece,False
3356,242,1,pinch,False
3356,388,4,leaf,False
3356,1037,100,g,False
3356,1116,50,g,True
3356,2012,50,g,False
4217,6,1,pinch,False
4217,7,1,pinch,False
4217,11,1,piece,False
4217,25,100,g,False
4217,26,250,g,False
4217,29,2,piece,False
4217,151,1,piece,False
4217,182,1,piece,False
4217,191,50,g,False
4217,242,1,pinch,False
4217,367,100,g,False
4217,388,5,leaf,False
4217,1037,100,g,False
3894,5,2,tbsp,False
3894,6,1,pinch,False
3894,7,1,pinch,False
3894,168,1,piece,False
3894,2122,300,g,False
4157,80,60,ml,False
4157,128,100,g,False
4157,305,120,ml,False
8365,29,1,piece,False
8365,37,1,clove,False
8365,111,2,piece,False
8365,122,50,g,True
8365,128,1,pinch,False
8365,177,3,tbsp,False
8365,274,1,tbsp,False
8365,300,1,tbsp,False
8365,301,1,tbsp,False
8365,448,10,g,True
8365,1434,50,g,False
8365,1919,1,tsp,False
8365,3266,1,piece,False
8365,3306,200,g,False
8304,111,1,piece,False
8304,3215,600,ml,False
8304,3216,3,tbsp,False
8304,3217,5,g,True
8304,3256,100,g,False
8781,18,1,tsp,False
8781,111,1,bunch,True
8781,177,1,tbsp,False
8781,3287,150,g,False
8781,3323,4,piece,False
8344,6,5,g,False
8344,13,20,g,False
8344,80,240,ml,False
8344,111,1,bunch,False
8344,128,15,g,False
8344,165,200,g,False
8344,177,20,ml,True
8344,274,1,tbsp,False
8344,300,30,ml,False
8344,446,200,g,False
8344,448,30,g,True
8344,3244,10,g,True
8694,128,1,tsp,False
8694,151,60,g,False
8694,177,1,tbsp,False
8694,274,1,tbsp,True
8694,300,1,tbsp,False
8694,341,150,g,False
8694,499,60,g,True
8694,3215,2,tbsp,True
8694,3216,2,tbsp,False
8663,30,500,ml,False
8663,111,1,bunch,True
8663,128,1,pinch,False
8663,177,30,ml,False
8663,272,30,ml,False
8663,302,10,g,True
8663,507,2,piece,False
8663,3223,5,g,True
8663,3229,50,g,True
8663,3238,300,ml,False
8663,3240,3,tbsp,False
8667,6,1,pinch,False
8667,7,1,pinch,False
8667,30,500,ml,False
8667,37,1,clove,False
8667,111,2,piece,False
8667,122,200,g,False
8667,172,100,g,False
8667,177,1,tbsp,False
8667,300,2,tbsp,True
8667,301,1,tsp,False
8667,302,10,g,False
8667,1919,1,tsp,True
8667,3377,20,piece,False
8648,6,1,pinch,True
8648,30,500,ml,False
8648,3422,200,g,False
8670,6,1,pinch,False
8670,29,2,piece,False
8670,30,50,ml,False
8670,64,100,ml,False
8670,95,20,g,True
8670,128,30,g,False
8670,306,4,slice,False
8670,312,1,tsp,True
8670,541,10,g,True
8563,6,1,pinch,False
8563,30,100,ml,False
8563,111,2,piece,False
8563,122,150,g,False
8563,177,2,tbsp,False
8563,183,100,g,False
8563,301,1,tsp,False
8563,302,1,tsp,False
8563,401,20,piece,False
8563,407,1,pinch,False
4814,5,1,tbsp,True
4814,6,1,tsp,False
4814,10,1,piece,False
4814,11,0.5,piece,False
4814,34,1,piece,False
4814,38,1,bunch,False
4814,39,60,ml,False
4814,126,60,ml,False
4814,686,1,tsp,False
4814,2429,500,g,False
4886,7,1,tsp,False
4886,11,1,piece,False
4886,37,6,clove,False
4886,51,1,tsp,False
4886,75,2,tbsp,False
4886,177,45,ml,False
4886,324,60,ml,False
4886,1465,3,piece,False
4671,5,2,tbsp,False
4671,6,1,tsp,False
4671,7,1,tsp,False
4671,28,2,tsp,False
4671,37,4,clove,False
4671,59,1,tsp,False
4671,118,4,piece,False
4671,144,1,tsp,False
4671,324,120,ml,False
4497,6,1,pinch,True
4497,7,1,pinch,True
4497,30,2,tbsp,False
4497,37,6,clove,False
4497,61,1,kg,False
4497,75,2,tbsp,False
4497,80,1,cup,False
4497,177,0.5,cup,False
4497,221,2,leaf,False
4497,324,1,cup,False
4497,336,1,tbsp,False
4497,2336,1,tbsp,False
4507,6,1,tsp,False
4507,7,0.5,tsp,False
4507,30,2,tbsp,False
4507,37,4,clove,False
4507,59,1,tsp,False
4507,67,0.5,piece,False
4507,79,60,ml,False
4507,80,120,ml,False
4507,101,1,tsp,False
4507,376,6,piece,False
4507,623,1,pinch,True
4494,6,1,tsp,False
4494,7,0.5,tsp,False
4494,30,1,tbsp,False
4494,37,4,clove,False
4494,59,1,tsp,False
4494,75,1,tbsp,False
4494,80,120,ml,False
4494,144,1,tsp,False
4494,364,60,ml,False
4494,955,3,piece,False
4937,80,2,cup,False
4937,128,100,g,False
4937,2458,100,g,False
4938,80,1,cup,False
4938,128,100,g,False
4938,2459,200,g,False
4770,6,1,pinch,False
4770,7,1,pinch,False
4770,11,50,g,True
4770,37,2,clove,False
4770,38,10,g,False
4770,39,200,ml,False
4770,150,10,piece,True
4770,183,250,g,False
4770,308,100,g,False
4770,1465,3,piece,False
4769,6,1,tsp,False
4769,11,0.25,piece,False
4769,37,2,clove,False
4769,38,1,bunch,False
4769,39,120,ml,False
4769,80,100,ml,False
4769,183,300,g,False
4769,308,1,piece,False
4769,1192,3,piece,False
9406,5,3,tbsp,False
9406,6,1,pinch,False
9406,7,1,pinch,False
9406,11,2,piece,False
9406,37,4,clove,False
9406,80,500,ml,False
9406,221,3,leaf,False
9406,223,250,ml,False
9406,324,50,ml,False
9406,2255,200,g,False
9406,2268,1.5,kg,False
9406,3676,500,g,False
9929,6,1,pinch,False
9929,29,3,piece,False
9929,64,1.5,l,False
9929,128,200,g,False
9929,775,1,tbsp,False
9929,1978,200,g,False
9557,3699,4,piece,False
9589,6,1,pinch,False
9589,7,1,pinch,False
9589,11,1,piece,False
9589,25,30,g,False
9589,26,50,g,False
9589,29,2,piece,False
9589,30,1,l,False
9589,53,150,g,False
9589,64,500,ml,False
9589,3699,300,g,False
9651,2,12,piece,False
9651,5,2,tbsp,False
9651,6,1,pinch,True
9651,7,1,pinch,True
9651,37,2,clove,False
9651,53,0.5,cup,False
9651,96,1,bunch,True
9651,191,50,g,False
9651,3699,250,g,False
10129,25,10,g,True
10129,236,50,g,False
10129,310,2,piece,False
10129,3699,150,g,False
10066,5,2,tbsp,False
10066,6,1,pinch,False
10066,7,1,pinch,False
10066,29,2,piece,False
10066,30,500,ml,False
10066,139,400,g,False
10066,3699,300,g,False
9964,64,500,ml,False
9964,128,100,g,False
9964,774,1,tsp,False
9964,893,7,g,False
9964,3754,10,g,True
9956,25,2,tbsp,False
9956,80,0.5,cup,False
9956,128,2,cup,False
9956,303,1.5,cup,False
9956,312,1,tsp,False
9956,616,0.5,cup,False
9956,619,0.5,tsp,False
9982,6,1,pinch,False
9982,25,120,g,False
9982,26,200,g,False
9982,29,2,piece,False
9982,128,100,g,False
9982,303,20,g,True
9982,429,30,ml,False
9982,541,10,g,True
9982,832,100,g,False
5389,5,120,ml,False
5389,6,1,pinch,False
5389,7,1,pinch,False
5389,37,2,clove,False
5389,96,1,bunch,False
5389,319,1,tbsp,False
5389,692,500,g,False
5389,775,1,tbsp,False
5389,1022,30,ml,False
5389,1192,1,piece,False
5465,6,1,tsp,False
5465,7,1,tsp,False
5465,30,0.5,cup,False
5465,37,6,clove,False
5465,96,1,tbsp,True
5465,125,1.5,kg,False
5465,177,0.25,cup,False
5465,221,2,leaf,False
5465,324,0.25,cup,False
6007,317,500,ml,False
6007,485,100,ml,False
6007,842,10,piece,False
6007,862,100,ml,False
6007,880,1,slice,True
6007,887,50,ml,False
6007,2766,500,ml,False
5436,5,4,tbsp,False
5436,6,1,pinch,False
5436,7,1,pinch,False
5436,11,1,piece,False
5436,28,1,pinch,True
5436,37,4,clove,False
5436,96,1,bunch,False
5436,114,2,tbsp,False
5436,211,1,piece,False
5436,1178,400,g,False
5297,5,100,ml,False
5297,6,1,pinch,False
5297,7,1,pinch,False
5297,37,2,clove,False
5297,303,100,g,False
5297,306,80,g,False
5297,429,500,ml,False
5297,912,30,ml,False
5297,1102,50,g,True
6022,5,100,ml,False
6022,6,1,pinch,False
6022,37,2,clove,False
6022,80,750,ml,False
6022,255,100,g,False
6022,303,200,g,False
6022,912,30,ml,False
6022,1040,50,g,True
6022,1097,50,g,True
5787,5,120,ml,False
5787,6,1,pinch,False
5787,37,3,clove,False
5343,5,70,ml,False
5343,6,1,pinch,False
5343,7,1,pinch,False
5343,37,1,clove,False
5343,80,500,ml,False
5343,255,100,g,False
5343,998,400,g,False
6211,5,2,tbsp,False
6211,6,1,pinch,False
6211,7,1,pinch,False
6211,10,150,g,False
6211,37,3,clove,False
6211,67,1,piece,False
6211,96,1,bunch,False
6211,306,4,slice,True
6211,479,500,g,False
6211,2704,200,ml,False
5553,5,3,tbsp,False
5553,6,1,pinch,True
5553,7,1,pinch,False
5553,10,400,g,False
5553,11,1,piece,False
5553,29,1,piece,False
5553,37,3,clove,False
5553,64,100,ml,False
5553,96,1,bunch,False
5553,306,2,slice,False
5553,1005,500,g,False
2942,6,1,pinch,False
2942,37,3,clove,False
2942,213,2,piece,False
2942,646,1,tsp,False
2942,1159,2,tbsp,False
2942,1435,3,leaf,False
2942,1441,1,piece,False
2942,1466,2,piece,False
2942,1563,1,piece,False
2942,1804,1,piece,False
2803,6,1,tsp,False
2803,80,100,ml,False
2803,128,50,g,False
2803,308,1,piece,False
2803,324,100,ml,False
2803,686,1,piece,True
2926,34,1,piece,False
2926,64,250,ml,False
2926,128,2,tbsp,False
2926,460,100,g,False
2554,37,6,clove,False
2554,61,500,g,False
2554,80,3,cup,False
2554,121,1,piece,True
2554,128,30,g,False
2554,177,60,ml,False
2554,225,400,g,False
2554,324,30,ml,True
2554,407,2,tsp,False
2554,524,2,piece,True
2554,1158,5,tsp,False
2554,1159,20,ml,True
2554,1442,3,piece,False
2554,1591,1000,g,False
2554,1617,200,g,False
2554,1631,30,g,True
2554,2282,100,g,True
2502,6,1,pinch,False
2502,37,3,clove,False
2502,111,1,piece,False
2502,121,0.5,piece,True
2502,225,150,g,False
2502,257,500,ml,False
2502,286,1,tsp,True
2502,354,100,g,False
2502,407,1,tsp,False
2502,1521,50,g,False
2920,650,500,ml,False
2920,845,1,sprig,True
2920,1436,50,g,False
2920,1795,200,g,False
2920,1796,1,slice,True
2729,128,1,tbsp,False
2729,177,3,tbsp,False
2729,299,2,tbsp,False
2729,320,100,g,False
2729,342,10,piece,False
2729,1158,1,tsp,False
2729,1503,50,g,False
2729,1550,4,piece,False
2729,1654,500,g,False
2729,1681,100,g,False
2729,1700,100,g,False
2729,1701,10,piece,False
3020,25,20,g,False
3020,37,4,clove,False
3020,38,1,bunch,False
3020,39,1,tbsp,False
3020,111,2,piece,False
3020,128,1,tsp,False
3020,286,1,pinch,False
3020,454,12,piece,False
3020,1159,2,tbsp,False
2525,29,1,piece,False
2525,30,2,tbsp,False
2525,37,2,clove,False
2525,111,1,piece,True
2525,125,100,g,True
2525,225,150,g,False
2525,299,1,tbsp,False
2525,367,100,g,True
2525,407,1,pinch,False
2525,1506,100,g,False
2525,1507,1,tbsp,False
2534,6,1,pinch,False
2534,37,2,clove,False
2534,38,5,leaf,False
2534,111,2,piece,False
2534,177,1,tbsp,False
2534,183,150,g,False
2534,225,200,g,False
2534,257,1,cup,False
2534,301,1,tsp,False
2534,401,20,piece,False
2534,407,1,pinch,False
6632,303,150,g,False
6632,530,2,piece,False
6632,541,150,g,False
6632,774,1,tsp,True
6632,1325,15,piece,True
6632,2955,100,g,False
6466,5,3,tbsp,False
6466,6,1,pinch,False
6466,7,1,pinch,False
6466,10,4,piece,False
6466,11,1,piece,False
6466,37,2,clove,False
6466,96,1,bunch,False
6466,114,2,tbsp,False
6466,126,2,tbsp,False
6466,134,1,tsp,False
6466,656,2,piece,False
6466,2912,1,tbsp,False
6466,2913,1,tbsp,True
6996,6,5,g,False
6996,25,40,g,False
6996,26,500,g,False
6996,29,1,piece,False
6996,30,30,ml,False
6996,64,250,ml,False
6996,128,15,g,False
6996,274,5,g,True
6996,339,5,g,True
6996,661,10,g,False
6696,6,1,tsp,False
6696,25,30,g,False
6696,26,500,g,False
6696,29,1,piece,False
6696,30,50,ml,False
6696,64,250,ml,False
6696,128,1,tbsp,False
6696,657,10,g,False
6696,2296,200,g,False
6696,2974,2,tbsp,False
6640,6,1,tsp,False
6640,25,50,g,False
6640,26,500,g,False
6640,29,1,piece,False
6640,64,250,ml,False
6640,128,50,g,False
6640,657,7,g,False
6582,80,250,ml,False
6582,128,1,tsp,True
6582,2961,3,tsp,False
6798,5,3,tbsp,False
6798,6,1,tsp,False
6798,7,1,tsp,False
6798,10,3,piece,False
6798,11,2,piece,False
6798,28,1,tbsp,False
6798,37,4,clove,False
6798,50,500,g,False
6798,80,250,ml,False
6798,96,1,bunch,True
6798,114,2,tbsp,False
6798,134,1,tbsp,False
6798,689,200,g,False
6678,27,150,g,False
6678,80,1,l,False
6678,128,200,g,False
6678,879,300,g,False
6678,1319,50,g,True
6678,2969,100,ml,False
6280,6,1,tsp,False
6280,7,1,tsp,False
6280,11,1,piece,False
6280,28,1,tsp,False
6280,37,2,clove,False
6280,50,500,g,False
6280,59,1,tsp,False
6280,96,20,g,False
6280,134,1,tbsp,False
6280,1069,6,piece,False
6826,6,1,tsp,False
6826,7,1,tsp,False
6826,10,2,piece,False
6826,11,1,piece,False
6826,28,1,tsp,False
6826,37,2,clove,False
6826,50,500,g,False
6826,59,1,tsp,False
6826,96,1,bunch,False
6826,134,1,tbsp,False
6826,656,1,piece,False
6826,659,4,piece,False
6826,2873,1,tbsp,False
6826,3010,4,piece,False
213,6,1,pinch,False
213,7,1,pinch,False
213,11,1,piece,False
213,29,2,piece,False
213,30,3,tbsp,False
213,37,2,clove,False
213,68,300,g,False
213,111,2,piece,True
213,177,3,tbsp,False
213,299,1,tbsp,True
213,325,2,cup,False
213,326,1,cup,False
206,11,1,piece,False
206,27,1,tsp,False
206,30,2,tbsp,False
206,37,2,clove,False
206,68,500,g,False
206,75,1,tbsp,False
206,80,60,ml,False
206,111,1,piece,True
206,113,1,piece,False
206,151,1,piece,False
206,177,3,tbsp,False
206,299,2,tbsp,False
206,302,1,tbsp,False
804,6,1,pinch,False
804,10,0.5,piece,True
804,11,1,piece,False
804,17,2,tbsp,False
804,29,2,piece,False
804,30,2,tbsp,False
804,37,2,clove,False
804,66,1,pinch,False
804,151,1,piece,False
804,177,2,tbsp,False
804,239,300,g,False
804,282,100,g,True
804,308,0.5,piece,True
804,443,50,g,True
804,771,2,piece,True
709,5,1,tbsp,False
709,6,1,pinch,False
709,7,1,pinch,False
709,8,100,g,False
709,11,1,piece,False
709,14,100,g,False
709,29,6,piece,False
709,64,50,ml,False
709,113,1,piece,False
784,5,2,tbsp,False
784,6,1,pinch,False
784,8,30,g,True
784,9,150,g,False
784,10,2,piece,False
784,33,0.25,piece,False
784,66,1,pinch,False
784,151,1,piece,True
784,297,10,piece,True
784,308,1,piece,False
784,324,1,tbsp,False
784,378,3,piece,True
24,4,4,piece,False
24,5,1,tbsp,True
24,6,1,tsp,False
24,7,1,tsp,False
24,8,4,slice,False
24,9,4,leaf,False
24,10,1,piece,False
24,11,1,piece,False
24,13,4,tbsp,True
24,33,0.25,piece,False
24,37,2,clove,False
24,50,500,g,False
24,51,1,tsp,False
603,5,2,tbsp,False
603,6,1,tsp,False
603,26,400,g,False
603,80,300,ml,False
603,128,1,tsp,False
603,180,150,g,False
603,232,200,g,False
603,279,10,leaf,False
603,426,1,tbsp,False
603,657,7,g,False
264,6,1,pinch,False
264,30,2,tbsp,False
264,37,2,clove,False
264,66,1,pinch,False
264,80,100,ml,False
264,111,2,piece,False
264,122,500,g,False
264,172,200,g,False
264,177,2,tbsp,False
264,300,2,tbsp,True
264,301,1,tbsp,False
264,302,1,tbsp,False
264,380,40,piece,False
264,381,1,tsp,True
258,6,1,pinch,False
258,11,1,piece,False
258,29,2,piece,False
258,30,2,tbsp,False
258,37,2,clove,False
258,66,1,pinch,False
258,111,2,piece,True
258,177,3,tbsp,False
258,239,3,cup,False
258,299,1,tbsp,False
258,367,300,g,False
254,7,1,pinch,False
254,11,1,piece,False
254,27,1,tbsp,False
254,30,3,tbsp,False
254,37,2,clove,False
254,61,400,g,False
254,113,1,piece,False
254,177,3,tbsp,False
254,299,2,tbsp,False
254,316,1,tbsp,False
1215,7,1,pinch,False
1215,13,60,g,False
1215,37,1,clove,False
1215,124,1,tsp,False
1215,126,1,tbsp,False
1215,159,170,g,False
1215,914,4,piece,False
1769,6,1,pinch,False
1769,8,100,g,True
1769,11,1,piece,True
1769,18,1,tbsp,True
1769,25,100,g,False
1769,26,200,g,False
1769,29,1,piece,True
1769,113,1,piece,True
1769,391,200,g,False
1769,429,60,ml,False
1906,6,1,pinch,False
1906,25,125,g,False
1906,26,250,g,False
1906,29,1,piece,False
1906,53,50,g,False
1906,126,15,ml,False
1906,128,100,g,False
1906,242,0.5,tsp,False
1906,335,2,tsp,False
1906,429,60,ml,False
1906,643,6,piece,False
1900,25,20,g,False
1900,26,100,g,False
1900,29,3,piece,False
1900,64,250,ml,False
1900,128,100,g,False
1900,312,1,tsp,False
1900,335,1,tsp,True
1900,643,4,piece,False
1807,25,30,g,False
1807,29,1,piece,False
1807,128,3,tbsp,False
1807,246,1,packet,False
1807,335,1,tsp,False
1807,643,4,piece,False
1862,6,1,pinch,False
1862,29,1,piece,False
1862,128,50,g,False
1862,246,250,g,False
1862,335,1,tsp,False
1862,643,2,piece,False
1923,80,100,ml,False
1923,128,50,g,True
1923,335,1,tsp,True
1923,643,1,kg,False
1869,29,1,piece,False
1869,128,1,tbsp,True
1869,246,250,g,False
1869,830,100,g,False
1869,1290,6,piece,False
1796,126,2,tbsp,False
1796,128,2,tbsp,False
1796,830,100,g,False
1796,1288,1,piece,False
1796,1290,500,g,False
2114,5,2,tbsp,False
2114,6,1,tsp,False
2114,7,1,tsp,False
2114,37,2,clove,False
2114,96,1,bunch,False
2114,122,400,g,False
2114,160,1,bunch,False
2114,242,0.5,tsp,False
2114,341,200,g,False
2114,558,100,g,False
2114,993,1,piece,False
2114,1405,1,piece,True
8023,6,1,pinch,False
8023,128,150,g,False
8023,530,1,piece,False
8023,832,200,g,False
8023,1305,1,tbsp,False
8023,3158,30,g,True
8159,5,3,tbsp,False
8159,6,1,tsp,False
8159,7,1,tsp,False
8159,10,2,piece,False
8159,11,1,piece,False
8159,37,2,clove,False
8159,80,2,l,False
8159,96,1,bunch,False
8159,139,1,piece,False
8159,151,1,piece,False
8159,168,1,piece,True
8159,182,1,piece,False
8159,221,1,piece,False
8159,510,100,g,False
8159,1174,600,g,False
8159,1177,1,piece,False
8159,1195,1,piece,False
8170,5,3,tbsp,False
8170,6,1,pinch,False
8170,7,1,pinch,False
8170,11,1,piece,False
8170,37,3,clove,False
8170,80,300,ml,False
8170,96,1,bunch,False
8170,101,1,tsp,False
8170,139,600,g,False
8170,223,150,ml,False
8170,232,400,g,False
8170,2074,800,g,False
7907,26,60,g,False
7907,29,1,piece,False
7907,128,200,g,False
7907,258,5,g,False
7907,303,300,g,False
7907,317,30,ml,False
7907,319,1,tbsp,False
7907,530,1,piece,True
7907,2169,20,g,True
8162,5,2,tbsp,False
8162,6,1,pinch,False
8162,7,1,pinch,False
8162,10,1,piece,False
8162,11,1,piece,False
8162,29,4,piece,False
8162,96,1,bunch,False
8162,139,150,g,False
7470,5,100,ml,False
7470,6,1,tbsp,False
7470,37,3,clove,True
7470,66,1,tsp,False
7470,138,1,tbsp,True
7470,144,1,tbsp,True
7470,168,1,piece,True
7470,2071,1,kg,False
7528,6,60,g,False
7528,7,2,tbsp,False
7528,61,1,kg,False
7528,144,1,bunch,True
7528,188,2,tbsp,False
7528,197,1,bunch,True
7528,3114,100,g,True
8231,5,100,ml,False
8231,6,1,tsp,False
8231,7,1,tsp,False
8231,11,2,piece,False
8231,25,50,g,False
8231,26,250,g,False
8231,30,1,l,False
8231,37,4,clove,False
8231,61,1.5,kg,False
8231,64,100,ml,False
8231,80,250,ml,False
8231,95,100,ml,False
8231,128,2,tbsp,False
8231,139,1,kg,False
8231,144,2,tbsp,False
8231,335,1,tsp,False
8231,486,1,piece,False
8231,507,1,piece,False
8231,661,7,g,False
8231,2107,1,piece,False
7704,5,4,tbsp,False
7704,6,1,pinch,False
7704,7,1,pinch,False
7704,11,1,piece,False
7704,37,2,clove,False
7704,80,500,ml,False
7704,114,3,tbsp,False
7704,167,2,tbsp,True
7704,443,500,g,False
7802,5,3,tbsp,False
7802,6,1,pinch,False
7802,7,1,pinch,False
7802,10,2,piece,False
7802,11,1,piece,False
7802,37,2,clove,False
7802,80,1.5,l,False
7802,96,1,bunch,False
7802,114,1,tbsp,False
7802,443,250,g,False
4089,80,500,ml,False
4089,128,150,g,False
4089,774,1,tsp,False
4022,6,1,pinch,False
4022,128,2,tbsp,False
4022,530,1,piece,False
4022,541,150,g,False
4022,774,1,tsp,False
4022,832,150,g,False
4183,126,30,ml,False
4183,168,1,slice,True
4183,761,1,piece,True
4183,860,15,ml,False
4183,2195,60,ml,False
4136,5,2,tbsp,False
4136,6,1,pinch,False
4136,7,1,pinch,False
4136,37,1,clove,False
4136,1465,1,tsp,False
4136,1942,150,g,False
4136,1958,400,g,False
4136,2184,50,g,False
4181,856,30,ml,False
4181,880,1,slice,False
4181,2191,30,ml,False
4181,2193,60,ml,False
4016,6,1,pinch,False
4016,25,115,g,False
4016,26,125,g,False
4016,29,3,piece,False
4016,64,120,ml,False
4016,128,200,g,False
4016,258,2,tsp,False
4016,312,1,tsp,False
4016,775,1,tbsp,False
4016,2069,125,g,False
3826,5,2,tbsp,False
3826,7,1,pinch,True
3826,37,1,clove,True
3826,96,1,tbsp,True
3826,310,4,piece,False
3826,914,12,piece,False
3659,5,2,tbsp,False
3659,6,1,pinch,True
3659,7,1,pinch,True
3659,96,1,tbsp,True
3659,168,1,piece,False
3659,914,200,g,False
4151,5,3,tbsp,False
4151,7,1,pinch,False
4151,37,1,clove,False
4151,126,1,tbsp,False
4151,914,8,piece,False
4214,1,300,g,False
4214,5,2,tbsp,False
4214,6,1,pinch,False
4214,7,1,pinch,False
4214,10,400,g,False
4214,11,1,piece,False
4214,37,2,clove,False
4214,87,1,tsp,False
4214,101,1,tsp,False
4214,114,2,tbsp,False
4214,180,200,g,False
4214,191,100,g,False
4214,2000,400,g,False
8793,30,100,ml,False
8793,111,1,bunch,True
8793,177,30,ml,False
8793,1483,300,g,False
8793,3229,150,g,False
8548,30,500,ml,False
8548,111,1,piece,False
8548,128,1,tsp,False
8548,177,2,tbsp,False
8548,272,2,tbsp,False
8548,302,1,tsp,False
8548,1483,300,g,False
8548,3229,50,g,False
8548,3238,300,ml,False
8548,3240,3,tbsp,False
9223,30,500,ml,False
9223,111,2,piece,False
9223,177,3,tbsp,False
9223,272,2,tbsp,False
9223,1509,400,g,False
9223,3215,300,ml,False
9223,3223,5,g,False
9223,3240,3,tbsp,False
9223,3419,50,g,False
9011,6,1,pinch,False
9011,26,200,g,False
9011,30,500,ml,False
9011,80,100,ml,False
9011,128,50,g,False
9011,258,5,g,False
9011,3510,200,g,False
8546,6,1,pinch,False
8546,7,1,pinch,False
8546,26,100,g,False
8546,29,1,piece,False
8546,30,500,ml,False
8546,163,150,g,False
8546,168,1,piece,True
8546,172,100,g,True
8546,3085,2,piece,False
8546,3375,50,ml,True
8502,6,1,tbsp,False
8502,168,1,slice,True
8502,1587,50,g,True
8502,3085,1,piece,False
8769,29,4,piece,False
8769,80,100,ml,False
8769,128,15,g,False
8769,177,100,ml,False
8769,272,100,ml,False
9119,26,150,g,False
9119,29,6,piece,False
9119,30,2,tbsp,False
9119,80,300,ml,False
9119,1218,150,g,False
9119,3215,300,ml,False
9217,6,1,pinch,False
9217,125,150,g,False
9217,151,50,g,False
9217,177,2,tbsp,False
9217,239,2,cup,False
9217,272,1,tbsp,False
9217,273,1,ml,False
9217,1503,3,piece,False
9217,3225,50,g,False
9217,3230,1,bunch,True
9217,3238,360,ml,False
8968,80,1,l,False
8968,128,300,g,False
8968,3348,200,g,False
4567,6,1,pinch,False
4567,33,0.5,piece,False
4567,34,1,piece,False
4567,37,1,clove,False
4567,38,1,bunch,False
4567,80,100,ml,False
4567,121,150,ml,False
4567,183,300,g,False
4567,308,1,piece,False
4567,378,3,piece,False
4567,524,3,piece,False
4567,528,6,piece,False
4771,6,1,tsp,False
4771,33,0.5,piece,False
4771,37,2,clove,False
4771,38,1,bunch,False
4771,39,150,ml,False
4771,60,3,piece,False
4771,183,500,g,False
4771,308,1,piece,False
4981,6,1,pinch,False
4981,7,1,pinch,False
4981,10,1,piece,False
4981,11,1,piece,False
4981,14,100,g,False
4981,30,2,tbsp,False
4981,58,1,tsp,True
4981,113,1,piece,False
4981,176,400,g,False
4981,235,4,piece,True
4981,236,150,g,False
4982,6,1,tsp,False
4982,7,0.5,tsp,False
4982,11,1,piece,False
4982,37,2,clove,False
4982,38,1,bunch,True
4982,46,150,g,False
4982,59,1,tsp,False
4982,61,500,g,False
4982,113,1,piece,False
4982,120,6,piece,True
4982,121,1,piece,True
4982,144,1,tsp,False
4982,364,15,ml,False
4982,376,3,piece,False
4982,875,120,ml,False
4982,2245,20,g,False
4980,6,1,pinch,False
4980,7,1,pinch,False
4980,8,150,g,False
4980,10,1,piece,False
4980,11,1,piece,False
4980,30,2,tbsp,False
4980,38,1,bunch,False
4980,68,500,g,False
4980,113,1,piece,False
4980,121,1,piece,True
4980,141,50,g,True
4980,235,4,piece,True
4980,294,50,g,True
4619,1,500,g,False
4619,5,1,tbsp,True
4619,6,1,tsp,False
4619,7,0.5,tsp,False
4619,11,1,piece,False
4619,29,1,piece,False
4619,37,2,clove,False
4619,96,1,bunch,False
4619,325,0.5,cup,False
4617,1,250,g,False
4617,6,1,tsp,False
4617,7,0.5,tsp,False
4617,10,2,piece,False
4617,11,0.5,piece,False
4617,29,1,piece,False
4617,30,2,tbsp,False
4617,37,2,clove,False
4617,64,100,ml,False
4617,96,1,bunch,False
4617,122,250,g,False
4617,257,250,ml,False
4617,306,50,g,False
4617,2231,2,can,False
4615,1,500,g,False
4615,5,3,tbsp,False
4615,6,1,tsp,False
4615,7,1,tsp,False
4615,11,1,piece,False
4615,37,3,clove,False
4615,96,1,bunch,False
4615,128,1,tsp,False
4615,307,400,ml,False
4615,325,100,g,False
5020,80,80,ml,False
5020,2319,150,g,False
5020,2485,100,g,False
4809,5,2,tbsp,False
4809,6,1,pinch,False
4809,7,1,pinch,False
4809,11,1,piece,False
4809,37,3,clove,False
4809,96,1,bunch,False
4809,231,150,ml,False
4809,2427,1,kg,False
9976,303,250,g,False
9976,530,1,piece,False
9976,541,200,g,False
9660,5,2,tbsp,False
9660,6,1,pinch,False
9660,37,2,clove,False
9660,80,250,ml,False
9660,96,1,sprig,True
9660,303,150,g,False
9660,335,1,pinch,True
9660,407,1,pinch,False
9660,498,500,ml,False
9965,26,60,g,False
9965,29,4,piece,False
9965,128,200,g,False
9965,303,200,g,False
9965,541,20,g,True
9965,880,2,piece,False
10148,6,1,pinch,False
10148,64,1,l,False
10148,80,500,ml,False
10148,128,150,g,False
10148,239,150,g,False
10148,335,1,tsp,False
10148,344,1,piece,False
10148,531,2,piece,False
10148,775,1,piece,False
9622,5,2,tbsp,False
9622,6,1,pinch,False
9622,11,1,piece,False
9622,37,2,clove,False
9622,66,1,pinch,False
9622,96,1,bunch,False
9622,126,1,tbsp,False
9622,239,1.5,cup,False
9622,498,3,cup,False
9622,975,300,g,False
9790,5,2,tbsp,False
9790,6,1,pinch,False
9790,7,1,pinch,False
9790,42,100,g,False
9790,126,1,tbsp,False
9790,191,20,g,True
9790,3706,80,g,False
9621,5,2,tbsp,False
9621,6,1,pinch,False
9621,11,1,piece,False
9621,37,2,clove,False
9621,66,1,pinch,False
9621,96,1,tbsp,True
9621,217,200,g,False
9621,239,1,cup,False
9621,498,2,cup,False
9798,5,2,tbsp,False
9798,6,1,pinch,False
9798,7,1,pinch,False
9798,29,4,piece,False
9798,96,2,tbsp,False
9798,126,1,tbsp,False
9798,215,1,tsp,False
9798,217,300,g,False
10114,5,2,tbsp,False
10114,6,1,pinch,False
10114,7,1,pinch,False
10114,33,0.25,piece,False
10114,34,1,piece,False
10114,38,5,leaf,False
10114,39,30,ml,False
10114,183,200,g,False
9921,6,1,pinch,False
9921,26,250,g,False
9921,30,500,ml,False
9921,80,60,ml,False
9921,128,150,g,False
9921,335,1,tsp,False
9921,385,100,g,False
9921,530,1,piece,False
9921,541,50,g,False
9921,775,1,tbsp,False
9921,832,200,g,False
9921,1305,1,tbsp,False
5551,1,250,g,False
5551,5,3,tbsp,False
5551,6,1,pinch,False
5551,7,1,pinch,False
5551,11,1,piece,False
5551,28,1,tsp,False
5551,29,1,piece,False
5551,37,2,clove,False
5551,53,1,cup,False
5551,96,0.5,bunch,False
5551,114,2,tbsp,False
5551,115,250,ml,False
5551,122,250,g,False
5551,2664,2,piece,False
5867,6,1,pinch,False
5867,25,120,g,False
5867,26,150,g,False
5867,27,50,g,False
5867,95,2,tbsp,False
5867,128,100,g,False
5867,258,1,tsp,False
5867,312,1,tsp,False
5867,531,1,piece,False
5867,541,10,g,True
5867,832,50,g,False
5867,2512,200,g,True
5766,5,200,ml,False
5766,6,1,pinch,False
5766,37,4,clove,False
5701,5,100,ml,False
5701,6,1,pinch,False
5701,7,1,pinch,False
5701,10,150,g,False
5701,37,8,clove,False
5701,80,500,ml,False
5701,96,1,bunch,False
5701,303,50,g,False
5701,1172,1,kg,False
5701,2619,2,tsp,False
5999,5,4,tbsp,False
5999,6,1,pinch,False
5999,7,1,pinch,False
5999,28,2,tsp,False
5999,37,6,clove,False
5999,303,30,g,False
5999,1172,500,g,False
5999,1173,500,ml,False
5385,5,4,tbsp,False
5385,6,1,pinch,False
5385,37,4,clove,False
5385,96,1,bunch,False
5385,126,2,tbsp,False
5385,231,100,ml,False
5385,318,1,tsp,False
5385,399,1,kg,False
6252,5,2,tbsp,False
6252,6,1,pinch,False
6252,37,3,clove,False
6252,80,500,ml,False
6252,96,10,g,False
6252,168,1,piece,True
6252,399,1,kg,False
5688,5,3,tbsp,False
5688,6,1,pinch,False
5688,10,2,piece,False
5688,11,1,piece,False
5688,37,3,clove,False
5688,96,1,bunch,False
5688,231,150,ml,False
5688,399,1,kg,False
5688,2042,200,g,False
5688,2533,600,ml,False
5707,5,4,tbsp,False
5707,6,1,pinch,False
5707,7,1,pinch,False
5707,37,4,clove,False
5707,38,1,bunch,False
5707,126,50,ml,False
5707,231,100,ml,False
5707,399,1,kg,False
5899,6,1,pinch,False
5899,128,150,g,False
5899,303,200,g,False
5899,530,2,piece,False
3038,7,1,pinch,False
3038,30,2,tbsp,False
3038,37,3,clove,False
3038,38,1,bunch,True
3038,111,2,leaf,True
3038,183,200,g,False
3038,225,200,g,False
3038,257,1,cup,False
3038,401,20,piece,False
3038,1507,2,tbsp,False
3038,1875,1,tbsp,True
2521,6,1,pinch,False
2521,37,2,clove,False
2521,111,2,piece,False
2521,122,200,g,False
2521,177,1,tbsp,False
2521,225,250,g,False
2521,257,1,cup,False
2521,401,20,piece,False
2521,407,1,pinch,False
3143,6,1,pinch,False
3143,30,1,tbsp,False
3143,37,3,clove,False
3143,122,200,g,False
3143,177,1,tbsp,False
3143,225,200,g,False
3143,301,1,tsp,False
3143,381,1,tbsp,True
3143,401,20,piece,False
3143,407,1,pinch,False
3143,1856,1,tbsp,True
3143,1906,150,g,False
3143,1907,100,g,True
3143,1908,1,tbsp,False
3143,1909,500,ml,False
2526,11,1,piece,False
2526,37,3,clove,False
2526,38,1,bunch,False
2526,111,2,piece,False
2526,128,1,tsp,True
2526,177,2,tbsp,True
2526,225,200,g,False
2526,1007,250,g,False
2526,1497,1,tbsp,False
2526,1598,2,tbsp,True
2526,1616,500,g,False
2526,1617,150,g,False
2854,6,1,pinch,False
2854,26,50,g,False
2854,30,500,ml,False
2854,128,50,g,False
2854,571,2,piece,False
2854,783,150,ml,False
2854,1589,100,g,False
2808,37,1,clove,False
2808,39,1,tbsp,False
2808,54,100,g,False
2808,58,1,tsp,True
2808,75,1,tbsp,False
2808,177,2,tbsp,False
2808,571,1,piece,False
2808,783,200,ml,False
2821,6,1,pinch,False
2821,80,200,ml,False
2821,128,100,g,False
2821,571,2,piece,False
2821,783,400,ml,False
2629,37,3,clove,False
2629,59,1,tsp,False
2629,128,1,tbsp,False
2629,155,1,tsp,False
2629,176,500,g,False
2629,177,2,tbsp,False
2629,646,1,tsp,False
2629,783,120,ml,False
2629,1069,10,piece,False
2629,1108,2,tsp,False
2916,80,1500,ml,False
2916,128,100,g,False
2916,1791,50,g,False
2816,6,1,pinch,False
2816,80,2,cup,False
2816,128,100,g,False
2816,783,400,ml,False
2816,1559,1,cup,False
6703,6,1,pinch,False
6703,80,1,l,False
6703,151,150,g,False
6703,1054,500,g,False
6703,2909,100,g,False
7217,1,500,g,False
7217,5,3,tbsp,False
7217,6,1,tsp,False
7217,7,0.5,tsp,False
7217,11,1,piece,False
7217,25,2,tbsp,False
7217,29,1,piece,False
7217,53,0.5,cup,False
7217,59,0.5,tsp,False
7217,64,100,ml,False
7217,80,200,ml,False
7217,96,1,bunch,True
7217,114,2,tbsp,False
7217,168,1,piece,True
7217,306,4,slice,False
7217,656,2,piece,True
7222,5,100,ml,False
7222,6,1,pinch,False
7222,7,1,pinch,False
7222,10,300,g,False
7222,11,1,piece,False
7222,37,3,clove,False
7222,80,300,ml,False
7222,87,1,tsp,False
7222,96,1,bunch,False
7222,101,1,tsp,False
7222,114,2,tbsp,False
7222,126,1,tbsp,True
7222,139,150,g,False
7222,151,150,g,False
7222,486,200,g,False
7222,499,100,g,False
7222,507,200,g,False
6793,64,2,l,False
7204,80,500,ml,False
7204,126,10,ml,False
7204,128,350,g,False
7204,1319,30,g,True
7204,2960,200,g,False
7204,3070,300,g,False
6753,1,1000,g,False
6753,6,30,g,False
6753,7,5,g,False
6753,28,15,g,False
6753,37,30,g,False
6753,59,15,g,False
6753,134,10,g,False
6753,429,100,ml,False
6753,1669,3,ml,False
7215,1,500,g,False
7215,6,1,tsp,False
7215,7,1,tsp,False
7215,11,1,piece,False
7215,30,3,tbsp,False
7215,37,2,clove,False
7215,53,0.5,cup,False
7215,59,0.5,tsp,False
7215,96,1,bunch,False
7215,134,1,tsp,False
6935,5,2,tbsp,False
6935,6,1,pinch,False
6935,7,1,pinch,False
6935,10,2,piece,False
6935,11,1,piece,False
6935,37,3,clove,False
6935,80,100,ml,False
6935,96,1,bunch,False
6935,101,1,pinch,False
6935,113,1,piece,False
6935,139,2,piece,False
6935,151,2,piece,False
6935,223,250,ml,False
6935,1218,1,kg,False
7266,5,3,tbsp,False
7266,6,10,g,False
7266,7,1,tsp,False
7266,80,3,l,False
7266,96,1,bunch,False
7266,168,1,piece,False
7266,1218,1,kg,False
6353,5,60,ml,False
6353,6,1,pinch,False
6353,7,1,pinch,False
6353,33,1,piece,False
6353,37,2,clove,False
6353,96,1,bunch,False
6353,126,30,ml,False
6353,503,50,g,False
6353,1218,1,kg,False
1118,6,1,pinch,False
1118,7,1,pinch,False
1118,11,1,piece,False
1118,25,1,tbsp,False
1118,30,2,tbsp,False
1118,239,1.5,cup,False
1118,257,3,cup,False
662,13,200,g,False
662,17,50,g,False
662,29,4,piece,False
662,55,8,piece,False
662,96,1,bunch,True
662,151,1,piece,True
662,310,12,piece,False
662,691,8,piece,False
662,692,10,piece,True
371,1,500,g,False
371,5,2,tbsp,False
371,6,1,pinch,False
371,7,1,pinch,False
371,11,1,piece,False
371,37,2,clove,False
371,101,1,tsp,False
371,151,1,piece,False
371,182,1,piece,False
371,191,50,g,True
371,232,400,ml,False
371,234,1,tsp,False
371,281,400,g,False
371,307,400,ml,False
752,6,1,pinch,False
752,25,30,g,False
752,26,125,g,False
752,29,2,piece,False
752,64,300,ml,False
752,128,15,g,False
384,1,500,g,False
384,5,2,tbsp,False
384,6,1,tsp,False
384,7,1,tsp,False
384,8,100,g,False
384,11,1,piece,False
384,28,1,tbsp,False
384,37,2,clove,False
384,80,2,cup,False
384,101,1,tsp,False
384,124,1,tbsp,False
384,142,400,g,False
384,161,250,g,False
384,210,1,piece,False
384,307,400,ml,False
911,121,1,piece,False
911,128,2,tsp,False
911,460,150,g,False
911,845,6,leaf,False
911,868,60,ml,False
911,869,120,ml,False
461,6,1,tsp,False
461,7,1,tsp,False
461,11,1,piece,False
461,30,2,tbsp,False
461,34,0.5,piece,True
461,37,3,clove,False
461,38,0.5,bunch,True
461,59,1,tsp,False
461,60,1,piece,True
461,61,500,g,False
461,101,1,tsp,False
461,121,1,piece,True
461,142,400,g,False
461,172,1,cup,True
461,257,1.5,cup,False
461,378,3,piece,True
461,546,250,g,False
740,6,1,pinch,False
740,26,270,g,False
740,29,1,piece,False
740,64,15,ml,True
740,69,180,ml,False
740,74,85,g,False
740,128,50,g,False
740,258,2,tsp,False
740,619,0.5,tsp,False
1071,1,500,g,False
1071,5,2,tbsp,False
1071,6,1,pinch,False
1071,7,1,pinch,False
1071,11,1,piece,False
1071,25,1,tbsp,True
1071,37,2,clove,False
1071,96,1,tbsp,True
1071,101,1,tsp,False
1071,114,2,tbsp,False
1071,115,250,ml,False
1071,151,1,piece,False
1071,182,1,piece,False
1071,191,50,g,True
1071,234,1,tsp,False
1071,281,400,g,False
1071,508,400,g,False
367,5,1,tbsp,False
367,6,1,pinch,False
367,7,1,tsp,False
367,8,100,g,False
367,14,150,g,False
367,29,4,piece,False
367,191,50,g,False
367,281,400,g,False
1239,5,3,tbsp,False
1239,6,1,pinch,False
1239,11,1,piece,False
1239,37,2,clove,False
1239,66,1,pinch,False
1239,87,1,tsp,False
1239,96,1,bunch,False
1239,151,1,piece,False
1239,168,1,piece,False
1239,182,1,piece,False
1239,231,250,ml,False
1239,498,500,ml,False
1239,516,8,piece,False
1241,6,1,pinch,False
1241,25,100,g,False
1241,126,2,tbsp,False
1241,190,100,ml,False
1241,217,500,g,False
1241,407,1,pinch,True
1241,531,3,piece,False
2015,6,1,pinch,True
2015,25,50,g,False
2015,66,1,pinch,True
2015,114,60,g,False
2015,190,120,ml,False
1680,2,200,g,False
1680,5,2,tbsp,False
1680,6,1,pinch,False
1680,11,1,piece,False
1680,37,2,clove,False
1680,66,1,pinch,False
1680,87,1,tsp,False
1680,96,1,tbsp,False
1680,151,2,piece,False
1680,1256,300,g,False
2069,6,1,pinch,False
2069,7,1,pinch,False
2069,26,150,g,False
2069,29,2,piece,False
2069,37,1,clove,False
2069,64,250,ml,False
2069,96,1,bunch,False
2069,122,300,g,False
2069,197,1,sprig,False
2069,242,1,pinch,False
2069,1094,150,g,False
1473,5,2,tbsp,False
1473,6,1,pinch,False
1473,11,1,piece,False
1473,26,1,tbsp,False
1473,37,3,clove,False
1473,61,800,g,False
1473,66,1,pinch,False
1473,96,1,bunch,False
1473,139,3,piece,False
1473,151,2,piece,False
1473,197,2,sprig,False
1473,221,1,leaf,False
1473,223,250,ml,False
1473,257,500,ml,False
2074,1,250,g,False
2074,5,2,tbsp,False
2074,6,1,pinch,False
2074,7,1,pinch,False
2074,11,2,piece,False
2074,37,2,clove,False
2074,96,1,bunch,False
2074,114,1,tbsp,False
2074,122,250,g,False
2074,151,1,piece,False
2074,172,1,piece,False
2074,182,1,piece,False
2074,221,1,piece,False
2074,231,100,ml,False
2074,232,400,g,False
2074,257,500,ml,False
2074,520,100,g,False
2082,1,300,g,False
2082,5,3,tbsp,False
2082,6,1,pinch,False
2082,11,2,piece,False
2082,37,3,clove,False
2082,53,100,g,False
2082,66,1,pinch,False
2082,96,1,bunch,False
2082,115,500,ml,False
2082,151,1,piece,False
2082,221,1,piece,False
2082,223,250,ml,False
2082,1065,1,kg,False
1747,6,1,pinch,False
1747,37,1,clove,False
1747,66,1,pinch,False
1747,96,1,sprig,True
1747,139,800,g,False
1747,1004,50,g,False
1747,1271,250,g,False
1736,6,1,pinch,False
1736,25,100,g,False
1736,37,2,clove,False
1736,66,1,pinch,False
1736,139,1,kg,False
1736,190,200,ml,False
1736,236,300,g,False
7447,5,4,tbsp,False
7447,6,2,tsp,False
7447,7,1,tsp,False
7447,37,6,clove,False
7447,64,500,ml,False
7447,105,1.5,kg,False
7447,138,2,tbsp,False
7431,5,3,tbsp,False
7431,6,1,tbsp,False
7431,7,1,tsp,False
7431,37,6,clove,False
7431,1140,1.5,kg,False
7434,5,2,tbsp,False
7434,6,1,pinch,False
7434,7,1,pinch,False
7434,10,2,piece,False
7434,11,1,piece,False
7434,37,3,clove,False
7434,96,1,bunch,False
7434,105,900,g,False
7434,144,1,tsp,False
7434,221,1,piece,False
7434,223,60,ml,False
7434,1188,1,piece,False
7432,5,3,tbsp,False
7432,6,1,pinch,False
7432,7,1,pinch,False
7432,9,150,g,False
7432,11,1,piece,False
7432,37,2,clove,False
7432,101,1,tsp,False
7432,105,700,g,False
7432,126,2,tbsp,False
7432,221,1,piece,False
7432,231,150,ml,False
7432,257,300,ml,False
7432,531,2,piece,False
7433,5,3,tbsp,False
7433,6,1,pinch,False
7433,7,1,pinch,False
7433,10,400,g,False
7433,11,1,piece,False
7433,37,3,clove,False
7433,96,2,tbsp,False
7433,114,2,tbsp,False
7433,144,1,tsp,False
7433,223,150,ml,False
7433,335,0.5,tsp,False
7433,510,200,g,False
7433,1146,500,ml,False
7433,1153,1.2,kg,False
7441,5,3,tbsp,False
7441,6,1,tsp,False
7441,7,1,tsp,False
7441,10,400,g,False
7441,11,1,piece,False
7441,37,3,clove,False
7441,80,500,ml,False
7441,96,2,tbsp,True
7441,114,2,tbsp,False
7441,344,1,piece,False
7441,1153,1,kg,False
7425,5,4,tbsp,False
7425,6,1,tbsp,False
7425,7,1,tsp,False
7425,10,2,piece,False
7425,11,1,piece,False
7425,37,4,clove,False
7425,105,1.5,kg,False
7425,126,3,tbsp,False
7425,138,1,sprig,False
7425,139,3,piece,False
7425,144,2,tbsp,False
7425,168,1,piece,False
7425,197,1,tbsp,False
7425,231,100,ml,False
7425,511,150,g,False
7425,1188,1,piece,False
7444,5,3,tbsp,False
7444,6,1,pinch,False
7444,7,1,pinch,False
7444,10,300,g,False
7444,11,1,piece,False
7444,37,3,clove,False
7444,80,500,ml,False
7444,96,1,bunch,True
7444,105,1.2,kg,False
7444,114,2,tbsp,False
7444,221,1,piece,False
7444,223,150,ml,False
7444,344,1,piece,False
7428,5,3,tbsp,False
7428,6,1,tsp,False
7428,7,1,tsp,False
7428,37,4,clove,False
7428,96,1,bunch,True
7428,105,1,kg,False
7428,144,2,tsp,False
7428,168,3,piece,False
7448,5,3,tbsp,False
7448,6,1,pinch,False
7448,11,1,piece,False
7448,37,3,clove,False
7448,66,1,pinch,False
7448,80,500,ml,False
7448,96,2,tbsp,False
7448,105,1,kg,False
7448,223,250,ml,False
7448,335,1,tsp,False
7448,623,0.5,tsp,False
7448,1094,200,g,False
3321,1,400,g,False
3321,5,2,tbsp,False
3321,6,1,pinch,False
3321,7,1,pinch,False
3321,11,1,piece,False
3321,25,1,tbsp,False
3321,101,1,tsp,True
3321,180,200,g,False
3321,191,50,g,False
3321,307,500,ml,False
3321,2000,300,g,False
3357,6,1,pinch,False
3357,7,1,pinch,False
3357,26,250,g,False
3357,29,2,piece,False
3357,96,1,sprig,True
3357,115,1.5,cup,False
3357,122,150,g,False
3357,191,50,g,False
3357,242,1,pinch,False
3745,5,15,ml,True
3745,180,150,g,False
3745,191,100,g,False
3745,228,50,g,True
3745,245,80,g,True
3745,248,100,g,False
3745,279,10,leaf,True
3745,308,100,g,True
3745,487,100,g,True
3745,562,100,g,False
3745,692,100,g,False
3745,975,150,g,False
3745,1354,150,g,False
3745,2073,200,g,True
3745,2094,100,g,True
3745,2095,150,g,False
3745,2096,100,g,True
4041,6,1,pinch,False
4041,26,150,g,False
4041,29,1,piece,False
4041,30,500,ml,False
4041,64,120,ml,False
4041,128,30,g,False
4041,258,1,tsp,False
4041,312,1,tsp,True
4041,541,20,g,False
4041,643,2,piece,False
4120,25,50,g,False
4120,53,30,g,False
4120,126,30,ml,False
4120,128,100,g,False
4120,335,2,tsp,False
4120,541,20,g,True
4120,574,50,g,True
4120,643,500,g,False
4120,2178,250,g,False
4255,25,30,g,False
4255,26,100,g,False
4255,29,2,piece,False
4255,30,1,l,False
4255,53,150,g,False
4255,180,150,g,False
4255,191,50,g,False
4255,257,1,cup,False
4255,278,200,ml,True
4255,443,100,g,False
4255,1259,300,g,False
3459,6,1,pinch,False
3459,7,1,pinch,False
3459,26,100,g,False
3459,29,2,piece,False
3459,30,1,l,False
3459,53,150,g,False
3459,180,100,g,False
3459,191,50,g,False
3459,257,750,ml,False
3459,1220,250,g,False
3750,26,100,g,False
3750,29,2,piece,False
3750,30,1,l,False
3750,53,150,g,False
3750,180,150,g,False
3750,191,50,g,False
3750,257,1,cup,False
3750,1220,300,g,False
3554,5,3,tbsp,False
3554,6,1,tbsp,False
3554,7,1,tsp,False
3554,37,4,clove,False
3554,138,2,tbsp,False
3554,154,1.5,kg,False
4131,5,3,tbsp,False
4131,6,1,pinch,False
4131,37,3,clove,False
4131,96,2,tbsp,False
4131,318,1,tsp,False
4131,508,400,g,False
9006,80,500,ml,False
9006,239,200,g,False
9006,3550,150,g,False
8771,6,1,tsp,False
8771,128,1,tbsp,False
8771,300,2,tbsp,False
8771,308,1,piece,False
8771,3458,150,ml,False
9066,6,1,tsp,False
9066,128,50,g,False
9066,300,100,ml,False
8977,30,1,tsp,False
8977,80,120,ml,False
8977,128,300,g,False
8977,616,60,ml,True
8977,818,1,tsp,True
8977,819,1,dash,True
8858,6,3,g,False
8858,25,30,g,False
8858,26,250,g,False
8858,29,1,piece,False
8858,64,120,ml,False
8858,128,40,g,False
8858,657,5,g,False
8858,3385,240,g,False
8474,111,1,piece,True
8474,128,1,tbsp,False
8474,177,3,tbsp,False
8474,272,2,tbsp,False
8474,273,1,ml,False
8474,2042,180,g,False
8474,3266,1,piece,True
8474,3363,150,g,False
8310,6,5,g,False
8310,128,20,g,False
8310,300,60,ml,False
8310,446,200,g,False
8310,3258,150,g,False
8310,3259,10,ml,False
8645,26,100,g,False
8645,30,1,l,False
8645,168,1,piece,True
8645,177,30,ml,False
8645,272,30,ml,False
8645,3215,100,ml,False
8645,3229,100,g,True
8645,3363,300,g,False
8645,3417,180,ml,False
8784,30,2,tbsp,False
8784,80,2,tbsp,False
8784,111,1,bunch,False
8784,128,1,tsp,False
8784,177,2,tbsp,False
8784,272,1,tbsp,False
8784,302,1,tsp,True
8784,1483,400,g,False
8784,3215,250,ml,False
8784,3240,1,tbsp,False
8409,6,1,pinch,False
8409,7,1,pinch,False
8409,11,50,g,False
8409,17,1,tbsp,False
8409,30,2,tbsp,False
8409,37,1,clove,False
8409,80,2,tbsp,False
8409,111,1,bunch,False
8409,128,1,tsp,False
8409,151,50,g,False
8409,172,100,g,False
8409,177,2,tbsp,False
8409,299,1,tbsp,False
8409,367,150,g,False
8409,3238,150,ml,False
8409,3240,1,tbsp,False
8409,3345,200,g,False
4798,5,2,tbsp,False
4798,7,1,pinch,True
4798,37,3,clove,False
4798,96,1,bunch,False
4798,168,0.5,piece,True
4798,231,150,ml,False
4798,286,1,tsp,True
4798,2425,1,kg,False
5018,128,100,g,False
5018,190,250,ml,False
5018,335,1,tsp,True
5018,530,3,piece,False
5018,845,1,sprig,True
5018,2484,500,g,False
5017,6,1,pinch,False
5017,128,100,g,False
5017,190,200,ml,False
5017,531,2,piece,False
5017,920,100,g,False
5277,1,500,g,False
5277,6,1,tsp,False
5277,9,1,cup,False
5277,10,1,piece,False
5277,11,1,piece,False
5277,30,0.5,cup,False
5277,37,2,clove,False
5277,38,0.25,bunch,False
5277,58,1,tsp,False
5277,59,1,tsp,False
5277,60,1,piece,True
5277,80,1.5,cup,False
5277,121,1,piece,True
5277,184,1,tbsp,True
5277,294,0.5,cup,True
5277,384,2,cup,False
5277,527,1,cup,False
5277,2259,0.25,cup,True
5277,2265,0.5,cup,True
5277,2296,100,g,False
5239,46,200,g,False
5239,332,200,ml,False
5239,574,100,g,True
5239,643,2,piece,False
5239,734,50,g,True
4606,5,2,tbsp,False
4606,6,1,tsp,False
4606,7,1,tsp,False
4606,37,3,clove,False
4606,38,0.5,bunch,False
4606,39,3,tbsp,False
4606,58,1,tsp,False
4606,59,1,tsp,False
4606,202,500,g,False
4823,6,1,tsp,False
4823,30,2,tbsp,False
4823,239,1,cup,False
4823,257,2,cup,False
4829,6,1,pinch,False
4829,11,0.5,piece,False
4829,30,2,tbsp,False
4829,37,2,clove,False
4829,239,1,cup,False
4829,257,2,cup,False
4829,2433,1,bunch,False
4831,6,1,pinch,False
4831,7,1,pinch,False
4831,11,0.5,piece,False
4831,30,2,tbsp,False
4831,37,1,clove,False
4831,38,2,tbsp,False
4831,239,1,cup,False
4831,257,2,cup,False
4831,538,1,cup,False
5000,6,1,pinch,False
5000,64,1,l,False
5000,80,500,ml,False
5000,128,150,g,False
5000,239,150,g,False
5000,312,1,tsp,False
5000,335,1,dash,True
5000,344,1,piece,False
5000,775,1,piece,False
9645,5,4,tbsp,False
9645,6,1,pinch,False
9645,29,4,piece,False
9645,37,4,clove,False
9645,155,1,bunch,False
9645,257,1,l,False
9645,3714,250,g,False
9815,5,4,tbsp,False
9815,6,1,pinch,False
9815,7,1,pinch,False
9815,29,4,piece,False
9815,37,4,clove,False
9815,38,1,bunch,False
9815,80,1,l,False
9815,221,1,piece,False
9815,257,500,ml,False
9815,306,200,g,False
9815,324,1,tbsp,True
9678,5,4,tbsp,False
9678,6,1,pinch,False
9678,7,1,pinch,False
9678,29,2,piece,False
9678,37,4,clove,False
9678,38,1,bunch,False
9678,80,2,l,False
9678,2598,200,g,False
9678,3648,400,g,False
9907,29,4,piece,False
9907,332,1,can,False
9907,333,50,g,True
10174,25,15,g,False
10174,75,2,tbsp,False
10174,80,50,ml,False
10174,333,20,g,True
10174,335,1,tsp,False
10174,643,1,piece,False
9832,5,2,tbsp,False
9832,6,1,pinch,False
9832,7,1,pinch,False
9832,10,2,piece,False
9832,11,1,piece,False
9832,28,1,tsp,False
9832,37,3,clove,False
9832,61,300,g,False
9832,144,1,pinch,True
9832,221,1,piece,False
9832,772,500,g,False
9863,5,2,tbsp,False
9863,7,1,pinch,True
9863,37,2,clove,False
9863,388,4,leaf,False
9863,1264,250,g,False
9863,1397,1,slice,True
10079,5,2,tbsp,False
10079,6,1,pinch,False
10079,7,1,pinch,False
10079,11,1,piece,False
10079,37,2,clove,False
10079,114,2,tbsp,False
10079,211,1,piece,False
10079,257,500,ml,False
10079,325,200,g,False
10079,2255,200,g,False
10109,5,1,tbsp,False
10109,6,1,pinch,False
10109,7,1,pinch,False
10109,8,150,g,False
10109,11,1,piece,False
10109,29,8,piece,False
10109,37,2,clove,False
10109,64,120,ml,False
10109,113,1,piece,False
10109,341,100,g,False
10109,486,1,piece,False
9844,5,2,tbsp,False
9844,6,1,tsp,False
9844,7,1,tsp,False
9844,11,4,piece,False
9844,29,1,piece,True
9844,37,2,clove,False
9844,80,100,ml,False
9844,96,1,bunch,False
9844,1244,500,g,False
5782,5,100,ml,False
5782,6,1,pinch,False
5782,28,1,tsp,False
5782,37,2,clove,False
5782,59,1,tsp,False
5782,1251,200,g,False
5782,2719,1,piece,False
6088,5,100,ml,False
6088,6,1,pinch,False
6088,37,3,clove,False
6088,1251,200,g,False
6088,2798,1,tbsp,False
6206,29,4,piece,False
6206,126,2,tbsp,False
6206,128,150,g,False
6206,258,1,tsp,False
6206,312,1,tsp,False
6206,541,100,g,False
6206,832,200,g,False
6206,1176,50,g,False
5591,6,1,pinch,False
5591,7,1,pinch,False
5591,27,1,tsp,False
5591,30,2,tbsp,False
5591,37,2,clove,False
5591,68,300,g,False
5591,113,1,piece,False
5591,128,1,tsp,False
5591,177,3,tbsp,False
5591,182,1,piece,False
5591,257,100,ml,False
5591,302,1,tsp,False
5591,303,50,g,False
5918,64,250,ml,False
5918,128,150,g,False
5918,190,250,ml,False
5918,303,100,g,False
5918,531,4,piece,False
5918,774,1,tsp,True
5307,5,2,tbsp,False
5307,6,1,pinch,False
5307,7,1,pinch,False
5307,11,1,piece,False
5307,37,2,clove,False
5307,242,1,pinch,False
5307,257,1,l,False
5307,303,150,g,False
5935,25,100,g,False
5935,29,2,piece,False
5935,128,150,g,False
5935,265,1,piece,False
5935,317,15,ml,False
5935,319,1,tbsp,False
5935,541,10,g,True
5935,1304,150,g,False
5997,6,1,pinch,False
5997,14,100,g,False
5997,37,3,clove,False
5997,72,500,g,False
5997,80,2,l,False
5997,221,1,piece,False
5997,1391,400,g,False
5997,2255,150,g,False
5997,2590,150,g,False
5746,6,1,pinch,False
5746,80,2,l,False
5746,221,1,piece,False
5746,2255,150,g,False
5746,2591,150,g,False
5746,2602,1,piece,False
5746,2711,500,g,False
6106,5,500,ml,False
6106,6,400,g,False
6106,914,1,kg,False
3127,6,250,g,False
3127,1903,1,kg,False
3103,80,500,ml,False
3103,128,2,tsp,True
3103,168,1,slice,True
3103,1565,10,g,False
2923,80,1,cup,False
2923,128,2,tbsp,True
2923,842,1,cup,False
2923,909,10,g,False
3108,39,30,ml,False
3108,80,500,ml,False
3108,128,2,tbsp,False
3108,842,5,piece,False
3108,909,2,tbsp,False
3108,1796,1,slice,True
2919,121,1,piece,False
2919,842,5,piece,False
2919,1794,330,ml,False
2633,6,1,tsp,False
2633,30,1,tbsp,False
2633,37,2,clove,False
2633,39,1,tbsp,False
2633,54,100,g,False
2633,58,1,tsp,True
2633,59,1,tsp,False
2633,68,500,g,False
2633,75,1,tbsp,False
2633,155,1,tsp,False
2633,177,2,tbsp,False
2633,302,1,tsp,False
2633,331,1,tsp,False
2633,783,100,ml,False
2633,1069,10,piece,False
2633,1108,2,tsp,False
2287,478,400,g,False
2287,783,400,ml,False
2287,1159,2,tbsp,False
2287,1435,3,leaf,False
2287,1436,2,tbsp,False
2287,1437,10,leaf,False
2287,1477,3,tbsp,False
2287,1481,2,tbsp,False
2281,30,2,tbsp,False
2281,783,400,ml,False
2281,1009,400,g,False
2281,1159,1.5,tbsp,False
2281,1435,3,leaf,False
2281,1436,1,tbsp,False
2281,1437,1,bunch,True
2281,1477,3,tbsp,False
2283,183,400,g,False
2283,783,400,ml,False
2283,1159,2,tbsp,False
2283,1435,4,leaf,False
2283,1436,1,tbsp,False
2283,1437,1,bunch,False
2283,1440,3,tbsp,False
3112,80,1,cup,False
3112,460,200,g,False
3112,1786,15,g,False
3112,1861,50,g,False
6844,6,1,tsp,False
6844,7,1,tsp,False
6844,11,1,piece,False
6844,29,1,piece,False
6844,30,2,tbsp,False
6844,37,2,clove,False
6844,59,1,tsp,False
6844,176,500,g,False
6844,255,1,slice,False
6844,1153,250,g,False
6770,1,500,g,False
6770,6,1,tsp,False
6770,7,0.5,tsp,False
6770,11,1,piece,False
6770,29,1,piece,False
6770,30,2,tbsp,False
6770,37,2,clove,False
6770,53,100,g,False
6770,64,100,ml,False
6770,96,1,bunch,False
6770,134,0.5,tsp,False
6651,80,150,ml,False
6651,126,2,tbsp,False
6651,128,500,g,False
6729,6,1,tsp,False
6729,7,0.5,tsp,False
6729,25,2,tbsp,False
6729,28,1,pinch,True
6729,37,1,clove,False
6729,80,1.5,l,False
6729,96,1,bunch,False
6729,689,200,g,False
6729,2981,100,g,False
6934,5,3,tbsp,False
6934,6,1,tsp,False
6934,7,1,tsp,False
6934,37,2,clove,False
6934,96,1,bunch,False
6934,126,2,tbsp,False
6934,2089,2,piece,False
6383,5,2,tbsp,False
6383,6,1,pinch,False
6383,7,1,pinch,False
6383,10,1,piece,False
6383,11,1,piece,False
6383,37,2,clove,False
6383,80,1,l,False
6383,96,1,bunch,True
6383,114,1,tbsp,False
6383,168,1,piece,True
6383,239,30,g,False
6383,689,30,g,False
6383,991,50,g,False
6383,2875,30,g,False
6528,6,1,pinch,False
6528,7,1,pinch,False
6528,11,1,piece,True
6528,26,100,g,False
6528,30,500,ml,False
6528,96,1,bunch,False
6528,168,1,piece,False
6528,1926,500,g,False
6532,5,100,ml,False
6532,6,1,pinch,False
6532,7,1,pinch,False
6532,10,2,piece,False
6532,11,1,piece,False
6532,28,1,tsp,False
6532,37,3,clove,False
6532,96,1,bunch,False
6532,168,2,piece,False
6532,308,1,piece,False
6532,328,300,g,False
6532,507,250,g,False
6532,683,4,piece,False
6532,689,200,g,False
6532,2889,100,g,False
6814,5,2,tbsp,False
6814,6,1,pinch,False
6814,7,1,pinch,False
6814,11,1,piece,False
6814,25,30,g,False
6814,28,1,tsp,False
6814,37,2,clove,False
6814,50,300,g,False
6814,96,1,tbsp,False
6814,134,1,tsp,False
6814,328,250,g,False
6814,507,2,piece,False
7091,5,2,tbsp,False
7091,6,1,tsp,False
7091,7,1,tsp,False
7091,10,2,piece,False
7091,11,1,piece,False
7091,37,2,clove,False
7091,96,1,bunch,True
7091,114,1,tbsp,False
7091,210,1,piece,False
7091,239,250,g,False
7091,335,0.5,tsp,False
7091,1153,500,g,False
7091,1283,750,ml,False
928,80,500,ml,False
928,128,50,g,False
928,190,240,ml,False
928,312,1,tsp,False
928,542,150,g,False
928,571,2,piece,False
928,718,100,g,False
928,845,3,sprig,True
928,892,400,g,False
928,893,85,g,False
928,894,500,ml,False
684,6,1,pinch,True
684,7,1,pinch,True
684,8,20,g,False
684,10,50,g,False
684,34,40,g,False
684,159,30,g,False
684,269,15,ml,True
684,308,50,g,False
684,341,30,g,False
684,525,1,piece,False
313,6,1,pinch,False
313,7,1,pinch,False
313,26,1,cup,False
313,30,1,l,False
313,139,4,piece,False
313,168,1,piece,True
313,258,1,tsp,False
313,425,0.5,cup,True
313,430,4,piece,False
313,863,0.75,cup,False
983,5,0.5,cup,False
983,6,1,pinch,False
983,7,1,pinch,True
983,37,2,clove,False
983,191,0.5,cup,False
983,279,2,cup,False
983,920,0.25,cup,False
802,6,1,pinch,False
802,11,1,piece,False
802,25,2,tbsp,False
802,66,1,pinch,False
802,96,2,tbsp,True
802,239,1.5,cup,False
802,257,3,cup,False
271,5,2,tbsp,False
271,6,1,pinch,False
271,7,1,pinch,False
271,11,1,piece,False
271,28,1,tsp,False
271,37,3,clove,False
271,73,0.5,tsp,False
271,87,1,tsp,False
271,96,2,tbsp,True
271,113,1,piece,False
271,114,2,tbsp,False
271,142,400,g,False
271,182,2,piece,False
271,257,600,ml,False
271,391,400,g,False
271,392,200,g,False
1009,25,2,tbsp,True
1009,64,0.75,cup,False
1009,128,2,tbsp,False
1009,933,2,cup,False
1009,934,4,tbsp,False
840,6,0.25,tsp,False
840,128,1.25,cup,False
840,312,1,tsp,False
840,530,10,piece,False
840,781,1.5,tsp,False
840,801,1,cup,False
390,5,2,tbsp,False
390,6,1,pinch,False
390,7,1,pinch,False
390,37,3,clove,False
390,96,2,tbsp,False
390,126,1,tbsp,False
390,134,1,pinch,True
390,183,300,g,False
390,231,60,ml,False
390,506,200,g,False
40,1,150,g,False
40,4,1,piece,False
40,6,1,pinch,False
40,7,1,pinch,False
40,10,1,slice,True
40,12,2,slice,True
40,13,1,tbsp,False
40,17,1,tsp,False
40,25,10,g,False
40,31,1,slice,False
40,57,1,leaf,True
40,81,0.5,piece,False
40,82,1,tsp,False
2076,5,3,tbsp,False
2076,7,1,pinch,False
2076,10,400,g,False
2076,11,2,piece,False
2076,37,3,clove,False
2076,80,2,cup,False
2076,151,2,piece,False
2076,197,1,sprig,False
2076,221,1,piece,False
2076,461,1,slice,True
2076,1388,500,g,False
2075,5,100,ml,False
2075,6,1,pinch,False
2075,26,100,g,False
2075,29,2,piece,False
2075,64,150,ml,False
2075,96,50,g,False
2075,160,20,g,False
2075,916,30,g,False
2075,1000,20,g,False
2075,1030,50,g,True
1304,5,3,tbsp,False
1304,6,1,pinch,False
1304,7,1,pinch,False
1304,11,2,piece,False
1304,26,2,tbsp,False
1304,37,4,clove,False
1304,96,1,bunch,False
1304,114,1,tbsp,False
1304,151,2,piece,False
1304,197,3,sprig,False
1304,221,2,leaf,False
1304,223,750,ml,False
1304,229,1.5,kg,False
1304,503,100,g,True
2066,5,2,tbsp,True
2066,6,1,pinch,False
2066,7,1,pinch,False
2066,139,600,g,False
2066,172,1,piece,False
2066,449,300,g,False
2066,1384,500,g,False
2011,5,200,ml,False
2011,6,1,pinch,False
2011,37,4,clove,False
2011,80,10,ml,True
2011,126,2,tbsp,False
2011,531,2,piece,False
1491,6,1,pinch,False
1491,7,1,pinch,False
1491,11,2,piece,False
1491,37,3,clove,False
1491,61,400,g,False
1491,78,400,g,False
1491,96,2,sprig,False
1491,105,400,g,False
1491,139,1.2,kg,False
1491,197,3,sprig,False
1491,221,2,leaf,False
1491,231,750,ml,False
1939,80,100,ml,False
1939,128,4,tbsp,False
1939,335,2,tsp,False
1939,574,50,g,True
1939,643,4,piece,False
1733,5,1,tbsp,False
1733,7,1,pinch,False
1733,37,1,clove,False
1733,138,1,sprig,False
1733,1264,250,g,False
1817,29,4,piece,False
1817,64,500,ml,False
1817,128,80,g,False
1817,312,1,tsp,False
1258,6,1,pinch,False
1258,7,1,pinch,False
1258,25,5,g,False
1258,29,1,piece,False
1258,160,1,tbsp,True
1258,190,1,tbsp,False
1258,306,1,slice,True
7453,5,3,tbsp,False
7453,6,1,pinch,False
7453,7,1,pinch,False
7453,11,1,piece,False
7453,37,3,clove,False
7453,80,250,ml,False
7453,96,1,bunch,True
7453,105,1,kg,False
7453,114,2,tbsp,False
7453,221,1,leaf,False
7453,231,150,ml,False
7453,344,1,piece,False
7453,2186,2,piece,False
7440,5,4,tbsp,False
7440,6,1,pinch,False
7440,7,1,pinch,False
7440,10,3,piece,False
7440,11,1,piece,False
7440,37,3,clove,False
7440,80,300,ml,False
7440,96,1,bunch,True
7440,105,1,kg,False
7440,114,2,tbsp,False
7440,144,1,tsp,False
7440,223,100,ml,False
7440,507,2,piece,False
7430,5,3,tbsp,False
7430,6,1,tsp,False
7430,7,1,tsp,False
7430,11,1,piece,False
7430,37,3,clove,False
7430,80,100,ml,False
7430,96,1,bunch,True
7430,101,2,tsp,False
7430,126,3,tbsp,False
7430,138,3,sprig,False
7430,139,1.2,kg,False
7430,168,1,slice,False
7430,231,100,ml,False
7430,1153,1.5,kg,False
7426,5,3,tbsp,False
7426,6,1,tbsp,False
7426,7,1,tsp,False
7426,11,2,piece,False
7426,37,5,clove,False
7426,80,100,ml,False
7426,101,1,tbsp,False
7426,139,4,piece,False
7426,1140,1.5,kg,False
7429,5,100,ml,False
7429,6,1,tbsp,False
7429,7,1,tsp,False
7429,37,4,clove,False
7429,101,2,tbsp,False
7429,105,2,kg,False
7429,126,100,ml,False
7449,5,2,tbsp,False
7449,6,1,pinch,False
7449,7,1,pinch,False
7449,11,1,piece,False
7449,37,2,clove,False
7449,96,1,bunch,False
7449,101,1,tsp,False
7449,114,1,tbsp,False
7449,139,2,piece,False
7449,151,2,piece,False
7449,223,100,ml,False
7449,1153,600,g,False
7442,5,4,tbsp,False
7442,6,1,tsp,False
7442,7,1,tsp,False
7442,10,400,g,False
7442,11,600,g,False
7442,37,3,clove,False
7442,105,1,kg,False
7442,128,1,tbsp,False
7442,221,2,leaf,False
7442,223,250,ml,False
7442,305,60,ml,False
7442,344,1,piece,False
7442,623,4,piece,False
7306,6,1,pinch,False
7306,126,3,tbsp,False
7306,167,1,tbsp,True
7306,239,0.25,cup,True
7306,257,1.5,l,False
7306,407,1,pinch,True
7306,531,2,piece,False
7306,975,500,g,False
7306,3090,0.25,cup,True
7822,5,250,ml,False
7822,6,1,pinch,True
7822,7,1,pinch,True
7822,37,2,clove,True
7822,96,1,tbsp,True
7822,975,400,g,False
7415,5,2,tbsp,False
7415,6,1,pinch,False
7415,7,1,pinch,False
7415,33,0.5,piece,False
7415,37,1,clove,False
7415,96,2,tbsp,False
7415,126,3,tbsp,False
7415,280,1,tbsp,True
7415,975,400,g,False
3634,5,3,tbsp,False
3634,6,1,pinch,False
3634,7,1,pinch,False
3634,11,1,piece,False
3634,37,3,clove,False
3634,138,2,sprig,False
3634,151,1,piece,False
3634,182,1,piece,False
3634,231,150,ml,False
3634,257,200,ml,False
3634,1716,500,g,False
3634,2078,500,g,False
3634,2079,500,g,False
3888,5,2,tbsp,False
3888,6,1,pinch,False
3888,7,1,pinch,False
3888,37,2,clove,False
3888,96,1,tbsp,True
3888,168,1,piece,False
3888,975,400,g,False
4162,5,60,ml,False
4162,6,1,pinch,False
4162,7,1,pinch,False
4162,37,2,clove,False
4162,126,30,ml,False
4162,975,300,g,False
3757,5,100,ml,False
3757,6,1,pinch,False
3757,7,1,pinch,False
3757,37,4,clove,False
3757,80,200,ml,False
3757,96,1,bunch,False
3757,168,1,piece,False
3757,516,6,piece,False
3757,845,1,bunch,False
3775,5,2,tbsp,False
3775,6,1,pinch,False
3775,7,1,pinch,False
3775,42,100,g,False
3775,168,0.5,piece,False
3775,191,30,g,False
3526,6,1,pinch,False
3526,11,1,piece,False
3526,25,30,g,False
3526,37,2,clove,False
3526,190,120,ml,False
3526,217,500,g,False
3526,407,1,pinch,False
3526,498,750,ml,False
3928,5,2,tbsp,False
3928,6,1,pinch,False
3928,7,1,pinch,False
3928,25,1,tbsp,False
3928,29,2,piece,False
3928,96,1,tbsp,True
3928,217,250,g,False
3835,5,2,tbsp,False
3835,6,1,pinch,False
3835,7,1,pinch,False
3835,96,1,tbsp,True
3835,191,50,g,False
3835,217,500,g,False
3997,6,1,pinch,False
3997,25,80,g,False
3997,26,300,g,False
3997,29,3,piece,False
3997,64,150,ml,False
3997,80,200,ml,False
3997,128,80,g,False
3997,572,150,ml,False
3997,661,15,g,False
4274,6,1,pinch,False
4274,25,80,g,False
4274,26,250,g,False
4274,29,2,piece,False
4274,64,200,ml,False
4274,80,200,ml,False
4274,128,50,g,False
4274,572,150,ml,False
4274,657,7,g,False
8916,80,160,ml,False
8916,128,50,g,False
8916,1568,150,g,False
8916,3385,200,g,False
8608,6,1,pinch,True
8608,80,1,l,False
8608,111,2,piece,False
8608,177,30,ml,False
8608,273,50,ml,False
8608,1181,500,g,False
8608,1247,100,g,False
8608,1484,300,g,False
8608,3222,10,g,False
8608,3229,200,g,False
8932,46,100,g,True
8932,80,600,ml,False
8932,128,50,g,False
8932,573,100,g,True
8932,806,4,piece,True
8932,1589,100,g,False
8932,1889,4,g,False
8932,3510,100,g,False
8932,3520,50,ml,False
8932,3525,1,can,False
8932,3526,4,piece,True
9003,80,500,ml,False
9003,128,100,g,False
9003,556,200,g,False
9003,573,1,cup,True
9003,613,0.5,piece,False
9003,806,1,piece,True
9003,1589,100,g,True
9003,1889,5,g,False
9003,3526,1,piece,False
9003,3547,1,cup,True
9003,3548,2,tbsp,False
9176,25,30,g,False
9176,29,2,piece,False
9176,64,250,ml,False
9176,126,1,tbsp,False
9176,128,3,tbsp,False
9176,312,1,tsp,True
9176,335,1,tsp,False
9176,573,100,g,True
9176,643,2,piece,False
9176,779,50,g,True
9058,3340,10,g,False
8934,128,1,tbsp,False
8934,177,3,tbsp,False
8934,272,1,tbsp,True
8934,2042,200,g,False
8260,80,800,ml,False
8260,111,1,bunch,False
8260,399,300,g,False
8260,3219,3,tbsp,False
8260,3220,1,tbsp,False
8756,6,1,tbsp,False
8756,308,1,piece,False
8756,1585,1,piece,True
8756,3222,10,g,True
8560,6,1,pinch,False
8560,7,1,pinch,False
8560,30,2,tbsp,False
8560,217,12,piece,False
8560,2072,12,slice,False
4828,6,1,pinch,False
4828,7,1,pinch,False
4828,8,50,g,False
4828,25,30,g,False
4828,64,200,ml,False
4828,96,1,sprig,True
4828,239,200,g,False
4828,257,600,ml,False
4828,335,1,pinch,False
4826,5,3,tbsp,False
4826,6,1,tsp,False
4826,7,0.5,tsp,False
4826,11,1,piece,False
4826,37,3,clove,False
4826,59,1,tsp,False
4826,96,2,tbsp,False
4826,114,2,tbsp,False
4826,125,800,g,False
4826,144,1,tsp,False
4826,210,1,piece,False
4826,239,2,cup,False
4826,257,4,cup,False
4826,331,0.5,tsp,True
4826,443,1,cup,False
4826,1107,0.5,tsp,True
4835,6,1,pinch,False
4835,7,1,pinch,False
4835,11,0.5,piece,False
4835,30,2,tbsp,False
4835,37,1,clove,False
4835,239,1,cup,False
4835,257,2,cup,False
4835,412,0.5,cup,True
4835,2242,2,piece,False
4833,6,1,tsp,False
4833,7,1,pinch,False
4833,11,0.5,piece,False
4833,30,2,tbsp,False
4833,37,2,clove,False
4833,38,0.25,bunch,False
4833,1905,1,cup,False
4833,2434,2,cup,False
4825,6,1,tsp,False
4825,11,0.5,piece,False
4825,30,2,tbsp,False
4825,37,2,clove,False
4825,38,2,tbsp,True
4825,59,0.5,tsp,False
4825,239,1,cup,False
4825,257,1.5,cup,False
4825,307,0.5,cup,False
4824,5,2,tbsp,False
4824,6,1,pinch,False
4824,7,1,pinch,False
4824,11,0.5,piece,False
4824,37,2,clove,False
4824,38,1,bunch,False
4824,96,0.5,bunch,False
4824,257,2.5,cup,False
4824,524,1,piece,True
4824,603,1.5,cup,False
4827,6,1,tsp,False
4827,7,0.5,tsp,False
4827,10,2,piece,False
4827,30,2,tbsp,False
4827,37,1,clove,False
4827,67,0.25,piece,False
4827,151,0.5,piece,True
4827,239,1,cup,False
4827,257,2,cup,False
4827,443,0.5,cup,True
4805,5,3,tbsp,False
4805,6,1,tsp,False
4805,7,1,tsp,False
4805,10,3,piece,False
4805,11,1,piece,False
4805,37,3,clove,False
4805,38,1,bunch,False
4805,111,1,bunch,True
4805,183,200,g,False
4805,211,1,piece,False
4805,392,2,cup,False
4805,399,150,g,False
4805,430,200,g,False
4805,451,4,cup,False
4805,477,150,g,False
5016,64,500,ml,False
5016,128,100,g,False
5016,429,120,ml,False
5016,764,90,g,False
5016,2482,15,g,False
4643,6,1,tsp,False
4643,7,1,tsp,False
4643,10,2,piece,False
4643,11,1,piece,False
4643,30,3,tbsp,False
4643,37,3,clove,False
4643,59,1,tsp,False
4643,101,1,tsp,False
4643,115,500,ml,False
4643,221,2,leaf,False
4643,237,1.5,kg,False
4643,524,1,can,False
4643,2294,1,piece,False
9628,5,2,tbsp,False
9628,6,1,tsp,False
9628,7,0.5,tsp,False
9628,10,2,piece,False
9628,11,1,piece,False
9628,37,2,clove,False
9628,68,500,g,False
9628,96,2,tbsp,True
9628,239,1.5,cup,False
9628,257,3,cup,False
9870,25,20,g,False
9870,29,4,piece,False
9870,128,150,g,False
9870,335,1,tsp,False
9870,775,1,tbsp,False
9870,1947,500,g,False
9994,5,2,tbsp,False
9994,6,1,pinch,False
9994,7,1,pinch,False
9994,37,2,clove,False
9994,87,1,tsp,False
9994,96,1,bunch,False
9994,101,1,tsp,False
9994,113,1,piece,False
9994,168,0.5,piece,False
9994,486,1,piece,False
9994,487,100,g,False
9994,1197,400,g,False
9276,5,3,tbsp,False
9276,6,1,tsp,False
9276,7,1,tsp,False
9276,37,3,clove,False
9276,96,1,bunch,False
9276,168,1,piece,False
9276,2080,1,piece,False
10055,5,3,tbsp,False
10055,6,1,tsp,False
10055,7,1,tsp,False
10055,28,2,tbsp,False
10055,37,4,clove,False
10055,73,0.5,tsp,False
10055,101,1,tsp,False
10055,125,1.5,kg,False
10055,126,60,ml,False
10055,231,120,ml,False
9686,5,2,tbsp,False
9686,6,1,pinch,False
9686,7,1,pinch,False
9686,10,1,piece,False
9686,11,1,piece,False
9686,37,2,clove,False
9686,96,1,sprig,True
9686,139,1,piece,False
9686,151,1,piece,False
9686,182,1,piece,False
9686,498,1,l,False
9686,554,50,g,True
9686,3026,100,g,False
9303,2752,1,kg,False
9303,3655,2,l,False
10176,29,6,piece,False
10176,128,200,g,False
10176,335,1,pinch,False
10176,541,20,g,False
10176,775,1,tbsp,False
9830,5,4,tbsp,False
9830,6,1,pinch,False
9830,7,1,pinch,False
9830,37,2,clove,True
9830,96,2,tbsp,True
9830,138,2,sprig,True
9830,413,1,kg,False
9643,5,2,tbsp,False
9643,6,1,pinch,False
9643,7,1,pinch,False
9643,11,1,piece,False
9643,37,2,clove,False
9643,51,1,tsp,False
9643,96,1,sprig,True
9643,139,1,piece,False
9643,151,1,piece,False
9643,221,1,piece,False
9643,772,250,g,False
9643,2255,100,g,False
5450,5,1,tbsp,False
5450,25,1,tsp,False
5450,96,1,leaf,True
5450,306,1,slice,False
5450,914,1,piece,False
5399,5,2,tbsp,False
5399,7,1,pinch,False
5399,306,4,slice,False
5399,914,8,piece,False
5399,1354,1,piece,False
6195,5,60,ml,False
6195,6,1,pinch,False
6195,7,1,pinch,False
6195,10,400,g,False
6195,37,2,clove,False
6195,51,1,tsp,False
6195,80,200,ml,False
6195,102,4,piece,False
6195,113,100,g,False
6195,308,100,g,False
6195,1022,15,ml,False
6195,2836,200,g,False
5698,5,100,ml,False
5698,6,1,pinch,False
5698,37,3,clove,False
5698,96,1,bunch,False
5698,1584,1,piece,False
5698,2700,200,g,False
6274,5,50,ml,False
6274,6,1,pinch,False
6274,26,500,g,False
6274,29,1,piece,False
6274,30,500,ml,False
6274,64,100,ml,False
6274,128,150,g,False
6274,258,15,g,False
6274,2146,10,g,False
6274,2733,50,ml,False
5502,5,4,tbsp,False
5502,6,1,pinch,False
5502,10,2,piece,False
5502,11,1,piece,False
5502,37,3,clove,False
5502,80,2,l,False
5502,96,1,bunch,False
5502,168,1,piece,True
5502,183,200,g,False
5502,239,400,g,False
5502,477,150,g,False
5502,596,200,g,False
5502,1107,1,pinch,False
5502,1177,500,g,False
5502,2621,3,tbsp,True
5479,5,3,tbsp,False
5479,6,1,pinch,False
5479,10,150,g,False
5479,28,1,tsp,False
5479,37,3,clove,False
5479,85,300,g,False
5479,239,300,g,False
5479,379,2,piece,False
5479,1173,750,ml,False
5479,2593,100,g,False
6003,5,2,tbsp,False
6003,6,1,pinch,False
6003,10,2,piece,False
6003,37,4,clove,False
6003,85,300,g,False
6003,113,1,piece,True
6003,139,1.5,piece,True
6003,363,1.2,l,False
6003,689,150,g,False
6003,1107,1,pinch,False
6003,2042,350,g,False
6003,2591,200,g,False
5490,5,50,ml,False
5490,6,1,pinch,False
5490,10,2,piece,False
5490,11,1,piece,False
5490,28,2,tsp,False
5490,37,3,clove,False
5490,66,1,pinch,False
5490,80,200,ml,False
5490,113,1,piece,False
5490,125,200,g,False
5490,239,300,g,False
5490,257,800,ml,False
5490,367,200,g,False
5490,499,150,g,False
5490,689,150,g,False
5490,1107,1,pinch,False
5490,1116,200,g,False
6076,5,50,ml,False
6076,6,1,pinch,False
6076,7,1,tsp,False
6076,10,150,g,False
6076,11,1,piece,False
6076,28,1,tsp,False
6076,37,3,clove,False
6076,61,300,g,False
6076,96,10,g,False
6076,138,1,sprig,False
6076,239,300,g,False
6076,257,800,ml,False
6076,516,2,piece,False
6076,1107,1,pinch,False
6076,1116,200,g,False
6076,2590,100,g,False
2903,80,500,ml,False
2903,95,1,tbsp,True
2903,1786,5,g,False
3014,33,0.5,piece,True
3014,37,2,clove,False
3014,61,500,g,False
3014,75,2,tbsp,False
3014,177,1,tbsp,False
3014,308,0.5,piece,False
3014,320,100,g,False
3014,646,1,tsp,False
3014,783,100,ml,False
3014,921,1,tbsp,False
3014,1159,1,tbsp,False
3014,1440,1,tbsp,False
3014,1473,0.5,tsp,False
3014,1570,1,tsp,False
2873,6,1,pinch,False
2873,128,100,g,False
2873,531,6,piece,False
2873,876,400,ml,False
2873,1435,2,leaf,True
2873,1767,5,ml,True
2819,6,1,pinch,False
2819,128,100,g,False
2819,621,1,piece,False
2819,783,200,ml,False
2819,903,100,ml,False
3084,6,1,pinch,False
3084,128,100,g,False
3084,783,500,ml,False
3084,1889,10,g,False
2932,38,1,sprig,True
2932,121,1,piece,True
2932,128,10,g,False
2932,460,100,g,False
2932,686,1,piece,True
2932,783,400,ml,False
2932,1159,15,ml,False
2932,1445,20,g,False
2932,1504,150,g,False
2850,128,100,g,False
2850,312,1,tsp,True
2850,783,400,ml,False
2813,6,1,pinch,False
2813,128,100,g,False
2813,322,1,tbsp,True
2813,783,400,ml,False
2813,902,1,piece,True
2813,1654,300,g,False
2830,80,50,ml,False
2830,128,50,g,True
2830,332,100,ml,True
2830,893,10,g,False
2830,896,500,ml,False
3109,38,10,leaf,False
3109,121,2,piece,False
3109,128,1,tbsp,False
3109,213,2,piece,False
3109,320,50,g,False
3109,845,10,leaf,False
3109,1159,3,tbsp,False
3109,1560,200,g,False
3109,1895,200,ml,False
6305,5,3,tbsp,False
6305,6,1,pinch,False
6305,7,1,tsp,False
6305,11,1,piece,False
6305,37,3,clove,False
6305,50,500,g,False
6305,51,1,tsp,False
6305,59,1,tsp,False
6305,96,1,bunch,True
6305,507,2,piece,False
6305,682,500,g,False
6438,6,1,tsp,False
6438,25,2,tbsp,False
6438,239,2,cup,False
6438,257,3.5,cup,False
6438,303,50,g,False
6771,5,3,tbsp,False
6771,6,1,tsp,False
6771,7,1,tsp,False
6771,10,2,piece,False
6771,11,1,piece,False
6771,37,3,clove,False
6771,96,1,bunch,False
6771,126,30,ml,False
6771,231,100,ml,False
6771,656,1,piece,False
6771,1674,1,piece,False
6733,1,300,g,False
6733,6,1,tsp,False
6733,7,1,tsp,False
6733,11,1,piece,False
6733,26,500,g,False
6733,30,500,ml,False
6733,80,250,ml,False
6733,134,1,tsp,False
6783,6,1,tsp,False
6783,25,50,g,False
6783,26,400,g,False
6783,29,1,piece,False
6783,64,250,ml,False
6783,128,2,tbsp,False
6783,274,50,g,False
6783,661,7,g,False
6761,6,1,tsp,False
6761,26,500,g,False
6761,29,2,piece,False
6761,30,50,ml,False
6761,128,50,g,False
6761,657,10,g,False
6761,940,250,ml,False
6849,5,3,tbsp,False
6849,6,1,pinch,False
6849,7,1,pinch,False
6849,11,2,piece,False
6849,59,1,pinch,True
6849,80,1,l,False
6849,96,1,bunch,True
6849,114,2,tbsp,False
6849,624,1,pinch,False
6849,689,250,g,False
6849,2875,100,g,False
6849,3013,250,g,False
6961,6,1,pinch,False
6961,11,1,piece,False
6961,25,2,tbsp,False
6961,29,1,piece,False
6961,66,1,pinch,False
6961,96,1,tbsp,True
6961,134,1,tsp,False
6961,257,1.5,l,False
6961,328,1,cup,False
6961,1244,250,g,False
6961,2875,200,g,False
6912,6,1,tsp,False
6912,26,100,g,False
6912,29,2,piece,False
6912,30,50,ml,False
6912,64,250,ml,False
6912,96,1,bunch,True
6912,111,1,bunch,True
6912,258,1,tbsp,False
6912,426,150,g,False
6912,914,100,g,False
990,6,1,pinch,False
990,79,60,ml,False
990,335,2,tsp,False
990,577,500,g,False
990,623,1,tsp,False
990,624,1,tsp,False
990,643,2,kg,False
925,344,1,piece,True
925,361,250,ml,False
925,460,5,piece,False
925,643,1,slice,True
929,302,1,slice,False
929,327,30,ml,True
929,344,2,piece,False
929,361,500,ml,False
929,623,4,piece,False
814,25,2,tbsp,False
814,26,2,tbsp,False
814,29,1,piece,False
814,126,1,tbsp,False
814,128,3,tbsp,False
814,242,0.5,tsp,False
814,335,1,tsp,False
814,581,1,packet,False
814,643,6,piece,False
898,168,1,slice,True
898,460,5,piece,False
898,843,1,cup,False
898,844,1,cup,False
898,845,1,sprig,True
768,6,1,pinch,False
768,7,1,pinch,False
768,8,200,g,False
768,25,30,g,False
768,37,2,clove,False
768,139,1,kg,False
768,190,250,ml,False
722,5,5,ml,True
722,6,1,pinch,False
722,34,1,piece,False
722,66,1,pinch,False
722,96,1,sprig,True
722,126,5,ml,False
722,286,1,pinch,True
722,306,2,slice,False
3,1,500,g,False
3,6,1,pinch,False
3,7,1,pinch,False
3,8,4,slice,False
3,9,4,leaf,True
3,10,1,piece,True
3,14,8,slice,False
3,15,4,piece,False
3,16,4,tbsp,False
97,5,1,tbsp,False
97,6,1,pinch,False
97,7,1,pinch,False
97,11,1,piece,False
97,14,150,g,False
97,16,120,ml,False
97,18,1,tbsp,False
97,37,2,clove,False
97,51,1,tsp,False
97,58,0.5,tsp,True
97,75,2,tbsp,False
97,79,1,tbsp,False
97,114,2,tbsp,False
97,170,800,g,False
97,171,2,tbsp,False
96,6,2,tbsp,False
96,7,1,tbsp,False
96,22,1,tbsp,False
96,28,1,tbsp,False
96,110,2,tbsp,False
96,169,2.5,kg,False
1737,37,2,clove,False
1737,138,2,sprig,False
1737,231,30,ml,True
1737,1265,500,g,False
1619,5,2,tbsp,False
1619,6,1,tbsp,False
1619,14,100,g,True
1619,25,4,tbsp,True
1619,139,4,piece,False
1619,141,100,ml,True
1619,160,1,bunch,True
1619,236,100,g,True
1454,5,2,tbsp,False
1454,6,1,pinch,False
1454,7,1,pinch,False
1454,11,1,piece,False
1454,37,4,clove,False
1454,105,1.5,kg,False
1454,115,250,ml,False
1454,138,2,sprig,False
1454,151,1,piece,False
1454,182,1,piece,False
1454,223,200,ml,False
2197,6,1,pinch,False
2197,25,200,g,False
2197,26,300,g,False
2197,29,3,piece,False
2197,128,150,g,False
2197,258,1,tsp,False
2197,312,1,tsp,False
2197,1422,300,ml,False
1320,5,2,tbsp,False
1320,6,1,pinch,False
1320,10,400,g,False
1320,11,1,piece,False
1320,37,2,clove,False
1320,66,1,pinch,False
1320,96,1,bunch,False
1320,197,1,tsp,False
1320,210,1,piece,False
1320,231,100,ml,False
1320,257,150,ml,False
1320,284,100,g,False
1320,1077,4,piece,False
1320,1078,1,tsp,False
1512,5,3,tbsp,False
1512,6,1,pinch,False
1512,7,1,pinch,False
1512,10,400,g,False
1512,11,1,piece,False
1512,37,2,clove,False
1512,96,1,tbsp,False
1512,210,1,piece,False
1512,1078,1,tsp,False
1512,1186,600,g,False
1433,5,3,tbsp,False
1433,6,1,pinch,False
1433,7,1,pinch,False
1433,10,400,g,False
1433,11,1,piece,False
1433,37,2,clove,False
1433,51,2,tsp,False
1433,73,1,pinch,False
1433,96,1,bunch,False
1433,115,200,ml,False
1433,211,1,piece,False
1433,231,150,ml,False
1433,1037,600,g,False
1986,6,10,g,False
1986,26,500,g,False
1986,80,350,ml,False
1986,657,7,g,False
1949,6,1,pinch,False
1949,25,150,g,False
1949,26,50,g,False
1949,29,4,piece,False
1949,128,150,g,False
1949,312,1,tsp,False
1949,799,150,g,False
1741,7,1,pinch,False
1741,27,2,tbsp,False
1741,37,1,clove,False
1741,231,300,ml,False
1741,242,1,pinch,False
1741,461,1,piece,False
1741,1241,2,tbsp,True
1741,1268,400,g,False
7713,5,2,tbsp,False
7713,6,1,pinch,False
7713,7,1,pinch,False
7713,11,1,piece,False
7713,37,2,clove,False
7713,96,1,bunch,False
7713,101,1,tsp,False
7713,126,2,tbsp,False
7713,191,50,g,False
7713,975,400,g,False
7713,2568,300,g,False
7733,6,1,pinch,False
7733,11,1,piece,False
7733,25,30,g,False
7733,37,2,clove,False
7733,64,100,ml,False
7733,66,1,pinch,False
7733,87,1,tsp,False
7733,139,700,g,False
7733,190,200,ml,False
7733,236,100,g,False
7733,516,400,g,False
7856,5,60,ml,False
7856,6,5,g,False
7856,26,500,g,False
7856,29,2,piece,False
7856,128,50,g,False
7856,650,250,ml,False
7856,657,7,g,False
8147,5,3,tbsp,False
8147,6,1,pinch,False
8147,7,1,pinch,False
8147,10,2,piece,False
8147,11,1,piece,False
8147,37,1,clove,False
8147,50,300,g,False
8147,59,1,tsp,False
8147,96,1,bunch,False
8147,111,2,piece,False
8147,126,2,tbsp,False
8147,308,1,piece,False
8147,683,4,piece,False
8147,731,150,g,False
8147,845,5,leaf,False
8147,2909,150,g,False
8220,5,4,tbsp,False
8220,6,1,tsp,False
8220,7,1,tsp,False
8220,10,2,piece,False
8220,25,100,g,False
8220,29,1,piece,False
8220,37,3,clove,False
8220,95,3,tbsp,False
8220,138,2,sprig,False
8220,167,1,bunch,False
8220,335,1,tsp,False
8220,341,300,g,False
8220,486,1,piece,False
8220,507,1,piece,False
8220,511,200,g,False
8220,665,6,piece,False
8220,2071,1,kg,False
8220,2906,400,g,False
7636,5,3,tbsp,False
7636,6,1,pinch,False
7636,7,1,pinch,False
7636,10,2,piece,False
7636,11,1,piece,False
7636,37,3,clove,False
7636,96,2,tbsp,False
7636,114,2,tbsp,False
7636,216,500,g,False
7636,231,100,ml,False
7636,442,400,g,False
7635,5,2,tbsp,False
7635,6,1,pinch,False
7635,7,1,pinch,False
7635,168,1,piece,True
7635,216,2,piece,False
8158,5,3,tbsp,False
8158,6,1,pinch,False
8158,7,1,pinch,False
8158,11,1,piece,False
8158,37,3,clove,False
8158,101,1,tsp,False
8158,105,1.2,kg,False
8158,138,3,sprig,False
8158,168,1,piece,False
8151,5,3,tbsp,False
8151,6,1,tsp,False
8151,7,1,tsp,False
8151,10,1,piece,False
8151,11,0.5,piece,False
8151,37,2,clove,False
8151,61,500,g,False
8151,101,1,tbsp,False
8151,126,2,tbsp,False
8151,436,4,piece,True
8151,683,4,piece,False
8151,1069,6,piece,False
8151,3107,0.5,cup,False
7622,5,100,ml,False
7622,6,1,pinch,False
7622,7,1,pinch,False
7622,26,100,g,False
7622,96,1,sprig,True
7622,168,1,piece,True
7622,3121,500,g,False
4243,5,50,ml,False
4243,6,1,pinch,True
4243,11,2,piece,False
4243,25,100,g,False
4243,64,400,ml,False
4243,191,50,g,False
4243,242,1,pinch,False
4243,407,1,tsp,False
4243,914,4,piece,False
4243,1005,800,g,False
3653,5,100,ml,False
3653,11,1,piece,False
3653,37,2,clove,False
3653,64,500,ml,False
3653,191,50,g,False
3653,914,4,piece,False
3653,1005,600,g,False
3653,2069,300,g,True
3649,5,200,ml,False
3649,6,1,pinch,False
3649,37,1,clove,False
3649,80,2,cup,False
3649,96,1,bunch,False
3649,1005,500,g,False
3649,2069,200,g,True
4024,25,120,g,False
4024,26,120,g,False
4024,128,100,g,False
4024,799,100,g,False
4024,1328,150,g,False
3742,5,150,ml,False
3742,25,50,g,False
3742,37,4,clove,False
3742,914,8,piece,False
4145,6,1,pinch,False
4145,11,0.5,piece,False
4145,30,500,ml,False
4145,37,3,clove,False
4145,80,50,ml,False
4145,103,500,g,False
4145,324,2,tbsp,False
4145,341,100,g,False
4145,524,1,piece,False
3927,5,2,tbsp,False
3927,6,1,pinch,False
3927,7,1,pinch,False
3927,11,1,piece,False
3927,28,1,tsp,False
3927,29,4,piece,False
3927,37,2,clove,False
3927,96,1,tbsp,True
3927,286,1,pinch,True
3927,508,400,g,False
4248,5,4,tbsp,False
4248,6,1,pinch,False
4248,7,1,pinch,False
4248,10,3,piece,False
4248,29,1,piece,False
4248,37,2,clove,False
4248,53,100,g,False
4248,96,1,bunch,False
4248,168,1,piece,True
4248,191,50,g,False
4248,231,100,ml,True
4248,286,1,pinch,True
4248,477,8,piece,False
3712,5,3,tbsp,False
3712,6,1,pinch,False
3712,7,1,pinch,False
3712,11,1,piece,False
3712,37,2,clove,False
3712,53,100,g,False
3712,96,1,bunch,False
3712,168,1,piece,False
3712,1048,12,piece,False
3852,5,2,tbsp,False
3852,6,1,pinch,False
3852,7,1,pinch,False
3852,10,4,piece,False
3852,11,1,piece,False
3852,37,2,clove,False
3852,96,2,tbsp,False
3852,191,50,g,False
3852,239,1,cup,False
8618,111,1,bunch,False
8618,128,1,tsp,False
8618,177,2,tbsp,False
8618,272,2,tbsp,False
8618,302,1,piece,False
8618,3215,300,ml,False
8618,3410,300,g,False
8778,30,2,tbsp,False
8778,111,1,piece,True
8778,128,1,tsp,False
8778,177,3,tbsp,False
8778,272,2,tbsp,False
8778,273,2,ml,False
8778,1509,300,g,False
8778,1587,50,g,True
9213,6,1,pinch,False
9213,177,2,tbsp,False
9213,239,2,cup,False
9213,272,1,tbsp,False
9213,273,2,ml,False
9213,302,1,piece,False
9213,3230,1,bunch,True
9213,3630,2,piece,False
8507,6,1,tbsp,False
8507,30,1,tbsp,True
8507,3369,2,piece,False
8507,3370,1,piece,True
8290,6,1,pinch,False
8290,80,1500,ml,False
8290,95,1,tbsp,True
8290,239,100,g,False
8290,556,100,g,False
8941,6,1,pinch,False
8941,64,500,ml,False
8941,80,1,l,False
8941,128,150,g,False
8941,190,250,ml,False
8941,312,1,tsp,False
8941,3348,200,g,False
8981,25,20,g,True
8981,310,2,piece,False
8981,3385,100,g,False
9024,29,3,piece,False
9024,64,30,ml,False
9024,95,2,tbsp,False
9024,128,100,g,False
9024,801,70,g,False
8815,5,1,tbsp,False
8815,6,1,pinch,False
8815,7,1,pinch,False
8815,14,100,g,False
8815,37,2,clove,False
8815,191,30,g,False
8815,281,200,g,False
8815,3470,150,g,False
8849,6,1,pinch,False
8849,10,150,g,False
8849,11,1,piece,False
8849,30,2,tbsp,False
8849,37,2,clove,False
8849,58,1,tsp,True
8849,66,1,pinch,False
8849,155,1,bunch,True
8849,190,150,ml,False
8849,236,200,g,False
8849,302,1,tsp,False
8849,331,1,tsp,False
8849,1108,2,tbsp,False
4675,5,2,tbsp,False
4675,6,1,tsp,False
4675,7,1,tsp,False
4675,10,2,piece,False
4675,11,1,piece,False
4675,37,4,clove,False
4675,51,1,tsp,False
4675,113,1,piece,False
4675,231,150,ml,False
4675,257,200,ml,False
4675,589,1,kg,False
4651,6,1,tsp,False
4651,7,1,tsp,False
4651,10,2,piece,False
4651,11,1,piece,False
4651,30,2,tbsp,False
4651,37,4,clove,False
4651,58,2,tsp,False
4651,59,1,tsp,False
4651,61,800,g,False
4651,113,1,piece,False
4651,137,250,ml,False
4651,144,1,tsp,False
4651,229,800,g,False
4651,317,250,ml,False
5027,2296,150,g,False
5027,2453,200,g,False
5028,80,500,ml,False
5028,126,2,tbsp,False
5028,128,1,cup,False
5028,2186,1,kg,False
5035,80,1,cup,False
5035,128,500,g,False
5035,2488,1,kg,False
5038,80,250,ml,False
5038,121,1,piece,False
5038,128,500,g,False
5038,1756,500,g,True
5038,2186,500,g,False
4914,64,1,l,False
4914,80,500,ml,False
4914,128,100,g,False
4914,312,1,tsp,False
4914,344,1,piece,False
4914,2274,100,g,False
4918,6,1,pinch,False
4918,27,40,g,False
4918,80,1000,ml,False
4918,128,100,g,False
4918,312,1,tsp,False
4918,542,500,g,False
4917,80,1.5,cup,False
4917,344,2,piece,False
4917,384,100,g,False
4917,465,100,g,False
4917,2319,150,g,False
5244,80,1250,ml,False
5244,312,1,tsp,False
5244,344,1,piece,False
5244,533,100,g,False
5244,2319,100,g,False
10073,6,1,tsp,False
10073,7,1,tsp,False
10073,11,1,piece,False
10073,30,2,tbsp,False
10073,37,2,clove,False
10073,38,2,tbsp,True
10073,80,2,cup,False
10073,239,1,cup,False
10073,2045,150,g,False
10094,6,1,tsp,False
10094,7,1,tsp,False
10094,11,1,piece,False
10094,28,1,tsp,False
10094,30,2,tbsp,False
10094,37,3,clove,False
10094,59,1,tsp,False
10094,72,500,g,False
10094,80,1500,ml,False
10094,221,2,leaf,False
10094,2603,300,g,False
9709,5,2,tbsp,False
9709,6,1,pinch,False
9709,7,1,pinch,False
9709,11,1,piece,False
9709,28,1,tsp,False
9709,37,3,clove,False
9709,96,1,bunch,True
9709,113,1,piece,False
9709,114,2,tbsp,False
9709,151,2,piece,False
9709,182,2,piece,False
9709,498,1,l,False
9709,548,400,g,False
9709,554,100,g,False
9709,1412,200,g,False
10035,5,3,tbsp,False
10035,6,1,pinch,False
10035,7,1,pinch,False
10035,42,10,leaf,True
10035,206,200,g,False
10035,280,10,piece,True
10044,5,3,tbsp,False
10044,6,1,pinch,False
10044,7,1,pinch,False
10044,11,1,piece,False
10044,28,1,pinch,False
10044,37,2,clove,False
10044,96,1,bunch,False
10044,176,600,g,False
10044,221,1,piece,False
10044,231,125,ml,False
10044,3765,150,g,False
9422,5,2,tbsp,False
9422,6,1,pinch,False
9422,7,1,pinch,False
9422,11,1,piece,False
9422,37,2,clove,False
9422,87,1,tsp,False
9422,114,1,tbsp,False
9422,115,500,ml,False
9422,139,2,piece,False
9422,151,2,piece,False
9422,221,1,piece,False
9422,223,250,ml,False
9422,229,800,g,False
9422,1054,1,piece,False
9422,1243,2,piece,False
9389,5,2,tbsp,False
9389,6,1,pinch,False
9389,7,1,pinch,False
9389,11,1,piece,False
9389,37,2,clove,False
9389,115,500,ml,False
9389,129,1.2,kg,False
9389,138,1,sprig,False
9389,151,1,piece,False
9389,182,1,piece,False
9389,197,1,sprig,False
9389,221,1,leaf,False
9389,223,500,ml,False
9393,6,1,tsp,False
9393,11,1,piece,False
9393,26,0.5,cup,False
9393,29,1,piece,False
9393,30,500,ml,False
9393,37,2,clove,False
9393,53,1,cup,False
9393,66,1,tsp,False
9393,96,1,bunch,False
9393,242,1,pinch,False
9393,3673,500,g,False
9385,5,3,tbsp,False
9385,6,1,tsp,False
9385,7,1,tsp,False
9385,11,1,piece,True
9385,37,3,clove,False
9385,101,1,tsp,False
9385,113,1,piece,True
9385,168,1,piece,True
9385,223,100,ml,False
9385,224,600,g,False
9431,2,150,g,False
9431,5,2,tbsp,False
9431,6,1,pinch,False
9431,7,1,pinch,False
9431,25,30,g,False
9431,37,1,clove,False
9431,96,1,sprig,True
9431,115,50,ml,False
9431,213,1,piece,False
9431,215,1,tsp,False
9431,967,4,piece,False
9431,1002,4,slice,False
9431,1399,4,slice,False
9431,3650,100,ml,False
5482,5,3,tbsp,False
5482,6,1,pinch,False
5482,7,1,pinch,False
5482,10,1,piece,False
5482,11,1,piece,False
5482,37,3,clove,False
5482,96,2,tbsp,False
5482,216,1,piece,False
5482,231,150,ml,False
5482,239,200,g,False
5482,1173,1.5,l,False
5482,2107,1,piece,False
5487,5,3,tbsp,False
5487,6,1,pinch,False
5487,7,1,pinch,False
5487,10,2,piece,False
5487,11,1,piece,False
5487,37,3,clove,False
5487,96,1,bunch,False
5487,183,200,g,False
5487,211,1,piece,False
5487,231,150,ml,False
5487,451,1,l,False
5487,453,150,g,False
5487,454,150,g,False
5487,969,150,g,False
5487,1107,1,pinch,False
5487,2042,300,g,False
5504,5,2,tbsp,False
5504,6,1,pinch,False
5504,7,1,pinch,False
5504,10,1,piece,False
5504,11,1,piece,False
5504,37,2,clove,False
5504,96,1,bunch,False
5504,211,1,piece,False
5504,239,200,g,False
5504,257,800,ml,False
5504,1107,1,pinch,False
5504,2652,300,g,False
6256,5,3,tbsp,False
6256,6,1,pinch,False
6256,7,1,pinch,False
6256,10,2,piece,False
6256,11,1,piece,False
6256,37,3,clove,False
6256,51,1,tsp,True
6256,96,1,bunch,False
6256,231,100,ml,False
6256,239,300,g,False
6256,399,1,kg,False
6256,451,700,ml,False
5492,5,3,tbsp,False
5492,6,1,pinch,False
5492,7,1,pinch,False
5492,10,1,piece,False
5492,11,1,piece,False
5492,37,2,clove,False
5492,96,1,bunch,False
5492,211,1,piece,False
5492,239,200,g,False
5492,1005,300,g,False
5492,1173,500,ml,False
5488,5,4,tbsp,False
5488,6,1,pinch,False
5488,10,1,piece,False
5488,11,1,piece,False
5488,37,2,clove,False
5488,51,1,tsp,False
5488,96,1,bunch,False
5488,216,1,piece,False
5488,231,150,ml,False
5488,451,800,ml,False
5488,2042,300,g,False
5488,2107,1,piece,False
5512,5,3,tbsp,False
5512,6,1,pinch,False
5512,7,1,pinch,False
5512,10,1,piece,False
5512,11,1,piece,False
5512,28,1,tsp,False
5512,37,3,clove,False
5512,96,2,tbsp,False
5512,168,1,piece,False
5512,211,1,piece,False
5512,239,300,g,False
5512,451,700,ml,False
5512,1107,0.5,tsp,False
5512,2654,6,piece,False
5686,5,3,tbsp,False
5686,6,1,pinch,False
5686,7,1,pinch,False
5686,10,2,piece,False
5686,11,1,piece,False
5686,37,3,clove,False
5686,51,1,tsp,False
5686,96,1,bunch,False
5686,239,300,g,False
5686,1173,750,ml,False
5686,2039,500,g,False
5484,6,1,tsp,False
5484,11,1,piece,False
5484,30,2,tbsp,False
5484,37,3,clove,False
5484,59,1,tsp,False
5484,85,500,g,False
5484,113,1,piece,False
5484,144,1,tsp,False
5484,239,2,cup,False
5484,257,4,cup,False
5484,307,200,ml,False
5480,5,50,ml,False
5480,6,1,pinch,False
5480,10,150,g,False
5480,11,1,piece,False
5480,29,6,piece,False
5480,37,4,clove,False
5480,125,300,g,False
5480,239,400,g,False
5480,257,1,l,False
5480,1107,1,pinch,False
5480,1116,300,g,False
2826,6,1,pinch,False
2826,128,50,g,False
2826,538,300,g,False
2826,783,400,ml,False
2826,1740,20,g,False
3216,30,1,tbsp,False
3216,128,80,g,False
3216,423,80,g,False
3216,783,150,ml,False
3216,1589,100,g,False
2934,39,20,ml,False
2934,95,2,tbsp,False
2934,783,200,ml,False
2934,845,1,leaf,True
2934,879,150,g,False
2934,902,150,g,False
2934,1762,200,g,False
2404,30,2,tbsp,False
2404,37,3,clove,False
2404,113,1,piece,True
2404,128,1,tsp,False
2404,177,2,tbsp,False
2404,279,1,bunch,False
2404,299,1,tbsp,False
2404,367,200,g,False
2404,686,2,piece,False
2404,1159,1.5,tbsp,False
2404,1504,200,g,False
2811,6,1,pinch,False
2811,128,100,g,False
2811,274,1,tbsp,True
2811,783,400,ml,False
2811,1560,200,g,False
2811,1735,300,g,False
2834,80,250,ml,False
2834,128,200,g,False
2834,531,6,piece,False
2513,38,1,bunch,False
2513,111,1,bunch,False
2513,121,1,piece,True
2513,128,1,pinch,False
2513,257,1.5,cup,False
2513,407,1,tsp,False
2513,1159,2,tbsp,False
2513,1439,200,g,False
2513,1466,1,piece,True
2513,1504,200,g,False
2513,1598,2,tbsp,True
2907,37,2,clove,False
2907,121,5,piece,False
2907,128,1,tbsp,False
2907,1159,2,tbsp,False
2907,1192,1,piece,False
2852,6,1,pinch,False
2852,26,100,g,False
2852,30,500,ml,False
2852,128,50,g,False
2852,242,1,pinch,False
2852,335,1,tsp,False
2852,610,500,g,False
2861,6,1,tbsp,False
2861,46,0.5,piece,False
2861,58,1,tsp,False
2861,128,1,tbsp,False
2861,902,1,piece,False
2861,1653,1,tsp,False
2861,1756,1,piece,False
2861,1757,1,piece,False
6763,5,3,tbsp,False
6763,6,1,pinch,False
6763,7,1,pinch,False
6763,10,1,piece,False
6763,11,1,piece,False
6763,28,1,tsp,False
6763,37,2,clove,False
6763,96,1,bunch,False
6763,1153,500,g,False
7152,25,125,g,False
7152,26,250,g,False
7152,30,60,ml,False
7152,258,1,tsp,False
7152,312,1,tsp,False
7152,541,100,g,False
6701,5,3,tbsp,False
6701,6,1,pinch,False
6701,7,1,pinch,False
6701,10,1,piece,False
6701,11,1,piece,False
6701,96,30,g,False
6701,126,2,tbsp,False
6701,772,300,g,False
6701,2913,2,tbsp,False
6799,5,1,tbsp,True
6799,6,1,pinch,False
6799,10,1,piece,False
6799,33,1,piece,False
6799,37,1,clove,False
6799,59,1,pinch,True
6799,80,60,ml,False
6799,96,1,bunch,False
6799,126,30,ml,False
6799,308,0.5,piece,False
6799,504,60,g,False
6799,772,250,g,False
6674,74,250,g,False
6674,80,300,ml,False
6674,126,15,ml,False
6674,128,150,g,False
6674,344,1,piece,False
6674,2957,400,g,False
6674,2965,500,g,False
6757,6,1,pinch,False
6757,25,50,g,False
6757,26,300,g,False
6757,30,2,tbsp,False
6757,95,20,g,True
6757,128,30,g,False
6757,504,20,g,True
6757,650,150,ml,False
6757,1319,100,g,False
6825,5,2,tbsp,False
6825,6,1,tsp,False
6825,7,0.5,tsp,False
6825,11,1,piece,False
6825,28,1,tsp,False
6825,37,2,clove,False
6825,50,500,g,False
6825,59,1,tsp,False
6825,96,15,g,False
6825,134,0.5,tsp,False
6825,845,5,g,False
6825,1069,6,piece,False
7104,80,500,ml,False
7104,95,1,tbsp,True
7104,344,1,piece,True
7104,623,2,piece,True
7104,643,1,piece,False
6684,126,50,ml,False
6684,128,800,g,False
6684,1290,1,kg,False
7110,80,250,ml,False
7110,128,2,tbsp,True
7110,1290,500,g,False
87,6,2,tbsp,False
87,7,1,tbsp,False
87,16,100,ml,True
87,22,1,tbsp,False
87,28,2,tbsp,False
87,75,2,tbsp,False
87,79,100,ml,False
87,80,100,ml,False
87,109,2.5,kg,False
54,16,100,ml,False
54,99,4,piece,False
63,5,2,tbsp,False
63,6,1,pinch,False
63,11,1,piece,False
63,16,1,cup,False
63,37,3,clove,False
63,51,1,tsp,False
63,58,1,tsp,False
63,66,1,pinch,False
63,75,2,tbsp,False
63,79,2,tbsp,False
63,96,1,tbsp,True
63,112,1.5,kg,False
63,113,1,piece,False
63,114,2,tbsp,False
63,115,2,cup,False
67,6,1,tbsp,False
67,7,1,tsp,False
67,11,1,piece,False
67,16,250,ml,False
67,22,1,tsp,False
67,23,1,tsp,False
67,38,1,bunch,False
67,51,1,tbsp,False
67,78,1.5,kg,False
67,120,12,piece,False
67,121,1,piece,False
80,6,1,pinch,False
80,7,1,pinch,False
80,16,1,cup,False
80,30,2,tbsp,False
80,37,3,clove,False
80,51,1,tsp,False
80,75,2,tbsp,False
80,78,400,g,False
80,79,1,tbsp,False
80,80,2,cup,False
80,81,1,piece,False
80,147,500,g,False
71,5,2,tbsp,False
71,6,1,pinch,False
71,16,150,ml,False
71,66,1,pinch,False
71,130,6,piece,False
103,16,0.5,cup,False
103,33,0.5,piece,True
103,38,1,bunch,False
103,68,200,g,False
103,113,0.5,piece,True
103,179,1,piece,False
103,180,150,g,False
608,16,100,g,False
608,33,0.25,piece,False
608,38,1,bunch,False
608,180,150,g,False
608,282,150,g,False
608,659,1,piece,False
53,5,2,tbsp,False
53,6,1,tsp,False
53,7,1,tsp,False
53,16,120,ml,False
53,51,1,tsp,False
53,98,4,piece,False
219,5,1,tbsp,False
219,6,1,pinch,False
219,7,1,pinch,False
219,9,2,leaf,True
219,16,0.5,cup,False
219,33,0.25,piece,True
219,68,2,piece,False
219,70,2,piece,False
2180,6,1,pinch,False
2180,7,1,pinch,False
2180,25,100,g,False
2180,26,200,g,False
2180,29,3,piece,False
2180,80,50,ml,False
2180,190,200,ml,False
2180,242,1,dash,False
2180,1268,200,g,False
1987,6,1,pinch,False
1987,25,50,g,False
1987,26,50,g,False
1987,64,500,ml,False
1987,242,1,pinch,False
1987,407,1,pinch,False
1281,5,2,tbsp,False
1281,6,1,pinch,False
1281,7,1,pinch,False
1281,25,20,g,False
1281,37,2,clove,False
1281,115,100,ml,False
1281,213,1,piece,False
1281,223,100,ml,False
1281,1064,400,g,False
1262,2,250,g,False
1262,5,3,tbsp,False
1262,6,1,pinch,False
1262,11,1,piece,False
1262,25,50,g,False
1262,37,3,clove,False
1262,66,1,pinch,False
1262,114,2,tbsp,False
1262,115,500,ml,False
1262,151,2,piece,False
1262,176,1,kg,False
1262,197,3,sprig,False
1262,221,1,piece,False
1262,223,750,ml,False
1262,634,200,g,False
1234,5,2,tbsp,False
1234,6,1,pinch,False
1234,7,1,pinch,False
1234,42,10,g,False
1234,126,1,tbsp,False
1234,191,30,g,False
1234,206,200,g,False
1234,280,1,tbsp,True
1305,2,150,g,False
1305,6,1,pinch,False
1305,7,1,pinch,False
1305,11,1,piece,False
1305,30,2,tbsp,False
1305,37,2,clove,False
1305,114,1,tbsp,False
1305,115,300,ml,False
1305,151,1,piece,False
1305,176,800,g,False
1305,197,1,sprig,False
1305,221,1,leaf,False
1305,223,500,ml,False
1305,634,100,g,False
1266,5,3,tbsp,False
1266,6,1,pinch,False
1266,7,1,pinch,False
1266,11,1,piece,False
1266,37,3,clove,False
1266,114,2,tbsp,False
1266,115,500,ml,False
1266,138,1,sprig,False
1266,151,1,piece,False
1266,182,1,piece,False
1266,197,2,sprig,False
1266,221,1,leaf,False
1266,223,500,ml,False
1266,229,1000,g,False
1266,503,100,g,True
1276,5,2,tbsp,False
1276,6,1,pinch,False
1276,7,1,pinch,False
1276,11,1,piece,False
1276,37,2,clove,False
1276,114,2,tbsp,False
1276,115,500,ml,False
1276,151,1,piece,False
1276,197,2,sprig,False
1276,221,1,piece,False
1276,223,300,ml,False
1276,229,800,g,False
1309,5,2,tbsp,False
1309,6,1,pinch,False
1309,7,1,pinch,False
1309,25,2,tbsp,True
1309,37,1,clove,True
1309,138,1,sprig,True
1309,967,2,piece,False
1275,6,1,pinch,False
1275,11,500,g,False
1275,25,50,g,False
1275,26,20,g,False
1275,66,1,pinch,False
1275,115,500,ml,False
1275,236,100,g,False
1275,237,400,g,False
8235,95,10,ml,False
8235,126,15,ml,False
8235,335,1,pinch,False
8235,997,500,g,False
8235,3199,120,ml,False
8031,6,1,pinch,False
8031,7,1,pinch,False
8031,29,2,piece,False
8031,126,0.25,cup,False
8031,257,4,cup,False
7268,6,1,pinch,False
7268,7,1,pinch,False
7268,29,2,piece,False
7268,68,200,g,False
7268,96,1,tbsp,True
7268,126,3,tbsp,False
7268,239,0.5,cup,False
7268,257,2,l,False
7612,5,4,tbsp,False
7612,6,1,pinch,False
7612,7,1,pinch,False
7612,10,400,g,False
7612,11,1,piece,False
7612,37,2,clove,False
7612,96,1,bunch,False
7612,114,2,tbsp,False
7612,144,1,tsp,False
7612,472,800,g,False
7608,5,100,ml,False
7608,6,1,pinch,False
7608,7,1,pinch,False
7608,37,4,clove,False
7608,80,2,l,False
7608,96,1,bunch,True
7608,139,300,g,False
7608,364,2,tbsp,False
7608,1005,500,g,False
7613,6,1,pinch,False
7613,26,200,g,False
7613,30,500,ml,False
7613,168,1,piece,True
7613,258,1,tsp,False
7613,863,300,ml,False
7613,1005,500,g,False
7971,95,4,tbsp,False
7971,317,100,ml,False
7971,333,100,g,False
7971,335,2,tsp,False
7971,574,50,g,False
7971,643,4,piece,False
7971,682,100,g,True
7745,5,3,tbsp,False
7745,6,1,pinch,False
7745,7,1,pinch,False
7745,10,2,piece,False
7745,11,1,piece,False
7745,37,3,clove,False
7745,96,1,bunch,False
7745,101,1,tsp,False
7745,125,1.2,kg,False
7745,231,100,ml,False
7745,257,500,ml,False
7745,3129,200,g,False
7827,5,2,tbsp,False
7827,6,1,tsp,False
7827,7,0.5,tsp,False
7827,11,1,piece,False
7827,29,1,piece,False
7827,37,2,clove,False
7827,53,50,g,False
7827,59,1,tsp,False
7827,96,10,g,False
7827,155,1,tsp,False
7827,689,400,g,False
7665,5,3,tbsp,False
7665,6,1,pinch,False
7665,7,1,pinch,False
7665,11,1,piece,False
7665,28,1,tsp,False
7665,37,3,clove,False
7665,96,1,bunch,True
7665,101,1,tsp,False
7665,139,600,g,False
7665,231,100,ml,False
7665,2021,500,g,False
4179,75,2,tbsp,False
4179,758,1,cup,False
4199,5,250,ml,False
4199,279,50,g,False
3295,5,80,ml,False
3295,6,1,pinch,False
3295,7,1,pinch,False
3295,37,2,clove,False
3295,191,50,g,False
3295,279,1,bunch,False
3295,920,30,g,False
3295,1977,400,g,False
3898,5,50,ml,False
3898,6,1,pinch,False
3898,7,1,pinch,False
3898,37,2,clove,False
3898,96,1,bunch,False
3898,126,15,ml,False
3898,493,250,g,False
4265,5,3,tbsp,False
4265,6,1,pinch,False
4265,7,1,pinch,False
4265,37,2,clove,False
4265,80,1,cup,False
4265,96,1,bunch,False
4265,1412,250,g,False
3511,5,2,tbsp,False
3511,6,1,pinch,False
3511,7,1,pinch,False
3511,10,1,piece,False
3511,11,1,piece,False
3511,37,2,clove,False
3511,96,1,tbsp,True
3511,151,1,piece,False
3511,182,1,piece,False
3511,243,1,tsp,False
3511,257,1.5,cup,False
3511,442,100,g,False
3511,772,200,g,False
3616,5,3,tbsp,False
3616,6,1,pinch,False
3616,7,1,pinch,False
3616,11,1,piece,False
3616,37,3,clove,False
3616,53,100,g,False
3616,96,10,g,False
3616,101,1,tsp,False
3616,191,50,g,False
3616,232,400,g,False
3616,1092,500,g,False
3743,5,3,tbsp,False
3743,6,1,pinch,False
3743,7,1,pinch,False
3743,42,30,g,False
3743,168,0.5,piece,False
3743,191,15,g,False
3743,206,200,g,False
3743,279,3,leaf,True
3743,280,10,g,False
3638,5,2,tbsp,False
3638,6,1,pinch,False
3638,7,1,pinch,False
3638,42,30,g,True
3638,168,0.5,piece,False
3638,191,20,g,True
3638,967,200,g,False
3638,1052,10,g,False
3643,5,2,tbsp,False
3643,6,1,pinch,False
3643,7,1,pinch,False
3643,115,100,ml,False
3643,191,50,g,False
3643,223,100,ml,False
3643,248,8,slice,False
3643,279,8,leaf,False
3643,1092,8,piece,False
8710,37,1,clove,False
8710,38,1,bunch,False
8710,68,400,g,False
8710,111,2,piece,False
8710,128,1,tsp,False
8710,177,2,tbsp,False
8710,274,1,tbsp,False
8710,300,1,tbsp,False
8710,301,1,tbsp,False
8710,302,1,tsp,False
8710,308,1,piece,False
8710,504,3,tbsp,False
8710,1919,1,tbsp,False
8332,6,1,tsp,False
8332,111,1,bunch,True
8332,128,2,tbsp,False
8332,177,2,tbsp,True
8332,183,100,g,False
8332,300,4,tbsp,False
8332,308,0.5,piece,False
8332,322,1,tbsp,True
8332,441,150,g,False
8332,446,2,cup,False
8332,448,2,tbsp,True
8332,3244,1,tsp,True
8332,3260,150,g,False
8332,3262,1,piece,False
8332,3282,1,piece,False
8730,37,1,clove,True
8730,111,1,bunch,False
8730,177,50,ml,False
8730,302,10,g,False
8730,1587,50,g,True
8730,3270,2,leaf,True
8730,3440,200,g,False
8730,3441,10,g,True
9130,37,1,clove,True
9130,111,1,bunch,True
9130,177,50,ml,False
9130,302,10,g,True
9130,3440,150,g,False
9130,3591,30,ml,True
8949,25,10,g,False
8949,26,15,g,False
8949,29,4,piece,False
8949,128,150,g,False
8949,159,450,g,False
8949,190,300,ml,False
8949,1188,1,piece,False
9121,6,1,tbsp,False
9121,80,300,ml,False
9121,128,20,g,False
9121,177,30,ml,True
9121,239,150,g,False
9121,300,50,ml,False
9121,448,30,g,True
9121,3244,10,g,True
9121,3269,200,g,False
9121,3589,1,piece,False
8335,6,10,g,False
8335,128,15,g,False
8335,177,20,ml,True
8335,300,40,ml,False
8335,448,20,g,True
8335,2042,200,g,False
8335,3244,5,g,True
8335,3269,300,g,False
8335,3283,20,g,False
8745,6,10,g,False
8745,128,40,g,False
8745,300,100,ml,False
8745,302,200,g,False
8745,3446,30,g,False
9020,25,80,g,False
9020,26,150,g,False
9020,29,1,piece,False
9020,80,15,ml,False
9020,128,50,g,False
9020,190,100,ml,False
9020,312,1,tsp,False
9020,3558,300,g,False
9170,2,150,g,True
9170,6,1,pinch,False
9170,29,4,piece,False
9170,151,100,g,True
9170,168,1,piece,True
9170,177,50,ml,True
9170,183,300,g,False
9170,314,150,g,True
9170,473,200,g,True
4916,64,500,ml,False
4916,80,500,ml,False
4916,128,100,g,False
4916,335,1,tsp,True
4916,384,50,g,False
4916,2453,100,g,False
4882,6,1,pinch,False
4882,7,1,pinch,False
4882,10,1,piece,False
4882,11,0.5,piece,False
4882,34,2,piece,False
4882,38,10,leaf,False
4882,60,1,piece,True
4882,121,1,piece,False
5268,5,2,tbsp,False
5268,6,1,tsp,False
5268,7,1,tsp,False
5268,10,1,piece,False
5268,11,1,piece,False
5268,37,2,clove,False
5268,59,1,tsp,False
5268,96,1,bunch,False
5268,151,1,piece,False
5268,182,1,piece,False
5268,221,1,piece,False
5268,498,1,cup,False
5268,991,200,g,False
5235,5,100,ml,False
5235,6,1,pinch,False
5235,10,400,g,False
5235,11,1,piece,False
5235,37,3,clove,False
5235,66,1,pinch,False
5235,96,1,bunch,False
5235,211,1,piece,False
5235,221,1,leaf,False
5235,1005,500,g,False
5235,1078,2,tsp,False
5185,6,1,tsp,False
5185,7,1,tsp,False
5185,13,100,g,False
5185,22,0.5,tsp,False
5185,26,100,g,False
5185,30,500,ml,False
5185,38,1,bunch,False
5185,39,30,ml,False
5185,58,1,tsp,False
5185,120,8,piece,False
5185,121,1,piece,True
5185,137,200,ml,False
5185,141,100,g,False
5185,172,150,g,False
5185,184,15,ml,True
5185,258,1,tsp,False
5185,378,50,g,True
5185,426,50,g,False
5185,430,500,g,False
5184,5,15,ml,True
5184,6,1,tsp,False
5184,7,1,pinch,True
5184,10,1,piece,True
5184,26,200,g,False
5184,30,2,cup,False
5184,34,1,piece,True
5184,39,15,ml,True
5184,168,1,piece,False
5184,708,100,g,True
5184,2539,2,piece,False
5291,5,2,tbsp,False
5291,6,1,pinch,False
5291,7,1,pinch,False
5291,13,0.25,cup,True
5291,34,1,piece,False
5291,37,2,clove,False
5291,38,1,bunch,False
5291,39,2,tbsp,False
5291,58,1,tsp,False
5291,59,1,tsp,False
5291,120,8,piece,False
5291,172,150,g,False
5291,478,500,g,False
5291,2231,1,piece,True
4763,5,3,tbsp,False
4763,6,1,tsp,False
4763,7,0.5,tsp,False
4763,37,3,clove,False
4763,96,2,tbsp,False
4763,125,1.2,kg,False
4763,138,2,tbsp,False
4763,197,1,tbsp,False
5113,6,1,pinch,False
5113,25,2,tbsp,False
5113,128,1,tsp,False
5113,190,100,ml,False
5113,335,1,pinch,True
5113,845,1,sprig,True
5113,2308,4,piece,False
4935,64,250,ml,False
4935,95,1,tbsp,True
4935,571,1,piece,False
9395,5,2,tbsp,False
9395,6,1,pinch,False
9395,7,1,pinch,False
9395,25,30,g,False
9395,37,1,clove,False
9395,96,1,tbsp,False
9395,190,150,ml,False
9395,213,1,piece,False
9395,215,1,tsp,False
9395,231,100,ml,False
9395,967,500,g,False
9407,5,3,tbsp,False
9407,6,1,tsp,False
9407,7,1,tsp,False
9407,37,2,clove,False
9407,51,1,tsp,False
9407,59,1,tsp,False
9407,96,1,bunch,True
9407,168,1,piece,True
9407,1069,6,piece,False
9407,2542,500,g,False
9405,6,1,pinch,False
9405,7,1,pinch,False
9405,11,2,piece,False
9405,30,2,tbsp,False
9405,1597,500,g,False
9416,1,500,g,False
9416,5,2,tbsp,False
9416,6,1,tsp,False
9416,7,1,tsp,False
9416,10,400,g,False
9416,11,1,piece,False
9416,28,1,tsp,False
9416,29,1,piece,False
9416,37,3,clove,False
9416,53,0.5,cup,False
9416,59,1,pinch,False
9416,96,1,bunch,False
9416,221,1,piece,False
9416,231,125,ml,False
9411,6,1,tsp,False
9411,11,1,piece,False
9411,30,2,tbsp,False
9411,37,3,clove,False
9411,66,1,tsp,False
9411,96,2,tbsp,False
9411,114,2,tbsp,False
9411,115,1,l,False
9411,139,3,piece,False
9411,151,1,piece,False
9411,182,2,slice,False
9411,197,1,sprig,False
9411,221,1,piece,False
9411,223,250,ml,False
9411,633,1.5,kg,False
9423,1,500,g,False
9423,6,1,tsp,False
9423,7,1,tsp,False
9423,11,1,piece,False
9423,28,1,tsp,False
9423,29,4,piece,False
9423,30,2,tbsp,False
9423,37,2,clove,False
9438,5,2,tbsp,False
9438,6,1,pinch,False
9438,7,1,pinch,False
9438,11,1,piece,False
9438,37,2,clove,False
9438,87,1,tsp,False
9438,96,1,tbsp,True
9438,114,1,tbsp,False
9438,115,500,ml,False
9438,151,1,piece,False
9438,176,500,g,False
9438,221,1,piece,False
9438,223,200,ml,False
9438,1054,300,g,False
9436,1,500,g,False
9436,5,3,tbsp,False
9436,6,1,pinch,False
9436,7,1,pinch,False
9436,11,1,piece,False
9436,37,3,clove,False
9436,87,1,tsp,False
9436,96,1,bunch,True
9436,101,1,tsp,False
9436,114,2,tbsp,False
9436,115,250,ml,False
9436,151,1,piece,False
9436,182,1,piece,False
9436,191,50,g,False
9436,223,150,ml,False
9436,232,400,g,False
9436,442,400,g,False
9392,5,2,tbsp,False
9392,6,1,pinch,False
9392,11,1,piece,False
9392,18,2,tbsp,True
9392,66,1,pinch,False
9392,96,1,sprig,True
9392,115,500,ml,False
9392,151,1,piece,False
9392,691,4,piece,False
9392,1092,4,piece,False
9420,5,2,tbsp,False
9420,6,1,tbsp,False
9420,7,1,tsp,False
9420,22,1,tsp,False
9420,106,1,tsp,False
9420,115,250,ml,False
9420,139,500,g,False
9420,151,300,g,False
9420,3677,1.5,kg,False
5513,5,2,tbsp,False
5513,6,1,pinch,False
5513,10,1,piece,False
5513,11,1,piece,False
5513,37,2,clove,False
5513,51,1,tsp,False
5513,66,1,pinch,False
5513,96,1,bunch,False
5513,239,200,g,False
5513,451,600,ml,False
5513,1180,300,g,False
5507,5,2,tbsp,False
5507,6,1,tsp,False
5507,10,1,piece,False
5507,11,1,piece,False
5507,37,2,clove,False
5507,51,1,tsp,False
5507,59,1,tsp,False
5507,96,1,bunch,False
5507,239,200,g,False
5507,498,500,ml,False
5507,689,240,g,False
5496,6,1,pinch,False
5496,7,1,pinch,False
5496,11,1,piece,False
5496,30,2,tbsp,False
5496,37,2,clove,False
5496,38,1,bunch,True
5496,59,1,tsp,False
5496,101,1,tsp,False
5496,113,1,piece,False
5496,143,1,can,False
5496,239,1.5,cup,False
5496,257,3,cup,False
5496,307,0.5,cup,False
5498,64,500,ml,False
5498,80,250,ml,False
5498,128,100,g,False
5498,239,100,g,False
5498,312,1,tsp,False
5498,335,1,tsp,True
5498,344,1,piece,False
5498,775,1,tsp,False
5824,6,1,pinch,False
5824,25,20,g,False
5824,64,1,l,False
5824,128,150,g,False
5824,239,150,g,False
5824,312,1,tsp,True
5824,335,1,tsp,False
5824,344,2,piece,False
5824,775,1,piece,False
5954,6,1,pinch,False
5954,64,1,l,False
5954,80,200,ml,False
5954,128,150,g,False
5954,190,100,ml,False
5954,239,150,g,False
5954,312,1,tsp,False
5954,344,1,piece,False
5521,5,3,tbsp,False
5521,6,1,tsp,False
5521,7,1,tsp,False
5521,10,2,piece,False
5521,11,1,piece,False
5521,37,3,clove,False
5521,51,1,tsp,False
5521,96,1,bunch,False
5521,113,1,piece,False
5521,239,300,g,False
5521,454,1,kg,False
5521,1107,1,pinch,False
5521,1173,750,ml,False
5494,5,2,tbsp,False
5494,6,1,tsp,False
5494,7,0.5,tsp,False
5494,11,1,piece,False
5494,30,3,tbsp,False
5494,37,4,clove,False
5494,38,1,bunch,False
5494,59,1,tsp,False
5494,96,0.5,bunch,False
5494,114,3,tbsp,False
5494,137,250,ml,False
5494,144,1,tsp,False
5494,211,1,piece,False
5494,239,2,cup,False
5494,1087,1,l,False
5494,1088,1.5,kg,False
5501,5,2,tbsp,False
5501,6,1,pinch,False
5501,11,1,piece,False
5501,37,2,clove,False
5501,51,1,tsp,False
5501,66,1,pinch,False
5501,96,1,tbsp,False
5501,113,2,piece,False
5501,239,1,cup,False
5501,257,2,cup,False
5590,5,3,tbsp,False
5590,6,1,tsp,False
5590,7,1,tsp,False
5590,10,2,piece,False
5590,11,1,piece,False
5590,28,1,tsp,False
5590,37,3,clove,False
5590,96,1,bunch,False
5590,102,800,g,False
5590,211,1,piece,False
5590,239,300,g,False
5590,257,750,ml,False
5590,443,100,g,False
5590,1107,0.5,tsp,False
2983,39,2,tbsp,False
2983,80,1.5,cup,False
2983,121,1,piece,False
2983,155,1,bunch,False
2983,167,30,g,False
2983,183,150,g,True
2983,213,2,piece,False
2983,1159,2,tbsp,False
2983,1174,200,g,True
2983,1435,3,leaf,False
2983,1441,2,sprig,False
2983,1456,30,g,False
2983,1465,3,piece,False
2983,1838,100,g,True
2983,1839,50,g,True
2952,30,2,tbsp,False
2952,37,4,clove,False
2952,80,300,ml,False
2952,783,400,ml,False
2952,1159,2,tbsp,False
2952,1192,5,piece,False
2952,1436,1,tbsp,False
2952,1445,1,tbsp,False
2952,1486,20,leaf,True
2952,1487,10,leaf,True
2952,1495,500,g,False
2299,6,1,tsp,False
2299,30,2,tbsp,False
2299,37,4,clove,False
2299,38,5,leaf,True
2299,213,3,piece,False
2299,644,1,tsp,False
2299,783,400,ml,False
2299,1159,2,tbsp,False
2299,1436,1,tbsp,False
2299,1442,1,piece,False
2299,1460,5,piece,False
2299,1495,300,g,False
2299,1496,20,g,False
2299,1497,1,tsp,False
3200,30,2,tbsp,False
3200,37,4,clove,False
3200,61,600,g,False
3200,80,1,cup,False
3200,155,1,bunch,True
3200,188,1,tbsp,False
3200,213,3,piece,False
3200,302,3,slice,False
3200,644,1,tsp,False
3200,1159,2,tbsp,False
3200,1436,1,tbsp,False
3200,1456,2,slice,False
3200,1460,6,piece,False
3200,1678,50,ml,False
2300,2,300,g,False
2300,30,2,tbsp,False
2300,37,4,clove,False
2300,213,3,piece,False
2300,644,1,tsp,False
2300,783,400,ml,False
2300,1159,2,tbsp,False
2300,1435,3,piece,False
2300,1436,1,tbsp,False
2300,1437,10,leaf,False
2300,1441,1,piece,False
2300,1442,1,piece,False
2300,1445,1,tsp,False
2300,1456,1,piece,False
2300,1460,5,piece,False
2962,30,2,tbsp,False
2962,37,3,clove,False
2962,783,400,ml,False
2962,1159,1,tbsp,False
2962,1435,3,leaf,False
2962,1436,1,tbsp,False
2962,1441,1,bunch,False
2962,1442,2,piece,False
2962,1445,1,tbsp,False
2962,1446,10,leaf,False
2962,1456,20,g,False
2962,1460,5,piece,False
2962,1821,100,g,False
2962,1822,100,g,True
2982,30,2,tbsp,False
2982,37,5,clove,False
2982,80,100,ml,False
2982,213,3,piece,False
2982,783,400,ml,False
2982,1159,2,tbsp,False
2982,1435,3,leaf,False
2982,1436,1,tbsp,False
2982,1437,5,leaf,False
2982,1441,1,piece,False
2982,1456,2,slice,False
2982,1466,3,piece,False
2982,1629,2,tbsp,False
2982,1837,300,g,False
2402,30,2,tbsp,False
2402,37,5,clove,False
2402,38,5,leaf,False
2402,80,1,cup,False
2402,125,500,g,False
2402,213,3,piece,False
2402,279,10,leaf,False
2402,331,1,tsp,False
2402,507,150,g,False
2402,644,1,tsp,False
2402,1159,2,tbsp,False
2402,1434,150,g,False
2402,1436,1,tbsp,False
2402,1441,2,piece,False
2402,1442,3,piece,False
2402,1445,1,tbsp,False
2402,1455,100,g,False
2402,1456,10,g,False
2402,1465,10,piece,False
2273,6,1,pinch,False
2273,30,2,tbsp,False
2273,37,4,clove,False
2273,38,1,bunch,True
2273,61,600,g,False
2273,80,500,ml,False
2273,213,3,piece,False
2273,302,30,g,False
2273,921,30,g,False
2273,1159,30,ml,False
2273,1436,30,g,False
2273,1472,60,g,False
2984,37,4,clove,False
2984,213,2,piece,False
2984,363,500,ml,False
2984,367,300,g,False
2984,507,1,piece,False
2984,1159,2,tbsp,False
2984,1435,2,leaf,False
2984,1436,1,tbsp,False
2984,1441,2,piece,False
2984,1442,1,piece,False
2984,1443,1,tbsp,False
2984,1446,10,leaf,False
2984,1456,1,slice,False
2984,1460,6,piece,False
2984,1492,150,g,False
2984,1841,1,tbsp,False
6969,6,1,tsp,False
6969,25,30,g,True
6969,96,1,bunch,True
6969,125,1,piece,False
6969,156,1,tsp,False
6969,650,300,ml,False
6969,754,300,g,False
6612,80,1,l,False
6612,128,250,g,False
6612,168,1,piece,False
6612,333,50,g,True
6612,344,1,piece,False
6612,1289,4,piece,False
6989,1,250,g,False
6989,6,1,pinch,False
6989,7,1,pinch,False
6989,11,1,piece,False
6989,25,100,g,False
6989,96,1,bunch,False
6989,139,500,g,False
6989,511,150,g,False
6989,2906,6,piece,False
6842,5,2,tbsp,False
6842,6,1,tsp,False
6842,7,1,tsp,False
6842,11,1,piece,False
6842,26,100,g,False
6842,30,500,ml,False
6842,96,1,bunch,False
6842,168,1,piece,True
6842,1926,500,g,False
6527,5,3,tbsp,False
6527,6,1,pinch,False
6527,7,1,pinch,False
6527,33,0.25,piece,True
6527,37,1,clove,False
6527,96,1,bunch,False
6527,168,1,piece,False
6527,975,400,g,False
7025,5,3,tbsp,False
7025,6,1,pinch,False
7025,7,1,pinch,False
7025,11,1,piece,False
7025,96,1,bunch,True
7025,168,1,piece,False
7025,239,1,cup,False
7025,498,2,cup,False
7025,516,4,piece,False
6394,6,1,pinch,False
6394,7,1,pinch,False
6394,11,1,piece,False
6394,25,30,g,False
6394,80,500,ml,False
6394,167,1,sprig,True
6394,168,1,piece,False
6394,190,100,ml,False
6394,257,500,ml,False
6394,516,500,g,False
7061,5,3,tbsp,False
7061,6,1,pinch,False
7061,7,1,pinch,False
7061,11,1,piece,False
7061,80,500,ml,False
7061,96,2,tbsp,True
7061,114,2,tbsp,False
7061,151,1,piece,False
7061,176,300,g,False
7061,516,4,piece,False
7031,5,150,ml,False
7031,6,1,tsp,False
7031,11,1,piece,False
7031,80,300,ml,False
7031,96,1,bunch,True
7031,128,1,tsp,False
7031,168,2,piece,False
7031,516,8,piece,False
7218,25,100,g,False
7218,80,500,ml,False
7218,128,150,g,False
7218,333,50,g,True
7218,426,200,g,False
57,5,2,tbsp,False
57,6,1,tsp,False
57,7,0.5,tsp,False
57,16,0.5,cup,False
57,22,1,tsp,False
57,28,1,tbsp,False
57,58,1,tsp,False
57,75,1,tbsp,False
57,102,6,piece,False
77,5,2,tbsp,False
77,6,1,pinch,False
77,8,200,g,False
77,14,100,g,False
77,16,150,ml,False
77,111,2,piece,False
77,139,4,piece,False
77,140,300,g,False
77,141,100,g,False
100,6,1,tbsp,False
100,7,1,tbsp,False
100,16,1,cup,False
100,22,1,tbsp,False
100,28,2,tbsp,False
100,75,2,tbsp,False
100,78,1,kg,False
100,85,1,kg,False
100,102,4,piece,False
100,174,4,piece,False
82,8,150,g,False
82,10,1,piece,False
82,16,50,ml,False
82,33,0.25,piece,False
82,38,1,bunch,False
82,60,1,piece,False
82,72,100,g,False
82,97,300,g,False
82,141,100,g,False
82,150,200,g,False
91,6,1,tbsp,False
91,7,1,tbsp,False
91,16,0.5,cup,False
91,22,1,tbsp,False
91,23,1,tbsp,False
91,28,2,tbsp,False
91,58,1,tbsp,False
91,75,0.25,cup,False
91,95,0.25,cup,False
91,103,1.5,kg,False
65,5,2,tbsp,False
65,6,1,tsp,False
65,7,1,tsp,False
65,16,1,cup,False
65,37,2,clove,False
65,51,1,tsp,False
65,118,4,piece,False
62,6,1,pinch,False
62,7,1,pinch,False
62,16,300,ml,False
62,68,1,kg,False
84,5,2,tbsp,False
84,6,1,pinch,False
84,7,1,pinch,False
84,11,1,piece,False
84,15,4,piece,True
84,16,120,ml,False
84,37,2,clove,False
84,51,1,tsp,False
84,58,1,tsp,False
84,59,1,tsp,False
84,79,15,ml,False
84,153,400,g,False
107,6,1,pinch,False
107,8,200,g,False
107,16,150,ml,False
107,25,50,g,False
107,26,50,g,False
107,51,1,tsp,True
107,64,500,ml,False
107,66,1,pinch,False
107,96,1,tbsp,True
107,161,250,g,False
107,190,100,ml,False
107,191,50,g,False
107,192,300,g,False
107,193,50,g,True
122,6,1,tsp,False
122,7,1,tsp,False
122,16,0.5,cup,False
122,51,1,tsp,False
122,95,2,tbsp,True
122,208,1,kg,False
1348,5,2,tbsp,False
1348,6,1,pinch,False
1348,11,1,piece,False
1348,29,1,piece,False
1348,37,2,clove,False
1348,53,50,g,False
1348,66,1,pinch,False
1348,96,1,bunch,False
1348,115,500,ml,False
1348,151,1,piece,False
1348,182,1,piece,False
1348,221,1,leaf,False
1348,1092,500,g,False
1294,5,10,ml,False
1294,6,1,pinch,False
1294,7,1,pinch,False
1294,25,30,g,False
1294,80,30,ml,False
1294,213,1,piece,False
1294,336,1,tsp,False
1294,531,3,piece,False
1294,912,70,ml,False
1294,917,2,tbsp,False
1294,1070,600,g,False
1341,5,2,tbsp,False
1341,6,1,pinch,False
1341,7,1,pinch,False
1341,11,1,piece,False
1341,26,2,tbsp,False
1341,37,2,clove,False
1341,87,1,tsp,False
1341,96,2,tbsp,False
1341,114,1,tbsp,False
1341,115,500,ml,False
1341,151,1,piece,False
1341,176,600,g,False
1341,182,1,piece,False
1341,221,1,piece,False
1341,223,250,ml,False
1279,5,2,tbsp,False
1279,6,1,tbsp,False
1279,11,1,piece,False
1279,18,1,tsp,False
1279,37,2,clove,False
1279,80,2,cup,False
1279,96,1,sprig,True
1279,114,2,tbsp,False
1279,115,250,ml,False
1279,128,1,tsp,False
1279,184,1,tsp,False
1279,221,2,piece,False
1279,336,10,piece,False
1279,656,1,piece,False
1279,912,50,ml,False
1279,1063,1,kg,False
1272,2,250,g,False
1272,5,2,tbsp,False
1272,6,1,pinch,False
1272,25,20,g,False
1272,29,1,piece,False
1272,37,2,clove,False
1272,66,1,pinch,False
1272,197,2,sprig,False
1272,213,1,piece,False
1272,246,500,g,False
1272,248,8,slice,False
1272,967,700,g,False
1284,6,1,pinch,False
1284,7,1,pinch,False
1284,11,1,piece,False
1284,30,2,tbsp,False
1284,37,2,clove,False
1284,115,500,ml,False
1284,151,300,g,False
1284,176,500,g,False
1301,6,1,pinch,False
1301,7,1,pinch,False
1301,11,1,piece,False
1301,78,800,g,False
1301,80,2,cup,False
1301,151,1,piece,False
1301,182,1,piece,False
1301,221,2,leaf,False
1301,336,10,piece,False
1264,6,1,pinch,False
1264,7,1,pinch,False
1264,206,500,g,False
1264,1055,1,piece,False
1298,5,2,tbsp,False
1298,6,10,g,False
1298,138,1,sprig,True
1298,1073,500,g,False
1313,7,1,pinch,False
1313,11,1,piece,True
1313,30,2,tbsp,False
1313,37,2,clove,False
1313,113,1,piece,True
1313,176,400,g,False
1313,177,60,ml,False
1313,302,20,g,False
7714,5,2,tbsp,False
7714,6,1,tsp,False
7714,7,1,tsp,False
7714,37,2,clove,False
7714,279,5,leaf,True
7714,442,250,g,False
7714,487,200,g,False
7714,511,200,g,False
7391,5,2,tbsp,False
7391,6,1,pinch,False
7391,7,1,pinch,False
7391,37,2,clove,False
7391,144,1,tsp,False
7391,487,250,g,False
7391,511,200,g,False
7627,5,2,tbsp,False
7627,6,1,pinch,False
7627,7,1,pinch,False
7627,96,2,tbsp,False
7627,167,1,tbsp,False
7627,168,1,piece,False
7627,197,1,tbsp,False
7627,478,500,g,False
7732,5,2,tbsp,False
7732,6,1,tsp,False
7732,7,1,tsp,False
7732,10,2,piece,False
7732,11,1,piece,False
7732,37,2,clove,False
7732,96,1,bunch,False
7732,126,2,tbsp,False
7732,478,4,piece,False
7732,498,500,ml,False
7732,3090,200,g,False
7728,5,2,tbsp,False
7728,6,1,pinch,False
7728,7,1,pinch,False
7728,10,2,piece,False
7728,11,1,piece,False
7728,37,2,clove,False
7728,51,1,tsp,False
7728,53,0.5,cup,False
7728,96,1,bunch,False
7728,114,2,tbsp,False
7728,191,50,g,False
7728,379,300,g,False
7728,3103,500,g,False
7473,5,3,tbsp,False
7473,6,1,tbsp,False
7473,7,1,tsp,False
7473,37,4,clove,False
7473,138,2,sprig,False
7473,3025,1,piece,False
7742,5,2,tbsp,False
7742,6,1,tsp,False
7742,7,0.5,tsp,False
7742,11,1,piece,False
7742,29,1,piece,False
7742,37,3,clove,False
7742,50,500,g,False
7742,96,0.25,bunch,False
7742,101,1,tsp,False
7742,126,30,ml,False
7742,257,500,ml,False
7742,3090,200,g,False
7674,5,2,tbsp,False
7674,6,1,pinch,False
7674,7,1,pinch,False
7674,10,1,piece,False
7674,33,0.25,piece,False
7674,37,2,clove,False
7674,96,1,bunch,False
7674,126,1,tbsp,False
7674,457,12,piece,False
7674,511,100,g,False
7743,5,2,tbsp,False
7743,6,1,pinch,False
7743,10,400,g,False
7743,11,1,piece,False
7743,29,1,piece,False
7743,37,2,clove,False
7743,66,1,pinch,False
7743,144,1,tsp,False
7743,341,150,g,False
7743,482,375,g,False
7743,503,100,g,False
7743,511,150,g,False
7723,5,2,tbsp,False
7723,6,1,pinch,False
7723,7,1,pinch,False
7723,10,1,piece,False
7723,11,1,piece,False
7723,37,2,clove,False
7723,80,100,ml,False
7723,96,15,g,False
7723,113,4,piece,False
7723,236,50,g,True
7723,239,1,cup,False
3618,5,2,tbsp,False
3618,6,1,pinch,False
3618,7,1,pinch,False
3618,96,1,tbsp,False
3618,126,1,tbsp,False
3618,206,200,g,False
3618,213,1,piece,False
3618,280,15,g,False
3618,645,1,pinch,True
3618,914,1,piece,False
3618,2073,2,slice,True
3365,5,3,tbsp,False
3365,6,1,pinch,False
3365,37,1,clove,False
3365,96,1,tbsp,True
3365,126,1,tbsp,False
3365,191,30,g,True
3365,442,200,g,False
3365,1023,250,g,False
4176,613,1,piece,False
4176,874,150,ml,False
3290,5,3,tbsp,False
3290,7,1,pinch,False
3290,11,2,piece,False
3290,96,1,tbsp,True
3290,914,50,g,False
3290,1972,400,g,False
4030,6,1,pinch,False
4030,25,200,g,False
4030,26,300,g,False
4030,29,1,piece,False
4030,128,150,g,False
4030,258,2,tsp,False
4030,312,1,tsp,False
4021,6,1,pinch,False
4021,26,250,g,False
4021,29,2,piece,False
4021,128,200,g,False
4021,258,1,tsp,False
4021,303,150,g,False
4021,312,1,tsp,False
4067,573,150,g,False
4067,2154,2,piece,False
3542,5,2,tbsp,False
3542,6,1,pinch,False
3542,7,1,pinch,False
3542,168,0.25,piece,True
3542,2062,1,piece,False
3448,5,2,tbsp,False
3448,6,1,pinch,False
3448,7,1,pinch,False
3448,11,1,piece,False
3448,25,30,g,False
3448,37,2,clove,False
3448,96,1,bunch,True
3448,191,50,g,False
3448,231,100,ml,False
3448,969,200,g,False
3448,1173,1,l,False
3448,1259,300,g,False
3448,2013,30,g,False
4086,80,250,ml,False
4086,128,150,g,False
4086,2165,500,ml,False
8945,64,300,ml,False
8945,128,150,g,False
8945,190,300,ml,False
8945,531,5,piece,False
8945,1784,50,g,False
8958,29,1,piece,False
8958,64,300,ml,False
8958,128,50,g,False
8958,190,100,ml,False
8958,531,1,piece,False
8958,1784,30,g,False
8911,6,1,pinch,True
8911,80,500,ml,False
8911,128,70,g,False
8911,1654,150,g,False
8911,3348,100,g,False
8911,3516,150,g,False
8911,3517,20,g,True
8578,111,1,bunch,True
8578,128,1,tbsp,False
8578,177,3,tbsp,False
8578,272,2,tbsp,False
8578,273,3,ml,False
8578,3215,500,ml,False
8578,3229,500,g,False
8578,3261,400,g,False
8475,111,1,bunch,False
8475,177,3,tbsp,False
8475,272,1,tbsp,False
8475,274,1,tbsp,False
8475,302,1,tsp,False
8475,3261,200,g,False
8475,3294,2,cup,False
8509,6,1,pinch,False
8509,30,2,tbsp,False
8509,111,1,bunch,True
8509,128,30,g,False
8509,177,60,ml,False
8509,272,60,ml,False
8509,273,60,ml,False
8509,3366,400,g,False
8570,29,4,piece,True
8570,80,1,l,False
8570,103,1,kg,False
8570,111,2,piece,False
8570,128,50,g,False
8570,177,150,ml,False
8570,272,100,ml,False
8570,273,200,ml,False
8570,302,3,slice,False
8672,30,1,tbsp,False
8672,37,1,clove,False
8672,61,300,g,False
8672,111,1,piece,True
8672,128,1,tbsp,False
8672,177,3,tbsp,False
8672,272,2,tbsp,False
8672,273,2,ml,False
8672,302,30,g,False
8603,80,1,l,False
8603,151,50,g,False
8603,154,300,g,False
8603,177,50,ml,False
8603,1247,50,g,False
8603,1483,200,g,False
8603,1484,150,g,False
8603,3222,10,g,False
8603,3308,30,g,False
8603,3400,50,g,False
8603,3406,50,ml,False
9235,37,1,clove,False
9235,103,500,g,False
9235,128,1,tbsp,False
9235,177,3,tbsp,False
9235,272,2,tbsp,False
9235,273,2,ml,False
5101,6,1,pinch,False
5101,25,50,g,False
5101,26,250,g,False
5101,29,1,piece,False
5101,64,120,ml,False
5101,128,50,g,False
5101,657,7,g,False
4440,6,1,tbsp,False
4440,11,1,piece,False
4440,37,3,clove,False
4440,38,1,bunch,True
4440,59,1,tsp,False
4440,80,3,cup,False
4440,121,2,piece,True
4440,129,1,kg,False
4440,144,1,tsp,False
4440,221,2,piece,False
4440,324,2,tbsp,False
4440,376,3,piece,False
4440,623,2,piece,False
4440,955,2,piece,False
4976,6,2,tsp,False
4976,7,1,tsp,False
4976,11,1,piece,True
4976,37,4,clove,False
4976,38,1,bunch,True
4976,59,2,tsp,False
4976,101,2,tsp,False
4976,105,1.5,kg,False
4976,115,250,ml,False
4976,120,8,piece,True
4976,121,2,piece,True
4976,364,3,tbsp,False
4976,376,3,piece,False
4976,623,1,tsp,False
4976,955,2,piece,False
4611,6,1,tsp,False
4611,7,1,tsp,False
4611,11,1,piece,False
4611,30,2,tbsp,False
4611,37,4,clove,False
4611,59,2,tsp,False
4611,78,1.5,kg,False
4611,79,3,tbsp,False
4611,101,1,tsp,False
4611,115,500,ml,False
4611,221,2,leaf,False
4611,376,3,piece,False
4611,623,0.5,tsp,False
4611,2339,2,piece,False
4970,6,2,tsp,False
4970,7,1,tsp,False
4970,11,1,piece,False
4970,37,4,clove,False
4970,80,1.5,cup,False
4970,144,1,tsp,False
4970,229,2,kg,False
4970,344,1,piece,False
4970,376,6,piece,False
4970,623,3,piece,False
4571,30,500,ml,False
4571,34,1,piece,True
4571,38,1,bunch,True
4571,120,10,piece,False
4571,141,100,g,True
4571,537,50,g,True
4571,2371,500,g,False
5211,6,1,tbsp,False
5211,7,1,tsp,False
5211,11,1,piece,True
5211,22,1,tsp,False
5211,38,1,bunch,True
5211,78,1.5,kg,False
5211,120,12,piece,False
5211,121,2,piece,True
5211,240,1,cup,True
5211,2399,6,piece,False
5270,5,3,tbsp,False
5270,6,1,tsp,False
5270,7,0.5,tsp,False
5270,9,1,piece,False
5270,10,1,piece,False
5270,11,1,piece,False
5270,28,1,tsp,False
5270,29,4,piece,False
5270,30,2,tbsp,False
5270,33,0.5,piece,False
5270,37,3,clove,False
5270,64,500,ml,False
5270,102,6,piece,False
5270,128,0.5,cup,False
5270,239,2,cup,False
5270,257,4,cup,False
5270,308,1,piece,False
5270,324,2,tbsp,False
5270,332,1,can,False
5270,344,1,piece,False
4595,5,1,tbsp,True
4595,10,50,g,True
4595,11,30,g,True
4595,38,5,leaf,True
4595,141,30,ml,True
4595,147,150,g,False
4595,235,1,piece,False
4595,236,50,g,False
4595,240,30,ml,True
4595,294,30,ml,True
4513,6,1,pinch,False
4513,80,1,cup,False
4513,527,1,cup,False
4513,1740,2,cup,False
9443,6,1,pinch,False
9443,7,1,pinch,False
9443,13,100,g,False
9443,78,500,g,False
9443,96,20,g,False
9443,111,50,g,False
9443,126,30,ml,False
9443,151,100,g,False
9443,210,100,g,False
9443,333,50,g,False
9443,1757,150,g,False
9396,5,2,tbsp,False
9396,6,1,pinch,False
9396,7,1,pinch,False
9396,11,1,piece,False
9396,37,3,clove,False
9396,96,2,tbsp,False
9396,114,2,tbsp,False
9396,115,1,l,False
9396,139,3,piece,False
9396,151,2,piece,False
9396,182,2,piece,False
9396,223,250,ml,False
9396,569,1,kg,False
9419,5,2,tbsp,False
9419,6,1,pinch,False
9419,7,1,pinch,False
9419,11,1,piece,False
9419,26,1,tbsp,False
9419,37,3,clove,False
9419,87,1,tsp,False
9419,96,2,tbsp,False
9419,114,2,tbsp,False
9419,115,500,ml,False
9419,151,2,piece,False
9419,182,2,piece,False
9419,221,1,piece,False
9419,223,250,ml,False
9419,569,800,g,False
9397,6,1,pinch,False
9397,7,1,pinch,False
9397,11,1,piece,False
9397,30,2,tbsp,False
9397,37,3,clove,False
9397,112,1.2,kg,False
9397,114,2,tbsp,False
9397,115,500,ml,False
9397,151,1,piece,False
9397,182,1,piece,False
9397,197,2,sprig,False
9397,221,1,piece,False
9397,223,250,ml,False
9417,6,1,pinch,False
9417,7,1,tsp,False
9417,25,1,tbsp,False
9417,30,1,tbsp,False
9417,115,150,ml,False
9417,190,50,ml,False
9417,213,1,piece,False
9417,224,300,g,False
9417,1003,60,ml,False
9429,6,1,pinch,False
9429,7,1,pinch,False
9429,25,20,g,False
9429,30,1,tbsp,False
9429,37,2,clove,False
9429,115,50,ml,False
9429,213,1,piece,False
9429,223,60,ml,False
9429,1073,300,g,False
10043,5,2,tbsp,False
10043,6,1,pinch,False
10043,25,2,tbsp,False
10043,66,1,pinch,False
10043,115,100,ml,False
10043,213,1,piece,False
10043,1041,150,ml,False
10043,1073,2,piece,False
9409,5,3,tbsp,False
9409,6,1,pinch,False
9409,7,1,pinch,False
9409,11,1,piece,False
9409,37,3,clove,False
9409,115,800,ml,False
9409,139,3,piece,False
9409,142,400,g,False
9409,151,2,piece,False
9409,211,1,piece,False
9409,221,1,piece,False
9409,229,700,g,False
9409,231,150,ml,False
9409,335,1,pinch,False
9446,6,1,pinch,False
9446,7,1,pinch,False
9446,11,1,piece,False
9446,26,2,tbsp,False
9446,30,2,tbsp,False
9446,37,2,clove,False
9446,96,1,bunch,False
9446,115,750,ml,False
9446,151,2,piece,False
9446,182,2,piece,False
9446,197,1,sprig,False
9446,221,1,piece,False
9446,223,250,ml,False
9446,229,800,g,False
9446,2568,200,g,False
9414,5,2,tbsp,False
9414,6,1,pinch,False
9414,7,1,pinch,False
9414,11,1,piece,False
9414,37,3,clove,False
9414,87,1,tsp,False
9414,96,1,bunch,False
9414,114,1,tbsp,False
9414,115,500,ml,False
9414,151,2,piece,False
9414,182,2,piece,False
9414,221,1,piece,False
9414,223,200,ml,False
9414,229,800,g,False
9414,872,100,g,False
6259,2,200,g,False
6259,5,2,tbsp,False
6259,6,1,pinch,False
6259,7,1,pinch,False
6259,11,1,piece,False
6259,28,1,tsp,False
6259,37,3,clove,False
6259,96,1,bunch,True
6259,113,1,piece,False
6259,125,500,g,False
6259,239,300,g,False
6259,257,700,ml,False
6259,1107,0.25,tsp,True
5510,5,3,tbsp,False
5510,6,1,pinch,False
5510,10,2,piece,False
5510,11,1,piece,False
5510,37,3,clove,False
5510,51,1,tsp,False
5510,96,1,bunch,False
5510,239,300,g,False
5510,443,100,g,True
5510,1173,700,ml,False
5510,1218,500,g,False
5493,5,3,tbsp,False
5493,6,1,pinch,False
5493,10,2,piece,False
5493,11,1,piece,False
5493,28,1,tsp,False
5493,37,2,clove,False
5493,96,1,bunch,False
5493,239,300,g,False
5493,451,800,ml,False
5493,2021,500,g,False
5503,2,300,g,False
5503,5,2,tbsp,False
5503,6,1,pinch,False
5503,7,1,pinch,False
5503,11,1,piece,False
5503,37,2,clove,False
5503,96,1,bunch,True
5503,498,600,ml,False
5503,2042,200,g,False
5519,5,2,tbsp,False
5519,6,1,pinch,False
5519,7,1,pinch,False
5519,10,2,piece,False
5519,11,1,piece,False
5519,37,3,clove,False
5519,51,1,tsp,False
5519,96,1,bunch,False
5519,211,1,piece,False
5519,239,300,g,False
5519,257,600,ml,False
5519,2255,100,g,False
5511,6,1,pinch,False
5511,7,1,pinch,False
5511,10,1,piece,False
5511,11,1,piece,False
5511,28,2,tsp,False
5511,37,3,clove,False
5511,61,300,g,False
5511,85,200,g,False
5511,96,1,bunch,False
5511,210,1,piece,False
5511,239,300,g,False
5511,363,700,ml,False
5511,1004,50,g,False
5511,2255,150,g,False
5511,2590,150,g,False
5509,5,3,tbsp,False
5509,6,1,pinch,False
5509,7,1,pinch,False
5509,10,2,piece,False
5509,11,1,piece,False
5509,37,3,clove,False
5509,51,1,tsp,False
5509,87,1,tsp,False
5509,96,1,bunch,False
5509,113,1,piece,False
5509,239,300,g,False
5509,257,700,ml,False
5509,2255,150,g,False
5509,2634,200,g,False
5477,5,3,tbsp,False
5477,10,2,piece,False
5477,11,1,piece,False
5477,37,3,clove,False
5477,51,1,tsp,False
5477,96,1,bunch,False
5477,168,1,piece,False
5477,183,150,g,False
5477,239,300,g,False
5477,454,150,g,False
5477,477,150,g,False
5477,1107,1,pinch,False
5477,1173,800,ml,False
5497,5,2,tbsp,False
5497,6,1,pinch,False
5497,10,1,piece,False
5497,11,1,piece,False
5497,37,2,clove,False
5497,96,1,bunch,False
5497,143,150,g,False
5497,239,250,g,False
5497,257,600,ml,False
5497,656,1,piece,False
5483,5,3,tbsp,False
5483,6,1,pinch,False
5483,7,1,pinch,False
5483,10,2,piece,False
5483,11,1,piece,False
5483,37,3,clove,False
5483,80,1.2,l,False
5483,96,1,bunch,False
5483,211,1,piece,False
5483,216,1,piece,False
5483,239,300,g,False
2295,37,2,clove,False
2295,38,2,tbsp,False
2295,111,1,piece,False
2295,257,1,cup,False
2295,1159,2,tbsp,False
2295,1442,1,piece,False
2295,1483,150,g,False
2295,1492,150,g,False
2295,1529,1,pinch,False
2530,2,100,g,False
2530,6,1,pinch,False
2530,38,2,tbsp,False
2530,257,1,cup,False
2530,1159,2,tbsp,False
2530,1483,100,g,False
2530,1484,150,g,False
2530,1618,1,piece,False
2306,6,1,pinch,False
2306,111,1,bunch,False
2306,122,150,g,False
2306,155,1,bunch,False
2306,257,1,cup,False
2306,407,1,pinch,False
2306,1159,2,tbsp,False
2306,1483,200,g,False
2306,1502,1,piece,False
2306,1503,3,piece,False
2292,6,1,pinch,False
2292,37,3,clove,False
2292,38,1,bunch,False
2292,80,1.5,cup,False
2292,111,2,piece,False
2292,122,300,g,False
2292,407,1,tsp,False
2292,1159,2,tbsp,False
2292,1491,200,g,False
2294,2,100,g,False
2294,6,1,pinch,False
2294,37,3,clove,False
2294,38,5,g,False
2294,111,30,g,False
2294,151,100,g,False
2294,257,1,cup,False
2294,407,1,tsp,False
2294,412,100,g,False
2294,486,100,g,False
2294,1159,2,tbsp,False
2294,1483,150,g,False
2294,1484,150,g,False
2293,2,100,g,False
2293,6,1,pinch,False
2293,30,1,tbsp,False
2293,37,2,clove,False
2293,38,1,bunch,False
2293,111,1,bunch,False
2293,151,50,g,False
2293,257,1,cup,False
2293,407,1,tsp,False
2293,1159,2,tbsp,False
2293,1483,200,g,False
2289,2,100,g,False
2289,6,1,pinch,False
2289,38,1,bunch,False
2289,111,2,piece,False
2289,151,50,g,False
2289,257,1,cup,False
2289,407,1,pinch,False
2289,1159,2,tbsp,False
2289,1483,200,g,False
2289,1484,100,g,False
2297,2,100,g,False
2297,6,1,pinch,False
2297,37,2,clove,False
2297,38,10,g,False
2297,68,200,g,False
2297,111,2,piece,False
2297,121,1,piece,True
2297,257,1000,ml,False
2297,407,1,pinch,False
2297,1159,2,tbsp,False
2297,1494,100,g,False
3231,2,100,g,False
3231,6,1,pinch,False
3231,37,3,clove,False
3231,38,1,bunch,False
3231,111,2,piece,False
3231,121,1,piece,True
3231,151,50,g,False
3231,257,1,cup,False
3231,286,1,tsp,True
3231,407,1,tsp,False
3231,1159,2,tbsp,False
3231,1483,150,g,False
3231,1494,100,g,False
2276,6,1,pinch,False
2276,11,1,piece,False
2276,30,2,tbsp,False
2276,37,2,clove,False
2276,38,1,bunch,False
2276,68,500,g,False
2276,128,1,tsp,False
2276,139,1,piece,False
2276,151,1,piece,False
2276,257,250,ml,False
2276,783,400,ml,False
2276,1159,1,tbsp,False
2276,1448,3,tbsp,False
7207,25,50,g,False
7207,80,500,ml,False
7207,426,150,g,False
7207,3073,120,g,False
7071,5,2,tbsp,False
7071,6,1,pinch,False
7071,7,1,pinch,False
7071,33,0.5,piece,False
7071,42,100,g,False
7071,126,1,tbsp,False
7071,191,20,g,False
7071,487,100,g,False
6393,6,1,pinch,False
6393,7,1,pinch,False
6393,11,1,piece,False
6393,25,2,tbsp,False
6393,190,100,ml,False
6393,217,500,g,False
6393,498,1,l,False
7141,128,150,g,False
7141,319,1,tbsp,False
7141,333,50,g,False
7141,335,1,tsp,False
7141,574,50,g,False
7141,689,100,g,False
7141,772,100,g,False
7141,1094,50,g,False
7141,1152,50,g,False
7141,1327,50,g,False
7141,1328,50,g,False
7141,1768,2,tbsp,False
7141,2408,50,g,True
7141,2981,200,g,False
6463,5,3,tbsp,False
6463,6,1,tsp,False
6463,10,1,piece,False
6463,11,1,piece,False
6463,28,1,tsp,False
6463,37,2,clove,False
6463,96,1,bunch,False
6463,114,2,tbsp,False
6463,126,2,tbsp,False
6463,134,1,tbsp,False
6463,656,1,piece,False
6463,2911,1,tsp,False
7065,5,50,ml,False
7065,6,1,pinch,False
7065,37,2,clove,False
7065,59,1,tsp,False
7065,96,1,bunch,False
7065,286,1,pinch,True
7065,2912,100,g,False
7251,6,1,pinch,False
7251,25,60,g,False
7251,26,250,g,False
7251,29,1,piece,False
7251,64,125,ml,False
7251,128,2,tbsp,False
7251,333,30,g,True
7251,661,7,g,False
7150,25,150,g,False
7150,26,200,g,False
7150,27,50,g,False
7150,312,1,tsp,False
7150,541,80,g,False
6768,80,250,ml,False
6768,126,2,tbsp,False
6768,128,150,g,False
6768,333,50,g,True
6768,335,1,tsp,True
6768,1327,300,g,False
6976,6,1,tsp,False
6976,37,2,clove,False
6976,80,500,ml,False
6976,111,2,piece,False
6976,160,3,piece,False
6976,328,500,ml,False
6976,689,150,g,False
6976,845,1,bunch,False
98,5,2,tbsp,False
98,6,1,tbsp,False
98,7,1,tsp,False
98,13,0.5,cup,False
98,16,0.5,cup,False
98,22,1,tsp,False
98,23,1,tsp,False
98,51,2,tbsp,False
98,73,0.5,tsp,False
98,75,3,tbsp,False
98,79,2,tbsp,False
98,85,1,kg,False
98,128,1,tbsp,False
98,151,100,g,False
98,172,400,g,False
952,6,1,tsp,False
952,7,1,tsp,False
952,17,2,cup,False
952,22,1,tsp,False
952,23,1,tsp,False
952,51,1,tbsp,False
952,58,1,tsp,False
952,73,0.25,tsp,False
952,79,0.5,cup,False
952,95,0.25,cup,False
952,110,1,tbsp,False
952,114,0.5,cup,False
952,124,1,tbsp,False
492,6,1,tsp,False
492,7,1,tsp,False
492,25,100,g,False
492,28,1,tsp,False
492,37,4,clove,False
492,73,1,tsp,False
492,96,2,tbsp,False
492,124,2,tbsp,False
492,168,1,piece,False
492,183,500,g,False
492,461,1,piece,True
105,6,1,pinch,False
105,7,1,pinch,False
105,25,115,g,False
105,37,4,clove,False
105,96,2,tbsp,False
105,124,15,ml,False
105,126,30,ml,False
105,183,24,piece,False
105,184,15,ml,False
105,185,2,tsp,False
276,9,2,leaf,False
276,10,4,slice,False
276,13,2,tbsp,False
276,14,4,slice,False
276,306,2,slice,False
51,6,1,tbsp,False
51,7,1,tsp,False
51,16,120,ml,False
51,22,1,tsp,False
51,51,1,tsp,False
51,73,1,pinch,True
51,79,1,tbsp,False
51,94,1,kg,False
51,95,2,tbsp,False
51,96,1,tbsp,True
4,1,200,g,False
4,4,1,piece,False
4,6,1,pinch,False
4,7,1,pinch,False
4,8,1,slice,False
4,9,1,leaf,False
4,10,2,slice,False
4,14,2,slice,False
4,17,1,tbsp,True
4,18,1,tsp,True
629,1,200,g,False
629,8,150,g,False
629,9,30,g,True
629,12,30,g,True
629,14,100,g,False
629,33,0.25,piece,False
629,179,1,piece,False
629,307,0.5,cup,False
278,6,1,pinch,True
278,8,1,slice,False
278,14,4,slice,False
278,29,1,piece,False
278,66,1,pinch,True
278,306,2,slice,False
357,6,1,pinch,False
357,7,1,pinch,False
357,8,200,g,False
357,14,150,g,False
357,25,50,g,False
357,26,50,g,False
357,64,600,ml,False
357,161,250,g,False
357,191,50,g,False
1297,5,3,tbsp,False
1297,6,1,pinch,False
1297,7,1,pinch,False
1297,10,400,g,False
1297,11,1,piece,False
1297,37,3,clove,False
1297,96,1,bunch,False
1297,115,500,ml,False
1297,176,700,g,False
1297,223,150,ml,False
1297,872,150,g,False
1397,5,2,tbsp,False
1397,6,1,pinch,False
1397,7,1,pinch,False
1397,11,1,piece,False
1397,37,2,clove,False
1397,125,1.5,kg,False
1397,137,500,ml,False
1397,151,1,piece,False
1397,182,1,piece,False
1397,197,2,sprig,False
1397,221,1,leaf,False
1397,257,250,ml,False
1675,5,2,tbsp,False
1675,6,1,pinch,False
1675,7,1,pinch,True
1675,1023,3,piece,False
1193,5,3,tbsp,False
1193,6,1,pinch,False
1193,7,1,pinch,False
1193,33,1,piece,False
1193,79,2,tbsp,False
1193,96,1,bunch,False
1193,1023,500,g,False
1218,5,1,tbsp,False
1218,6,1,pinch,False
1218,66,1,pinch,False
1218,96,1,sprig,True
1218,160,1,bunch,True
1218,190,50,ml,False
1218,394,150,g,False
1218,1023,300,g,False
2030,6,1,pinch,False
2030,25,50,g,False
2030,96,1,tbsp,False
2030,213,1,piece,False
2030,231,150,ml,False
2030,407,1,pinch,False
2030,451,200,ml,False
2135,6,1,pinch,False
2135,25,50,g,False
2135,27,20,g,False
2135,29,1,piece,False
2135,128,100,g,False
2135,139,500,g,False
2135,265,2,piece,False
2135,826,300,g,False
2086,6,1,pinch,False
2086,64,2,l,False
2086,96,1,bunch,True
2086,160,1,bunch,True
2086,167,1,bunch,True
2086,1393,2,ml,False
2027,6,1,pinch,False
2027,7,1,pinch,False
2027,25,50,g,False
2027,126,25,ml,False
2027,128,30,g,False
2027,317,125,ml,False
2027,912,30,ml,False
1781,29,1,piece,False
1781,126,1,tbsp,False
1781,128,2,tbsp,False
1781,215,1,tbsp,False
1781,246,250,g,False
1781,335,1,tsp,False
1781,643,1,piece,False
1781,1161,150,g,False
7967,80,100,ml,False
7967,128,100,g,False
7967,335,2,tsp,False
7967,2186,4,piece,False
7746,5,2,tbsp,False
7746,6,1,pinch,False
7746,10,1,piece,False
7746,11,1,piece,False
7746,29,2,piece,False
7746,37,2,clove,False
7746,101,1,tsp,False
7746,144,1,sprig,True
7746,341,100,g,False
7746,498,300,ml,False
7746,511,150,g,False
7746,1220,1,cup,False
7649,5,2,tbsp,False
7649,6,1,pinch,False
7649,7,1,pinch,False
7649,10,250,g,False
7649,11,1,piece,False
7649,37,3,clove,False
7649,96,1,bunch,False
7649,183,500,g,False
7649,3122,100,ml,False
7883,25,200,g,False
7883,80,250,ml,False
7883,95,150,g,False
7883,128,200,g,False
7883,168,0.5,piece,False
7883,303,100,g,False
7883,333,200,g,False
7883,344,1,piece,False
7883,1319,100,g,False
7883,2906,1,packet,False
7943,25,100,g,False
7943,29,3,piece,False
7943,95,120,ml,False
7943,128,200,g,False
7943,159,900,g,False
7943,312,2,tsp,False
7943,333,150,g,False
7943,335,1,tsp,False
7943,623,1,pinch,False
7943,777,150,g,True
7943,1319,50,g,True
7943,2906,150,g,True
8012,64,500,ml,False
8012,95,20,g,True
8012,128,150,g,False
8012,190,250,ml,False
8012,335,1,tsp,False
8012,531,4,piece,False
8012,1319,30,g,True
8012,1768,1,tsp,False
8012,3157,200,g,False
7934,25,150,g,False
7934,80,200,ml,False
7934,95,100,g,False
7934,126,2,tbsp,False
7934,128,100,g,False
7934,333,150,g,False
7934,335,2,tsp,False
7934,1319,100,g,False
7934,2906,250,g,False
7939,25,200,g,False
7939,80,200,ml,False
7939,95,100,ml,False
7939,128,150,g,False
7939,168,1,piece,False
7939,303,300,g,False
7939,335,2,tsp,False
7939,623,1,tsp,False
7939,2906,500,g,False
7938,25,200,g,False
7938,80,240,ml,False
7938,95,120,ml,False
7938,128,200,g,False
7938,168,0.5,piece,False
7938,333,250,g,False
7938,335,1,tsp,False
7938,3051,400,g,False
8050,95,60,ml,False
8050,758,120,ml,False
3628,6,1,tbsp,False
3628,11,1,piece,False
3628,37,3,clove,False
3628,78,1.5,kg,False
3628,80,3,cup,False
3628,151,1,piece,False
3628,182,1,piece,False
3628,2076,1,piece,True
3553,5,50,ml,False
3553,6,10,g,False
3553,11,1,piece,False
3553,37,2,clove,False
3553,78,500,g,False
3553,96,1,bunch,False
3553,125,1,piece,False
3553,151,1,piece,False
3553,182,1,piece,False
3553,221,2,piece,False
3553,230,500,g,False
3553,280,20,g,False
3553,324,20,ml,False
3553,336,10,piece,False
3553,623,3,piece,False
3553,914,5,piece,False
3553,2067,1,piece,False
4138,1,300,g,False
4138,5,2,tbsp,False
4138,6,1,pinch,False
4138,7,1,pinch,False
4138,11,1,piece,False
4138,37,2,clove,False
4138,64,125,ml,False
4138,87,1,tsp,False
4138,101,1,tsp,False
4138,114,2,tbsp,False
4138,115,250,ml,False
4138,122,200,g,False
4138,151,1,piece,False
4138,182,1,piece,False
4138,191,50,g,True
4138,231,125,ml,False
4138,232,400,g,False
3482,1,100,g,False
3482,6,1,pinch,False
3482,11,1,piece,False
3482,25,30,g,False
3482,26,100,g,False
3482,29,2,piece,False
3482,30,500,ml,False
3482,53,200,g,False
3482,66,1,pinch,False
3482,114,2,tbsp,False
3482,115,200,ml,False
3482,122,100,g,False
3482,191,50,g,False
3482,231,100,ml,False
3482,2042,300,g,False
4042,6,1,pinch,False
4042,25,40,g,False
4042,26,300,g,False
4042,29,1,piece,False
4042,30,500,ml,False
4042,128,100,g,False
4042,657,7,g,False
4042,940,180,ml,False
4042,1276,100,g,True
4042,1422,100,ml,True
4006,64,150,ml,False
4006,128,150,g,False
4006,530,3,piece,False
4006,531,6,piece,False
4006,541,10,g,True
4006,572,25,ml,True
4006,618,2,tbsp,False
4006,779,50,g,True
4006,2009,70,g,False
3530,5,2,tbsp,False
3530,6,1,pinch,False
3530,7,1,pinch,False
3530,11,1,piece,False
3530,37,2,clove,False
3530,87,1,tsp,False
3530,96,1,bunch,True
3530,142,400,g,False
3530,151,1,piece,False
3530,182,1,piece,False
3530,498,1.5,cup,False
3530,2059,250,g,False
3902,5,2,tbsp,False
3902,6,1,pinch,False
3902,7,1,pinch,True
3902,37,2,clove,False
3902,138,2,sprig,False
3902,2059,250,g,False
3834,5,3,tbsp,False
3834,6,1,pinch,False
3834,37,3,clove,False
3834,66,1,pinch,False
3834,96,1,tbsp,False
3834,168,1,piece,False
3834,498,500,ml,False
3834,516,4,piece,False
3851,5,2,tbsp,False
3851,6,1,pinch,False
3851,7,1,pinch,False
3851,37,2,clove,False
3851,96,1,tbsp,True
3851,101,1,tsp,False
3851,182,500,g,False
3851,498,250,ml,False
8441,30,1,tbsp,False
8441,61,300,g,False
8441,111,1,piece,False
8441,128,1,tbsp,False
8441,177,3,tbsp,False
8441,272,2,tbsp,False
8441,273,2,ml,False
8441,302,1,tsp,False
8441,325,2,cup,False
8289,111,2,piece,False
8289,151,100,g,False
8289,301,1,tbsp,False
8289,367,200,g,False
8289,1587,150,g,False
8289,3215,800,ml,False
8289,3216,3,tbsp,False
8289,3225,80,g,False
8289,3231,100,g,False
8303,6,1,pinch,True
8303,7,1,pinch,True
8303,11,1,piece,False
8303,14,100,g,False
8303,37,2,clove,False
8303,111,1,bunch,True
8303,172,300,g,False
8303,257,1,l,False
8303,3216,3,tbsp,False
8705,6,1,pinch,False
8705,128,1,tsp,False
8705,172,300,g,False
8705,177,1,tbsp,False
8705,274,1,tbsp,False
8705,300,2,tbsp,False
8705,301,1,tbsp,False
8705,3270,10,leaf,False
8329,6,1,tsp,False
8329,34,0.5,piece,False
8329,128,1,tbsp,False
8329,177,2,tbsp,True
8329,300,3,tbsp,False
8329,308,0.25,piece,False
8329,448,1,tbsp,True
8329,3244,1,tsp,True
8329,3262,1,piece,False
8329,3277,1,cup,False
8329,3278,3,piece,False
9128,26,120,g,False
9128,29,6,piece,False
9128,95,2,tbsp,False
9128,128,120,g,False
8930,25,50,g,False
8930,29,6,piece,False
8930,64,60,ml,False
8930,95,150,g,False
8930,801,120,g,False
8349,34,1,piece,False
8349,177,2,tbsp,False
8349,308,0.5,piece,False
8349,322,1,tbsp,False
8349,446,200,g,False
8349,448,20,g,True
8349,3244,1,tsp,True
8349,3259,2,tbsp,False
8349,3266,2,piece,False
8349,3290,100,g,False
8887,2,30,g,False
8887,6,1,pinch,False
8887,29,1,piece,False
8887,151,50,g,False
8887,177,1,tsp,False
8887,217,50,g,True
8887,499,50,g,True
8887,596,100,g,False
8887,899,1,tsp,False
8887,1434,50,g,False
8887,1483,80,g,False
8887,1862,50,g,False
8887,2554,30,g,False
8887,3238,500,ml,False
8887,3493,150,g,False
8887,3494,40,g,False
8887,3495,50,g,True
8887,3496,30,g,True
8455,6,1,pinch,False
8455,7,1,pinch,False
8455,11,0.5,piece,False
8455,29,1,piece,False
8455,30,2,tbsp,False
8455,37,1,clove,False
8455,111,1,piece,False
8455,151,0.5,piece,False
8455,177,1.5,tbsp,False
8455,239,2,cup,False
4558,6,1,tsp,False
4558,30,0.5,cup,False
4558,80,2,cup,False
4558,258,1,tsp,False
4558,356,200,g,False
4558,383,15,piece,False
4558,384,2,cup,False
4652,6,1,tsp,False
4652,11,1,piece,False
4652,30,2,tbsp,False
4652,37,3,clove,False
4652,38,1,bunch,False
4652,46,100,g,False
4652,58,10,g,False
4652,59,5,tsp,False
4652,66,1,tsp,False
4652,120,8,piece,False
4652,121,1,piece,False
4652,144,5,tsp,False
4652,176,500,g,False
4652,324,50,ml,False
4652,875,100,ml,False
4652,2303,30,g,False
4979,6,1,pinch,False
4979,7,1,pinch,False
4979,8,150,g,False
4979,11,1,piece,False
4979,14,150,g,False
4979,38,0.25,bunch,False
4979,113,1,piece,False
4979,120,6,piece,False
4979,121,1,piece,False
4979,176,500,g,False
4642,6,1,tsp,False
4642,7,1,tsp,False
4642,30,2,tbsp,False
4642,37,3,clove,False
4642,38,2,tbsp,True
4642,59,1,tsp,False
4642,80,100,ml,False
4642,144,1,tsp,False
4642,229,1,kg,False
4642,364,100,ml,False
4642,376,3,piece,False
4642,955,2,piece,False
4444,1,500,g,False
4444,6,1,pinch,False
4444,7,1,pinch,False
4444,8,200,g,False
4444,11,1,piece,False
4444,30,2,tbsp,False
4444,37,2,clove,False
4444,38,2,tbsp,False
4444,58,1,tbsp,False
4444,59,1,tsp,False
4444,80,100,ml,False
4444,120,8,piece,False
4444,293,400,ml,False
4653,5,2,tbsp,False
4653,6,1,tsp,False
4653,7,0.5,tsp,False
4653,11,1,piece,False
4653,28,1,tsp,False
4653,37,2,clove,False
4653,58,1,tsp,False
4653,59,1,tsp,False
4653,113,1,piece,False
4653,121,1,piece,False
4653,141,0.5,cup,True
4653,224,500,g,False
4653,235,6,piece,False
4653,236,0.5,cup,True
4653,240,0.5,cup,True
4653,294,0.5,cup,True
4978,5,2,tbsp,False
4978,6,1,pinch,False
4978,7,1,pinch,False
4978,11,2,piece,False
4978,115,200,ml,False
4978,124,1,tbsp,True
4978,967,500,g,False
4655,6,1,tsp,False
4655,7,1,tsp,False
4655,11,1,piece,False
4655,30,2,tbsp,False
4655,37,3,clove,False
4655,59,1,tsp,False
4655,93,1.5,kg,False
4655,101,1,tsp,False
4655,115,500,ml,False
4655,364,60,ml,False
4655,376,4,piece,False
4655,2339,2,piece,False
4570,5,2,tbsp,False
4570,6,1,pinch,False
4570,7,1,pinch,False
4570,10,1,piece,False
4570,11,1,piece,False
4570,34,1,piece,True
4570,38,1,bunch,False
4570,39,3,tbsp,False
4570,78,500,g,False
4570,308,0.5,piece,False
4570,378,2,piece,True
4570,469,50,g,True
4570,528,6,piece,False
4629,5,2,tbsp,False
4629,6,1,pinch,False
4629,7,1,pinch,False
4629,11,1,piece,False
4629,37,2,clove,False
4629,96,1,tbsp,False
4629,113,1,piece,False
4629,115,150,ml,False
4629,124,1,tbsp,False
4629,2385,500,g,False
10157,6,1,pinch,False
10157,7,1,pinch,False
10157,11,1,piece,False
10157,30,2,tbsp,False
10157,37,3,clove,False
10157,87,1,tsp,False
10157,96,2,tbsp,False
10157,114,2,tbsp,False
10157,115,600,ml,False
10157,139,3,piece,False
10157,151,2,piece,False
10157,182,2,piece,False
10157,221,1,piece,False
10157,223,400,ml,False
10157,229,800,g,False
9426,6,1,tsp,False
9426,7,1,tsp,False
9426,11,1,piece,False
9426,26,2,tbsp,False
9426,30,2,tbsp,False
9426,37,2,clove,False
9426,87,1,tsp,False
9426,96,1,tbsp,True
9426,114,2,tbsp,False
9426,115,500,ml,False
9426,151,2,piece,False
9426,182,2,piece,False
9426,221,1,piece,False
9426,223,250,ml,False
9426,229,1,kg,False
9426,610,2,piece,False
9440,5,2,tbsp,False
9440,6,1,pinch,False
9440,7,1,pinch,False
9440,11,1,piece,False
9440,37,2,clove,False
9440,114,1,tbsp,False
9440,115,500,ml,False
9440,151,1,piece,False
9440,182,1,piece,False
9440,197,2,sprig,False
9440,221,1,leaf,False
9440,229,800,g,False
9440,3650,300,ml,False
9410,5,3,tbsp,False
9410,6,1,pinch,False
9410,7,1,pinch,False
9410,42,100,g,False
9410,168,0.5,piece,False
9410,191,30,g,False
9410,2387,400,g,False
9402,5,2,tbsp,False
9402,6,1,pinch,False
9402,7,1,pinch,False
9402,11,1,piece,False
9402,18,1,tsp,True
9402,37,1,clove,False
9402,96,1,bunch,False
9402,206,200,g,False
9402,531,1,piece,False
9402,912,1,tbsp,False
9424,5,2,tbsp,False
9424,6,1,pinch,False
9424,14,8,slice,False
9424,66,1,pinch,False
9424,206,500,g,False
10156,2,200,g,False
10156,5,1,tbsp,False
10156,6,1,pinch,False
10156,7,1,pinch,False
10156,25,30,g,False
10156,37,2,clove,False
10156,197,1,tbsp,False
10156,206,500,g,False
10156,213,1,piece,False
9390,2,150,g,False
9390,6,1,tsp,False
9390,7,0.5,tsp,False
9390,11,1,piece,False
9390,25,30,g,False
9390,26,1,tbsp,False
9390,37,1,clove,False
9390,96,1,sprig,True
9390,115,250,ml,False
9390,151,1,piece,False
9390,182,1,piece,False
9390,213,1,piece,False
9390,221,2,leaf,False
9390,1063,1,kg,False
9390,3650,150,ml,False
9391,5,3,tbsp,False
9391,6,1,pinch,False
9391,7,1,pinch,False
9391,10,400,g,False
9391,11,1,piece,False
9391,28,2,tsp,False
9391,37,3,clove,False
9391,96,1,bunch,False
9391,113,1,piece,False
9391,114,2,tbsp,False
9391,115,500,ml,False
9391,221,1,piece,False
9391,223,250,ml,False
9391,568,1,kg,False
10037,5,2,tbsp,False
10037,6,1,pinch,False
10037,11,1,piece,False
10037,37,3,clove,False
10037,51,1,tsp,False
10037,66,1,pinch,False
10037,73,0.5,tsp,False
10037,206,700,g,False
10037,246,250,g,False
10037,248,8,slice,False
10037,531,1,piece,False
10037,1247,150,g,False
10037,3764,100,g,False
5481,5,3,tbsp,False
5481,6,1,pinch,False
5481,7,1,pinch,False
5481,10,2,piece,False
5481,11,1,piece,False
5481,37,3,clove,False
5481,96,1,bunch,False
5481,183,200,g,False
5481,231,100,ml,False
5481,239,300,g,False
5481,454,200,g,False
5481,596,150,g,False
5481,2533,1,l,False
5476,5,3,tbsp,False
5476,6,1,pinch,False
5476,7,1,pinch,False
5476,11,1,piece,False
5476,37,3,clove,False
5476,96,1,bunch,False
5476,239,300,g,False
5476,451,800,ml,False
5476,969,500,g,False
5476,2013,2,tbsp,False
5514,5,2,tbsp,False
5514,6,1,pinch,False
5514,7,1,pinch,False
5514,11,1,piece,False
5514,37,2,clove,False
5514,51,1,tsp,False
5514,58,1,tsp,False
5514,59,1,tsp,False
5514,73,0.5,tsp,False
5514,96,1,tbsp,True
5514,113,1,piece,False
5514,142,400,g,False
5514,239,1.5,cup,False
5514,257,400,ml,False
5515,6,1,pinch,False
5515,29,2,piece,False
5515,30,2,tbsp,False
5515,66,1,pinch,False
5515,111,1,bunch,False
5515,151,100,g,False
5515,177,2,tbsp,False
5515,183,150,g,False
5515,284,150,g,False
5515,443,100,g,False
5515,1438,1.5,cup,False
5474,5,50,ml,False
5474,6,1,pinch,False
5474,10,2,piece,False
5474,11,1,piece,False
5474,37,3,clove,False
5474,80,1.5,l,False
5474,183,150,g,False
5474,221,1,leaf,False
5474,239,300,g,False
5474,1195,500,g,False
5491,5,3,tbsp,False
5491,6,1,pinch,False
5491,7,1,pinch,False
5491,11,1,piece,False
5491,37,3,clove,False
5491,51,1,tsp,False
5491,61,250,g,False
5491,96,2,tbsp,False
5491,114,2,tbsp,False
5491,231,100,ml,False
5491,239,300,g,False
5491,257,700,ml,False
5491,2255,150,g,False
5723,5,2,tbsp,False
5723,6,1,pinch,False
5723,37,2,clove,False
5723,66,1,pinch,False
5723,168,1,piece,False
5723,284,150,g,False
5723,516,4,piece,False
6185,5,3,tbsp,False
6185,6,1,tbsp,False
6185,7,1,tsp,False
6185,10,2,piece,False
6185,11,1,piece,False
6185,37,3,clove,True
6185,96,1,bunch,True
6185,113,1,piece,False
6185,204,500,g,False
6185,233,500,g,False
6185,286,1,tsp,True
6185,305,2,tbsp,True
6185,306,4,slice,False
6185,2255,3,piece,False
5354,5,2,tbsp,False
5354,6,1,pinch,False
5354,7,1,pinch,False
5354,29,4,piece,False
5354,217,200,g,False
5784,5,1,tbsp,False
5784,6,1,pinch,False
5784,7,1,pinch,False
5784,29,4,piece,False
5784,217,200,g,False
3134,30,2,tbsp,False
3134,37,4,clove,False
3134,128,1,tsp,False
3134,213,3,piece,False
3134,453,1,kg,False
3134,783,400,ml,False
3134,1159,2,tbsp,False
3134,1434,150,g,False
3134,1435,5,leaf,False
3134,1437,1,bunch,False
3134,1460,2,piece,False
3134,1845,3,tbsp,False
3048,37,3,clove,False
3048,68,300,g,False
3048,188,1,tsp,False
3048,213,2,piece,False
3048,407,0.25,tsp,False
3048,524,5,piece,False
3048,644,0.5,tsp,False
3048,783,400,ml,False
3048,1159,2,tbsp,False
3048,1435,3,leaf,False
3048,1436,1,tbsp,False
3048,1437,10,leaf,False
3048,1438,200,g,False
3048,1441,1,piece,False
3048,1442,5,g,False
3048,1443,1,tsp,False
3048,1445,0.5,tsp,False
3048,1456,10,g,False
3048,1470,100,g,False
2290,30,2,tbsp,False
2290,125,500,g,False
2290,167,5,sprig,True
2290,257,500,ml,False
2290,1159,2,tbsp,False
2290,1436,1,tbsp,False
2290,1440,3,tbsp,False
2290,1460,3,piece,False
2290,1485,200,g,False
2290,1486,10,leaf,False
2290,1487,5,leaf,False
2290,1488,5,leaf,True
3118,30,2,tbsp,False
3118,37,5,clove,False
3118,39,1,tbsp,False
3118,213,3,piece,False
3118,257,500,ml,False
3118,507,100,g,False
3118,1159,2,tbsp,False
3118,1434,100,g,False
3118,1442,3,piece,False
3118,1445,1,tbsp,False
3118,1453,50,g,False
3118,1456,20,g,False
3118,1460,10,piece,False
3118,1461,1,piece,False
3118,1900,50,g,False
2296,30,2,tbsp,False
2296,153,500,g,False
2296,783,400,ml,False
2296,1159,2,tbsp,False
2296,1435,3,leaf,False
2296,1436,1,tbsp,False
2296,1440,2,tbsp,False
2296,1446,10,leaf,False
3232,30,2,tbsp,False
3232,37,3,clove,False
3232,213,2,piece,False
3232,783,400,ml,False
3232,1159,2,tbsp,False
3232,1435,3,leaf,False
3232,1436,1,tbsp,False
3232,1437,1,bunch,False
3232,1445,1,tbsp,False
3232,1460,5,piece,False
3232,1496,30,g,False
3232,1823,500,g,False
2275,6,1,pinch,False
2275,30,2,tbsp,False
2275,37,3,clove,False
2275,46,150,g,False
2275,183,300,g,False
2275,213,2,piece,False
2275,407,1,tsp,False
2275,644,1,tsp,False
2275,783,200,ml,False
2275,1159,2,tbsp,False
2275,1192,5,piece,False
2275,1435,3,leaf,False
2275,1436,1,tbsp,False
2275,1437,5,leaf,False
2275,1441,1,bunch,False
2275,1442,1,piece,False
2275,1443,5,g,False
2275,1445,1,tbsp,False
2275,1456,20,g,False
2286,30,2,tbsp,False
2286,68,300,g,False
2286,783,400,ml,False
2286,1159,2,tbsp,False
2286,1433,3,tbsp,False
2286,1434,200,g,False
2286,1435,3,leaf,False
2286,1436,1,tbsp,False
2286,1437,10,leaf,False
2286,1438,1,cup,False
2286,1470,100,g,False
2305,6,1,pinch,False
2305,30,2,tbsp,False
2305,37,3,clove,False
2305,85,500,g,False
2305,279,10,leaf,False
2305,407,1,tsp,False
2305,783,400,ml,False
2305,992,200,g,False
2305,1159,2,tbsp,False
2305,1435,5,leaf,False
2305,1436,1,tbsp,False
2305,1441,1,bunch,False
2305,1442,2,piece,False
2305,1445,1,tbsp,False
2305,1455,100,g,False
2305,1456,20,g,False
2305,1465,3,piece,False
2305,1470,100,g,False
6565,6,1,tsp,False
6565,429,500,ml,False
6565,731,500,ml,False
6565,845,1,sprig,True
6614,80,1,l,False
6614,126,2,tbsp,False
6614,128,300,g,False
6614,623,3,piece,True
6614,2166,30,g,True
6614,2186,4,piece,False
6614,2950,200,g,False
6467,5,2,tbsp,False
6467,6,1,pinch,False
6467,7,1,pinch,False
6467,37,2,clove,False
6467,96,1,tbsp,True
6467,126,2,tbsp,False
6467,504,3,tbsp,False
6467,507,1,piece,False
7115,80,1,l,False
7115,128,80,g,False
7115,303,150,g,False
7115,312,0.5,tsp,True
7115,1768,1,tsp,True
7167,29,1,piece,False
7167,80,200,ml,False
7167,126,10,ml,False
7167,128,150,g,False
7167,1304,200,g,False
7167,1325,20,piece,False
7119,25,150,g,False
7119,80,250,ml,False
7119,126,2,tbsp,False
7119,128,150,g,False
7119,303,200,g,False
7119,335,1,tsp,False
7119,3051,300,g,False
7126,80,250,ml,False
7126,126,2,tbsp,False
7126,128,500,g,False
7126,541,150,g,False
7126,893,15,g,False
7126,1768,2,tsp,False
7126,2772,100,g,False
6430,1,300,g,False
6430,5,3,tbsp,False
6430,6,1,tsp,False
6430,7,1,tsp,False
6430,10,1,piece,False
6430,11,1,piece,False
6430,26,500,g,False
6430,29,1,piece,False
6430,80,250,ml,False
6430,96,10,g,False
6430,128,1,tsp,False
6430,134,1,tsp,False
6430,656,1,piece,False
6430,657,7,g,False
6302,5,2,tbsp,False
6302,6,1,tsp,False
6302,7,1,tsp,False
6302,10,2,piece,False
6302,11,1,piece,False
6302,28,1,tsp,False
6302,37,3,clove,False
6302,113,1,piece,False
6302,328,125,ml,False
6302,486,1,piece,False
6302,1069,8,piece,False
6302,2071,500,g,False
6920,5,3,tbsp,False
6920,6,1,tsp,False
6920,7,1,tsp,False
6920,11,1,piece,True
6920,37,3,clove,False
6920,96,1,bunch,False
6920,168,1,piece,False
6920,2894,1.2,kg,False
272,14,10,slice,False
272,303,20,piece,True
272,393,20,piece,False
272,394,100,g,True
274,8,50,g,True
274,14,6,slice,False
274,60,12,piece,False
274,159,150,g,False
274,379,50,g,True
724,10,0.25,piece,True
724,33,0.25,piece,True
724,159,60,g,False
724,167,1,sprig,True
724,280,1,tbsp,True
724,455,1,piece,False
724,456,100,g,False
727,159,2,tbsp,False
727,455,1,piece,False
533,6,1,tsp,False
533,7,0.25,tsp,False
533,11,1,piece,False
533,17,120,ml,False
533,18,1,tbsp,False
533,37,2,clove,False
533,75,200,g,False
533,171,60,ml,False
533,609,800,g,False
345,5,2,tbsp,False
345,6,1,pinch,False
345,7,1,pinch,False
345,28,1,tsp,False
345,37,2,clove,False
345,96,1,tbsp,False
345,168,1,piece,False
345,472,500,g,False
354,6,1,pinch,False
354,7,1,pinch,False
354,8,200,g,False
354,25,50,g,False
354,26,50,g,False
354,64,600,ml,False
354,161,250,g,False
354,242,1,pinch,True
230,5,2,tbsp,False
230,6,1,pinch,False
230,7,1,pinch,False
230,22,1,tsp,False
230,28,1,tsp,False
230,87,1,tsp,False
230,118,4,piece,False
317,5,2,tbsp,False
317,6,1,pinch,False
317,7,1,pinch,False
317,165,600,g,False
317,167,2,tbsp,False
317,168,1,piece,True
770,6,1,pinch,True
770,25,1,tbsp,True
770,610,1,piece,False
1476,25,1,tbsp,False
1476,30,1,tbsp,False
1476,643,2,piece,False
1476,1161,200,g,False
1823,64,500,ml,False
1823,128,100,g,False
1823,190,250,ml,False
1823,312,1,tsp,False
1823,893,10,g,False
1517,5,2,tbsp,False
1517,6,1,pinch,False
1517,7,1,pinch,False
1517,96,1,tbsp,False
1517,168,0.5,piece,False
1517,1189,1,piece,False
2148,6,1,pinch,False
2148,25,100,g,False
2148,26,200,g,False
2148,128,50,g,False
2148,429,60,ml,False
2148,718,250,g,False
2148,775,1,tsp,False
2148,2020,150,g,False
1854,6,1,pinch,False
1854,25,50,g,False
1854,26,125,g,False
1854,64,500,ml,False
1854,128,250,g,False
1854,312,1,tsp,False
1854,531,4,piece,False
1854,572,50,ml,False
1977,6,5,g,False
1977,26,500,g,False
1977,80,300,ml,False
1977,128,15,g,False
1977,657,7,g,False
1662,6,1,pinch,False
1662,7,1,pinch,False
1662,25,30,g,False
1662,87,1,pinch,True
1662,115,200,ml,False
1662,213,1,piece,False
1662,223,150,ml,False
1662,1248,30,g,False
1991,6,1,pinch,False
1991,7,1,pinch,False
1991,25,50,g,False
1991,115,250,ml,False
1991,197,1,sprig,False
1991,213,1,piece,False
1991,223,250,ml,False
1550,5,2,tbsp,False
1550,6,1,pinch,False
1550,25,30,g,False
1550,37,1,clove,False
1550,66,1,pinch,False
1550,96,1,tbsp,False
1550,115,100,ml,False
1550,126,1,tbsp,False
1550,213,1,piece,False
1550,223,150,ml,False
1550,478,4,piece,False
1506,5,3,tbsp,False
1506,6,1,pinch,False
1506,7,1,pinch,False
1506,10,2,piece,False
1506,11,2,piece,False
1506,37,3,clove,False
1506,80,2,cup,False
1506,114,1,tbsp,False
1506,139,2,piece,False
1506,197,1,sprig,False
1506,221,1,leaf,False
1506,454,500,g,False
1506,461,1,slice,False
1506,993,1,piece,False
1506,1025,1,piece,False
1506,1107,1,pinch,False
1506,1168,1,tsp,False
1506,1177,500,g,False
1506,1178,400,g,False
1506,1179,400,g,True
1506,1180,300,g,False
7705,5,2,tbsp,False
7705,6,1,tsp,False
7705,7,1,tsp,False
7705,10,400,g,False
7705,11,1,piece,False
7705,37,2,clove,False
7705,80,200,ml,False
7705,96,1,bunch,True
7705,114,2,tbsp,False
7705,144,1,tsp,False
7705,580,500,g,False
7863,5,3,tbsp,False
7863,6,1,tsp,False
7863,7,1,tsp,False
7863,11,1,piece,False
7863,37,2,clove,False
7863,80,250,ml,False
7863,96,1,bunch,True
7863,101,1,tsp,False
7863,126,2,tbsp,False
7863,232,400,g,False
7863,580,500,g,False
7290,5,2,tbsp,False
7290,6,1,pinch,False
7290,7,1,pinch,False
7290,10,1,piece,False
7290,11,1,piece,False
7290,37,2,clove,False
7290,38,10,g,False
7290,87,1,pinch,True
7290,96,10,g,False
7290,101,1,pinch,True
7290,126,1,tbsp,True
7290,257,1,l,False
7290,580,400,g,False
8215,6,1,pinch,False
8215,25,200,g,False
8215,26,300,g,False
8215,29,2,piece,False
8215,126,1,tbsp,True
8215,128,150,g,False
8215,258,1,tsp,False
8215,312,1,tsp,False
8215,541,50,g,True
8215,775,1,tsp,False
7611,5,3,tbsp,False
7611,6,1,tsp,False
7611,7,1,tsp,False
7611,96,1,bunch,True
7611,101,1,tsp,False
7611,168,1,piece,False
7611,1191,600,g,False
7607,5,100,ml,False
7607,6,1,pinch,False
7607,7,1,pinch,False
7607,26,150,g,False
7607,96,1,bunch,True
7607,168,1,piece,True
7607,1191,4,piece,False
7294,5,2,tbsp,False
7294,6,1,pinch,False
7294,11,1,piece,False
7294,37,2,clove,False
7294,66,1,pinch,False
7294,96,1,bunch,True
7294,151,1,piece,False
7294,182,1,piece,False
7294,257,1.5,l,False
7294,3026,200,g,False
7769,5,3,tbsp,False
7769,6,1,pinch,False
7769,11,1,piece,False
7769,26,100,g,False
7769,29,3,piece,False
7769,167,2,tbsp,False
7769,486,600,g,False
7769,511,200,g,False
8045,6,1,pinch,False
8045,25,60,g,False
8045,26,60,g,False
8045,29,1,piece,False
8045,64,1,l,False
8045,242,1,pinch,False
8045,407,1,pinch,False
7513,5,2,tbsp,False
7513,6,1,tsp,False
7513,7,1,tsp,False
7513,11,1,piece,False
7513,37,3,clove,False
7513,78,1.5,kg,False
7513,96,1,bunch,False
7513,114,2,tbsp,False
7513,115,500,ml,False
7513,126,2,tbsp,False
7513,144,1,tsp,False
7513,168,1,piece,False
7513,221,1,piece,False
7513,223,250,ml,False
7513,335,0.5,tsp,False
3683,5,3,tbsp,False
3683,6,1,pinch,False
3683,7,1,pinch,False
3683,10,2,piece,False
3683,11,1,piece,False
3683,37,2,clove,False
3683,80,2,cup,False
3683,96,2,sprig,False
3683,221,1,leaf,False
3683,231,150,ml,False
3683,286,1,pinch,True
3683,1218,1,kg,False
3584,5,3,tbsp,False
3584,6,1,pinch,False
3584,7,1,pinch,False
3584,11,1,piece,False
3584,37,2,clove,False
3584,114,2,tbsp,False
3584,151,1,piece,False
3584,182,1,piece,False
3584,197,2,sprig,False
3584,221,1,leaf,False
3584,223,500,ml,False
3584,257,250,ml,False
3584,1116,1,kg,False
3677,5,2,tbsp,False
3677,6,1,pinch,False
3677,7,1,pinch,False
3677,10,3,piece,False
3677,11,1,piece,False
3677,37,3,clove,False
3677,96,1,bunch,False
3677,114,2,tbsp,False
3677,257,250,ml,False
3677,286,1,pinch,True
3677,969,500,g,False
3647,5,2,tbsp,True
3647,6,2,kg,False
3647,168,1,piece,True
3647,530,4,piece,False
3647,1049,1.2,kg,False
3550,5,3,tbsp,False
3550,6,1,pinch,False
3550,7,1,pinch,False
3550,11,1,piece,False
3550,25,30,g,False
3550,37,2,clove,False
3550,78,1.5,kg,False
3550,114,2,tbsp,False
3550,115,250,ml,False
3550,138,1,sprig,False
3550,151,1,piece,False
3550,182,1,piece,False
3550,197,2,sprig,False
3550,221,1,piece,False
3550,2037,750,ml,False
3740,5,2,tbsp,False
3740,6,1,pinch,True
3740,7,1,pinch,True
3740,42,50,g,False
3740,126,1,tbsp,False
3740,191,20,g,False
3740,2032,100,g,False
3565,5,2,tbsp,False
3565,6,1,pinch,False
3565,7,1,pinch,False
3565,42,50,g,False
3565,168,0.25,piece,False
3565,191,30,g,False
3565,2032,100,g,False
3954,6,1,pinch,False
3954,25,100,g,False
3954,26,500,g,False
3954,29,3,piece,False
3954,64,250,ml,False
3954,128,50,g,False
3954,661,15,g,False
3829,5,2,tbsp,False
3829,6,1,pinch,False
3829,7,1,pinch,False
3829,37,3,clove,False
3829,1939,450,g,False
3889,5,2,tbsp,False
3889,6,1,pinch,False
3889,7,1,pinch,False
3889,37,4,clove,False
3889,314,400,g,False
3889,1192,1,piece,False
8364,6,1,pinch,False
8364,7,1,pinch,False
8364,11,50,g,False
8364,30,2,tbsp,False
8364,64,150,ml,False
8364,111,1,bunch,True
8364,151,50,g,False
8364,172,100,g,False
8364,257,600,ml,False
8364,367,150,g,False
8364,448,30,g,True
8364,969,100,g,False
8364,1505,100,g,False
8364,3311,200,g,False
8599,6,1,pinch,False
8599,66,1,pinch,False
8599,68,400,g,False
8599,111,1,bunch,False
8599,151,100,g,False
8599,177,4,tbsp,False
8599,272,2,tbsp,False
8599,273,3,ml,False
8599,1247,100,g,False
8599,1483,300,g,False
8599,1484,300,g,False
8599,3215,1.5,l,False
8599,3229,100,g,False
8599,3237,1,tsp,True
8599,3320,200,g,False
8599,3343,150,g,False
9090,6,1,pinch,False
9090,102,500,g,False
9090,111,1,bunch,False
9090,151,100,g,False
9090,177,3,tbsp,False
9090,272,3,tbsp,False
9090,273,2,ml,False
9090,1247,100,g,False
9090,1483,300,g,False
9090,1484,300,g,False
9090,1587,150,g,False
9090,3215,1.5,l,False
9090,3231,200,g,True
9090,3320,200,g,True
8286,6,1,pinch,False
8286,7,1,pinch,True
8286,37,3,clove,False
8286,80,1.5,l,False
8286,177,60,ml,False
8286,272,60,ml,False
8286,273,60,ml,False
8286,302,30,g,False
8286,3215,500,ml,False
8376,29,4,piece,False
8376,37,3,clove,False
8376,103,500,g,False
8376,111,2,piece,False
8376,128,30,g,False
8376,177,120,ml,False
8376,272,60,ml,False
8376,273,60,ml,False
8376,302,20,g,False
8376,363,1,l,False
8376,1434,100,g,True
8376,3266,4,slice,True
8376,3306,400,g,False
9229,6,1,pinch,False
9229,7,1,pinch,False
9229,26,100,g,False
9229,29,2,piece,False
9229,30,500,ml,False
9229,53,150,g,False
9229,236,300,g,False
8844,1,200,g,False
8844,6,1,tsp,False
8844,7,1,tsp,False
8844,11,1,piece,False
8844,29,1,piece,False
8844,30,1,tbsp,False
8844,53,50,g,False
8844,55,2,piece,False
8844,64,50,ml,False
8844,96,1,sprig,True
8844,122,200,g,False
8553,26,100,g,False
8553,29,2,piece,False
8553,30,500,ml,False
8553,163,150,g,False
8553,236,200,g,False
8553,3375,100,ml,True
9238,30,1,tbsp,False
9238,177,1,tbsp,True
9238,3639,6,piece,False
9238,3640,100,g,False
8837,2,150,g,False
8837,5,2,tbsp,False
8837,6,1,pinch,False
8837,11,1,piece,False
8837,25,30,g,False
8837,26,30,g,False
8837,64,500,ml,False
8837,66,1,pinch,False
8837,68,300,g,False
8837,236,100,g,False
8837,242,1,pinch,False
8837,520,200,g,False
4649,6,1,tsp,False
4649,7,1,tsp,False
4649,28,1,tsp,False
4649,30,2,tbsp,False
4649,37,3,clove,False
4649,75,2,tbsp,False
4649,80,100,ml,False
4649,101,1,tsp,False
4649,177,50,ml,False
4649,221,1,piece,False
4649,224,500,g,False
4649,324,100,ml,False
4616,6,1,tsp,False
4616,7,1,tsp,False
4616,11,1,piece,False
4616,30,2,tbsp,False
4616,37,3,clove,False
4616,38,1,bunch,False
4616,60,1,piece,False
4616,115,500,ml,False
4616,176,800,g,False
4616,372,500,g,False
4616,536,1,piece,False
4646,6,1,tsp,False
4646,7,1,tsp,False
4646,10,2,piece,False
4646,11,1,piece,False
4646,37,3,clove,False
4646,59,1,tsp,False
4646,80,250,ml,False
4646,115,500,ml,False
4646,120,1,piece,False
4646,176,800,g,False
4646,274,1,tbsp,True
4646,303,30,g,False
4646,344,1,piece,False
4646,376,3,piece,False
4646,574,15,g,False
4646,623,2,piece,False
4646,2243,20,g,False
4646,2320,1,piece,False
4646,2339,2,piece,False
4646,2391,2,tbsp,False
4641,6,1,tsp,False
4641,11,1,piece,False
4641,30,2,tbsp,False
4641,37,3,clove,False
4641,38,1,bunch,True
4641,80,200,ml,False
4641,176,500,g,False
4641,2389,10,piece,False
5081,6,1,pinch,False
5081,30,0.5,cup,False
5081,80,0.5,cup,False
5081,128,1.5,cup,False
5081,258,1,tsp,False
5081,317,0.25,cup,False
5081,530,6,piece,False
5081,531,6,piece,False
5081,801,1.5,cup,False
5092,25,200,g,False
5092,26,250,g,False
5092,29,1,piece,False
5092,128,150,g,False
5092,312,1,tsp,False
5092,541,20,g,True
5092,618,30,g,False
5092,2512,100,g,False
5105,128,150,g,False
5105,335,1,pinch,True
5105,344,1,piece,False
5105,783,250,ml,False
5105,1766,200,g,False
5105,2169,30,g,True
5202,6,1,pinch,False
5202,11,1,piece,False
5202,30,2,tbsp,False
5202,37,5,clove,False
5202,38,1,bunch,False
5202,59,1,tsp,False
5202,101,2,tsp,False
5202,112,1,kg,False
5202,115,1.5,cup,False
5202,120,12,piece,False
5202,121,2,piece,False
5202,221,2,piece,False
5202,229,1.5,kg,False
5202,344,1,piece,False
5202,364,60,ml,False
5202,376,5,piece,False
5202,623,2,piece,False
5202,955,2,piece,False
5202,2232,2,piece,False
4331,6,1,tbsp,False
4331,7,1,tsp,False
4331,11,1,piece,False
4331,30,2,tbsp,False
4331,37,4,clove,False
4331,38,0.25,bunch,True
4331,59,1,tsp,False
4331,101,1,tsp,False
4331,105,1.5,kg,False
4331,115,1,cup,False
4331,121,1,piece,True
4331,335,0.5,tsp,False
4331,364,2,tbsp,False
4331,376,3,piece,False
4331,623,0.25,tsp,False
4331,955,2,piece,False
4331,2232,2,piece,False
4328,6,1,tbsp,False
4328,11,1,piece,False
4328,30,2,tbsp,False
4328,37,4,clove,False
4328,38,1,bunch,False
4328,59,2,tsp,False
4328,80,2,cup,False
4328,120,8,piece,False
4328,121,1,piece,False
4328,144,2,tsp,False
4328,221,2,piece,False
4328,324,2,tbsp,False
4328,376,5,piece,False
4328,955,3,piece,False
4328,2074,1.5,kg,False
4328,2232,3,piece,False
9434,5,2,tbsp,False
9434,6,1,pinch,False
9434,7,1,pinch,False
9434,11,1,piece,False
9434,37,3,clove,False
9434,51,1,tsp,False
9434,96,1,bunch,True
9434,115,1.5,l,False
9434,139,300,g,False
9434,172,300,g,False
9434,176,500,g,False
9434,2603,150,g,True
9413,1,500,g,False
9413,5,2,tbsp,False
9413,6,1,tsp,False
9413,7,1,tsp,False
9413,8,150,g,False
9413,11,1,piece,False
9413,37,2,clove,False
9413,101,1,tsp,False
9413,113,4,piece,False
9413,307,200,ml,False
9413,520,1,cup,False
9706,5,2,tbsp,False
9706,6,1,pinch,False
9706,7,1,pinch,False
9706,10,400,g,False
9706,11,1,piece,False
9706,37,3,clove,False
9706,38,2,tbsp,False
9706,51,1,tsp,False
9706,58,0.5,tsp,False
9706,59,1,tsp,False
9706,115,500,ml,False
9706,155,1,tsp,False
9706,176,500,g,False
9706,689,240,g,False
9444,5,3,tbsp,False
9444,6,1,pinch,False
9444,7,1,pinch,False
9444,28,2,tsp,False
9444,37,2,clove,False
9444,101,1,tsp,False
9444,176,500,g,False
9444,2255,250,g,False
9404,2,250,g,False
9404,5,2,tbsp,False
9404,6,1,pinch,False
9404,7,1,pinch,False
9404,11,1,piece,False
9404,28,1,tsp,False
9404,37,2,clove,False
9404,96,1,tbsp,True
9404,141,150,ml,False
9404,224,500,g,False
9404,231,100,ml,False
9404,520,200,g,True
10042,5,2,tbsp,False
10042,6,1,pinch,False
10042,7,1,pinch,False
10042,11,1,piece,False
10042,37,2,clove,False
10042,87,1,tsp,False
10042,96,1,bunch,False
10042,115,500,ml,False
10042,142,400,g,False
10042,176,800,g,False
10042,221,1,piece,False
10042,872,150,g,False
9388,1,500,g,False
9388,6,1,pinch,False
9388,7,1,pinch,False
9388,8,150,g,False
9388,11,1,piece,False
9388,30,2,tbsp,False
9388,37,2,clove,False
9388,87,1,tsp,False
9388,115,250,ml,False
9388,139,800,g,False
10045,1,300,g,False
10045,6,1,pinch,False
10045,7,1,pinch,False
10045,11,1,piece,False
10045,26,100,g,False
10045,29,1,piece,False
10045,30,500,ml,False
10045,53,150,g,False
10045,96,1,bunch,False
10045,139,500,g,False
10045,191,50,g,False
9408,6,1,pinch,False
9408,7,1,pinch,False
9408,11,1,piece,False
9408,26,2,tbsp,False
9408,30,2,tbsp,False
9408,37,2,clove,False
9408,87,1,tsp,False
9408,96,1,bunch,True
9408,115,750,ml,False
9408,142,400,g,False
9408,151,2,piece,False
9408,182,2,piece,False
9408,221,1,piece,False
9408,229,600,g,False
9408,992,400,g,False
9421,5,1,tbsp,False
9421,6,1,pinch,False
9421,51,1,pinch,True
9421,66,1,pinch,False
9421,379,200,g,False
9421,1073,300,g,False
5965,64,1,l,False
5965,80,250,ml,False
5965,128,150,g,False
5965,239,150,g,False
5965,335,1,tsp,False
5965,344,1,piece,False
5965,775,1,piece,False
6059,5,100,ml,False
6059,7,1,pinch,False
6059,37,2,clove,False
6059,96,1,bunch,True
6059,139,500,g,False
6059,303,50,g,False
6059,1005,300,g,False
5650,5,1,tbsp,False
5650,6,1,pinch,False
5650,7,1,pinch,False
5650,96,1,tbsp,True
5650,168,0.25,piece,False
5650,1016,200,g,False
5565,6,1,tbsp,False
5565,7,1,tbsp,False
5565,17,200,ml,False
5565,18,1,tbsp,False
5565,22,1,tbsp,False
5565,23,1,tbsp,False
5565,28,2,tbsp,False
5565,51,1,tsp,False
5565,59,1,tsp,False
5565,73,0.5,tsp,False
5565,75,3,tbsp,False
5565,79,60,ml,False
5565,85,1.5,kg,False
5565,124,15,ml,False
5627,5,4,tbsp,False
5627,6,1,pinch,True
5627,7,1,pinch,False
5627,10,3,piece,False
5627,11,1,piece,False
5627,37,4,clove,False
5627,51,1,pinch,True
5627,96,1,bunch,True
5627,1005,500,g,False
5977,5,200,ml,False
5977,37,4,clove,False
5977,321,1,piece,False
5977,1005,500,g,False
5624,5,200,ml,False
5624,37,4,clove,False
5624,96,1,bunch,False
5624,1005,400,g,False
5629,5,4,tbsp,False
5629,6,1,pinch,True
5629,7,1,pinch,False
5629,37,3,clove,False
5629,96,1,bunch,False
5629,210,1,piece,False
5629,211,2,piece,False
5629,2678,500,g,False
5625,5,3,tbsp,False
5625,6,1,pinch,False
5625,7,1,pinch,False
5625,10,400,g,False
5625,11,1,piece,False
5625,37,2,clove,False
5625,96,1,bunch,False
5625,114,2,tbsp,False
5625,1005,600,g,False
6140,5,4,tbsp,False
6140,6,1,pinch,True
6140,7,1,pinch,False
6140,10,400,g,False
6140,11,1,piece,False
6140,37,3,clove,False
6140,96,1,bunch,False
6140,113,1,piece,False
6140,2678,600,g,False
6140,2812,200,g,False
2307,30,2,tbsp,False
2307,37,5,clove,False
2307,61,300,g,False
2307,213,3,piece,False
2307,331,1,tsp,False
2307,644,1,tsp,False
2307,1159,2,tbsp,False
2307,1192,10,piece,False
2307,1435,5,leaf,False
2307,1436,1,tbsp,False
2307,1441,1,piece,False
2307,1442,2,piece,False
2307,1445,1,tbsp,False
2307,1461,1,tsp,False
3189,783,400,ml,False
3189,1159,2,tbsp,False
3189,1435,3,leaf,False
3189,1436,1,tbsp,False
3189,1437,10,leaf,False
3189,1470,100,g,True
3189,1562,3,tbsp,False
3189,1923,300,g,False
3189,1924,50,g,True
2274,30,2,tbsp,False
2274,37,3,clove,False
2274,38,5,leaf,True
2274,46,300,g,False
2274,183,300,g,False
2274,213,2,piece,False
2274,783,400,ml,False
2274,1159,2,tbsp,False
2274,1192,5,piece,False
2274,1435,3,leaf,False
2274,1436,1,tbsp,False
2274,1437,10,leaf,False
2274,1441,1,bunch,False
2274,1442,10,g,False
2274,1445,1,tbsp,False
2274,1456,20,g,False
2272,6,1,pinch,False
2272,30,2,tbsp,False
2272,37,3,clove,False
2272,38,5,leaf,False
2272,80,500,ml,False
2272,188,1,tbsp,False
2272,412,100,g,False
2272,992,150,g,False
2272,1159,2,tbsp,False
2272,1445,1,tsp,False
2272,1460,5,piece,False
2272,1463,100,g,False
2272,1470,100,g,False
2272,1471,50,g,False
3012,30,2,tbsp,False
3012,37,3,clove,False
3012,213,2,piece,False
3012,279,10,leaf,False
3012,331,2,tbsp,False
3012,783,400,ml,False
3012,1159,2,tbsp,False
3012,1174,500,g,False
3012,1435,3,leaf,False
3012,1436,1,tbsp,False
3012,1441,2,tbsp,False
3012,1445,1,tbsp,False
3012,1453,50,g,True
3012,1456,1,tbsp,False
3012,1460,5,piece,False
3012,1463,50,g,True
3012,1478,50,g,True
2284,6,1,tsp,False
2284,37,5,clove,False
2284,188,1,tbsp,False
2284,213,3,piece,False
2284,499,100,g,False
2284,644,1,tsp,False
2284,783,400,ml,False
2284,1159,2,tbsp,False
2284,1174,300,g,False
2284,1435,3,leaf,False
2284,1436,1,tbsp,False
2284,1437,10,leaf,False
2284,1441,2,piece,False
2284,1445,1,tbsp,False
2284,1456,20,g,False
2284,1465,10,piece,False
2284,1478,30,g,False
2284,1479,50,g,False
2284,1480,100,g,True
2282,11,1,piece,False
2282,30,2,tbsp,False
2282,38,5,leaf,True
2282,139,2,piece,False
2282,320,50,g,False
2282,783,400,ml,False
2282,921,1,tbsp,False
2282,1153,500,g,False
2282,1159,2,tbsp,False
2282,1436,1,tbsp,False
2282,1450,3,tbsp,False
2304,30,2,tbsp,False
2304,37,3,clove,False
2304,176,400,g,False
2304,213,2,piece,False
2304,783,400,ml,False
2304,1159,2,tbsp,False
2304,1435,3,leaf,True
2304,1436,1,tbsp,False
2304,1437,10,leaf,True
2304,1440,2,tbsp,False
2304,1501,1,piece,False
3001,30,2,tbsp,False
3001,37,3,clove,False
3001,188,1,tbsp,False
3001,213,3,piece,False
3001,279,10,leaf,False
3001,331,50,g,False
3001,644,1,tsp,False
3001,783,400,ml,False
3001,1099,500,g,False
3001,1159,2,tbsp,False
3001,1435,3,leaf,False
3001,1436,1,tbsp,False
3001,1441,2,piece,False
3001,1445,1,tbsp,False
3001,1456,30,g,False
3001,1460,10,piece,False
3001,1497,1,tsp,False
3001,1855,100,g,False
2291,6,1,pinch,False
2291,30,2,tbsp,False
2291,37,3,clove,False
2291,61,300,g,False
2291,167,10,leaf,False
2291,213,2,piece,False
2291,363,600,ml,False
2291,645,1,tsp,False
2291,1159,2,tbsp,False
2291,1437,10,leaf,False
2291,1474,10,leaf,False
2291,1489,10,leaf,False
2291,1490,15,leaf,False
6943,5,4,tbsp,False
6943,6,1,pinch,False
6943,7,1,pinch,False
6943,11,1,piece,False
6943,37,2,clove,False
6943,87,1,tsp,False
6943,96,1,sprig,True
6943,101,1,tsp,False
6943,126,2,tbsp,False
6943,139,300,g,False
6943,151,150,g,False
6943,478,400,g,False
6943,486,200,g,False
6940,5,2,tbsp,False
6940,6,1,pinch,False
6940,7,1,pinch,False
6940,96,1,tbsp,False
6940,101,1,pinch,False
6940,165,500,g,False
6940,168,1,piece,False
6919,5,3,tbsp,False
6919,6,1,pinch,False
6919,7,1,pinch,False
6919,37,3,clove,False
6919,96,2,sprig,True
6919,168,1,piece,False
6919,197,2,sprig,True
6919,2080,1,piece,False
6396,5,3,tbsp,False
6396,6,1,tsp,False
6396,7,1,tsp,False
6396,11,1,piece,False
6396,37,2,clove,False
6396,80,1,l,False
6396,96,1,bunch,True
6396,2568,250,g,False
6396,2890,1,tsp,False
6630,25,150,g,False
6630,80,200,ml,False
6630,95,150,ml,False
6630,126,1,tbsp,False
6630,128,100,g,False
6630,303,100,g,False
6630,333,200,g,False
6630,335,2,tsp,False
6630,344,1,piece,False
6630,1319,100,g,False
6630,2906,1,packet,False
7151,95,100,g,False
7151,333,15,g,True
7151,2950,200,g,False
6681,95,100,g,False
6681,306,4,slice,True
6681,2950,200,g,False
6367,5,3,tbsp,False
6367,6,1,tsp,False
6367,10,2,piece,False
6367,11,1,piece,False
6367,37,3,clove,False
6367,80,200,ml,False
6367,96,2,sprig,False
6367,101,1,tsp,False
6367,139,1,piece,False
6367,168,1,piece,True
6367,221,2,piece,False
6367,656,1,piece,False
6367,1674,1,piece,False
6922,5,3,tbsp,False
6922,6,1,tsp,False
6922,7,1,tsp,False
6922,10,3,piece,False
6922,11,2,piece,False
6922,80,100,ml,False
6922,96,1,bunch,False
6922,134,1,tsp,False
6922,168,1,piece,False
6922,1674,1,kg,False
6360,5,2,tbsp,False
6360,6,1,pinch,False
6360,7,1,pinch,False
6360,10,2,piece,False
6360,11,1,piece,False
6360,37,2,clove,False
6360,96,1,bunch,False
6360,126,2,tbsp,False
6360,134,1,pinch,True
6360,239,100,g,False
6360,1173,1,l,False
6360,1174,500,g,False
363,1,500,g,False
363,5,2,tbsp,False
363,6,1,pinch,False
363,7,1,pinch,False
363,11,1,piece,False
363,37,3,clove,False
363,101,1,tsp,False
363,180,250,g,False
363,191,50,g,False
363,307,700,ml,False
363,483,450,g,False
409,8,100,g,False
409,38,1,bunch,True
409,141,30,ml,True
409,235,1,piece,False
409,240,50,ml,True
409,517,200,g,False
157,6,1,pinch,False
157,7,1,pinch,False
157,11,1,piece,False
157,30,2,tbsp,False
157,37,3,clove,False
157,78,1.5,kg,False
157,87,1,tsp,False
157,114,2,tbsp,False
157,115,500,ml,False
157,151,2,piece,False
157,182,2,piece,False
157,221,1,piece,False
157,223,250,ml,False
141,2,200,g,False
141,5,2,tbsp,False
141,6,1,pinch,False
141,11,1,piece,False
141,25,2,tbsp,False
141,26,2,tbsp,False
141,37,2,clove,False
141,66,1,pinch,False
141,114,1,tbsp,False
141,115,500,ml,False
141,151,1,piece,False
141,197,2,sprig,False
141,221,1,piece,False
141,223,500,ml,False
141,229,1,kg,False
414,1,500,g,False
414,6,1,pinch,False
414,7,1,pinch,False
414,8,1,cup,False
414,11,1,piece,False
414,30,1,tbsp,False
414,37,2,clove,False
414,38,2,tbsp,False
414,58,2,tsp,False
414,59,1,tsp,False
414,72,1,can,False
414,141,0.5,cup,True
414,235,6,piece,False
414,240,0.5,cup,True
414,287,1,can,False
414,294,0.5,cup,True
414,520,1,cup,True
159,1,500,g,False
159,5,2,tbsp,False
159,6,1,pinch,False
159,7,1,pinch,False
159,11,1,piece,False
159,28,1,tsp,False
159,37,2,clove,False
159,58,2,tsp,False
159,59,1,tsp,False
159,114,2,tbsp,False
159,115,250,ml,False
159,142,400,g,False
159,143,240,g,False
421,1,500,g,False
421,6,1,tsp,False
421,8,150,g,False
421,11,1,piece,False
421,26,2,tbsp,False
421,30,3,tbsp,False
421,37,2,clove,False
421,38,1,bunch,True
421,58,4,tbsp,False
421,59,1,tsp,False
421,115,600,ml,False
421,120,8,piece,False
421,144,1,tsp,False
421,232,400,g,False
1053,6,1,pinch,False
1053,7,1,pinch,False
1053,11,1,piece,False
1053,26,2,tbsp,False
1053,30,2,tbsp,False
1053,37,2,clove,False
1053,87,1,tsp,False
1053,96,1,bunch,True
1053,114,2,tbsp,False
1053,115,1,cup,False
1053,139,3,piece,False
1053,151,2,piece,False
1053,176,700,g,False
1053,182,2,piece,False
1053,221,1,piece,False
1057,2,250,g,False
1057,6,1,pinch,False
1057,7,1,pinch,False
1057,11,1,piece,False
1057,25,2,tbsp,False
1057,26,2,tbsp,False
1057,96,1,tbsp,True
1057,115,250,ml,False
1057,141,200,g,False
1057,224,500,g,False
1057,225,300,g,False
380,2,200,g,False
380,6,1,pinch,False
380,7,1,pinch,False
380,11,1,piece,False
380,25,2,tbsp,False
380,26,1,tbsp,False
380,37,2,clove,False
380,96,1,tbsp,True
380,115,300,ml,False
380,141,150,ml,False
380,224,500,g,False
380,225,300,g,False
413,1,500,g,False
413,6,1,pinch,False
413,7,1,pinch,False
413,8,100,g,True
413,9,1,cup,True
413,10,1,piece,True
413,11,1,piece,False
413,28,1,tsp,False
413,30,1,tbsp,False
413,37,2,clove,False
413,38,2,tbsp,True
413,58,2,tsp,False
413,59,1,tsp,False
413,141,100,g,True
413,307,125,ml,False
413,519,8,piece,False
2157,25,100,g,False
2157,29,1,piece,False
2157,128,100,g,False
2157,774,1,tsp,True
2157,1286,1,piece,False
2157,1289,3,piece,False
2157,1304,100,g,False
1316,6,1,pinch,False
1316,7,1,pinch,False
1316,11,1,piece,False
1316,26,2,tbsp,False
1316,30,2,tbsp,False
1316,37,2,clove,False
1316,96,1,sprig,False
1316,114,1,tbsp,False
1316,115,500,ml,False
1316,151,1,piece,False
1316,182,1,piece,False
1316,197,1,sprig,False
1316,221,1,piece,False
1316,223,250,ml,False
1316,229,800,g,False
1500,5,4,tbsp,False
1500,6,1,pinch,False
1500,37,6,clove,False
1500,66,1,pinch,False
1500,96,1,bunch,False
1500,126,30,ml,False
1500,139,300,g,True
1500,451,1,cup,False
1500,531,2,piece,False
1500,1174,800,g,False
1863,6,1,pinch,False
1863,26,400,g,False
1863,29,3,piece,False
1863,64,120,ml,False
1863,74,100,g,False
1863,128,50,g,False
1863,657,7,g,False
1273,5,2,tbsp,False
1273,6,1,pinch,False
1273,11,1,piece,False
1273,37,3,clove,False
1273,66,1,pinch,False
1273,114,1,tbsp,False
1273,115,500,ml,False
1273,129,1,kg,False
1273,151,1,piece,False
1273,182,1,piece,False
1273,197,2,sprig,False
1273,221,1,piece,False
1273,223,250,ml,False
1269,5,2,tbsp,False
1269,6,1,pinch,False
1269,7,1,pinch,False
1269,11,1,piece,False
1269,37,2,clove,False
1269,114,1,tbsp,False
1269,115,500,ml,False
1269,151,1,piece,False
1269,182,1,piece,False
1269,197,2,sprig,False
1269,221,1,leaf,False
1269,223,250,ml,False
1269,1061,1,kg,False
1303,5,2,tbsp,False
1303,6,1,pinch,False
1303,7,1,pinch,False
1303,11,1,piece,False
1303,37,3,clove,False
1303,115,500,ml,False
1303,151,4,piece,False
1303,223,250,ml,False
1303,229,1.5,kg,False
1635,5,2,tbsp,False
1635,6,1,pinch,False
1635,7,1,pinch,False
1635,11,1,piece,False
1635,37,2,clove,False
1635,172,1,kg,False
1635,360,1,tsp,True
1635,498,250,ml,False
1634,6,1,pinch,False
1634,7,1,pinch,False
1634,25,30,g,False
1634,96,1,tbsp,True
1634,128,1,tsp,False
1634,257,200,ml,False
1634,1017,6,piece,False
1663,5,2,tbsp,False
1663,6,1,pinch,False
1663,7,1,pinch,False
1663,96,1,bunch,True
1663,498,250,ml,False
1663,1025,700,g,False
7504,1,500,g,False
7504,5,2,tbsp,False
7504,6,1,tsp,False
7504,7,1,tsp,False
7504,9,1,cup,False
7504,10,1,piece,False
7504,33,0.5,piece,False
7504,37,2,clove,False
7504,59,1,tsp,False
7504,101,1,tsp,False
7504,134,0.5,tsp,True
7504,683,4,piece,False
7504,3107,0.5,cup,False
7501,5,3,tbsp,False
7501,6,1,tsp,False
7501,7,1,tsp,False
7501,10,2,piece,True
7501,11,1,piece,True
7501,37,3,clove,False
7501,101,1,tsp,False
7501,168,1,piece,False
7501,176,600,g,False
7501,436,4,piece,True
7501,683,4,piece,True
7501,3107,200,g,True
7495,5,3,tbsp,False
7495,6,1,tsp,False
7495,7,1,tsp,False
7495,10,2,piece,False
7495,11,2,piece,False
7495,37,3,clove,False
7495,80,500,ml,False
7495,114,2,tbsp,False
7495,128,1,tsp,False
7495,221,2,piece,False
7495,223,250,ml,False
7495,229,1000,g,False
7495,344,1,piece,False
7495,623,4,piece,False
7495,624,1,tsp,False
7511,6,1,pinch,False
7511,7,1,pinch,False
7511,11,1,piece,False
7511,30,2,tbsp,False
7511,37,2,clove,False
7511,80,2,l,False
7511,96,1,bunch,True
7511,114,2,tbsp,False
7511,115,500,ml,False
7511,151,1,piece,False
7511,182,1,piece,False
7511,197,2,sprig,False
7511,221,2,piece,False
7511,223,150,ml,False
7511,336,10,piece,False
7511,1063,1,kg,False
7506,1,500,g,False
7506,6,1,pinch,False
7506,7,1,pinch,False
7506,8,150,g,False
7506,11,1,piece,False
7506,30,2,tbsp,False
7506,37,2,clove,False
7506,101,1,tsp,False
7506,115,250,ml,False
7506,139,1,kg,False
7508,6,1,pinch,False
7508,7,1,pinch,False
7508,11,1,piece,False
7508,29,2,piece,False
7508,80,2,l,False
7508,96,1,bunch,True
7508,126,3,tbsp,False
7508,176,500,g,False
7508,182,3,piece,False
7488,1,500,g,False
7488,5,4,tbsp,False
7488,6,1,tbsp,False
7488,7,1,tsp,False
7488,10,2,piece,False
7488,11,1,piece,False
7488,37,2,clove,False
7488,80,250,ml,False
7488,96,1,bunch,False
7488,114,2,tbsp,False
7488,335,1,tsp,False
7488,507,2,piece,False
7489,5,2,tbsp,False
7489,6,1,pinch,False
7489,7,1,pinch,False
7489,10,2,piece,False
7489,11,1,piece,False
7489,37,2,clove,False
7489,80,300,ml,False
7489,96,1,bunch,True
7489,114,1,tbsp,False
7489,176,500,g,False
7489,486,3,piece,False
7817,5,2,tbsp,False
7817,6,1,pinch,False
7817,7,1,pinch,False
7817,37,2,clove,False
7817,126,2,tbsp,False
7817,3138,300,g,False
7412,5,3,tbsp,False
7412,6,1,pinch,False
7412,7,1,pinch,False
7412,95,1,tbsp,False
7412,96,1,bunch,True
7412,333,100,g,False
7412,511,100,g,False
7412,758,2,tbsp,False
7412,1023,500,g,False
3696,5,2,tbsp,False
3696,6,1,pinch,False
3696,7,1,pinch,False
3696,11,1,piece,False
3696,37,3,clove,False
3696,96,1,bunch,False
3696,183,150,g,False
3696,231,50,ml,True
3696,232,400,g,False
3696,318,1,pinch,True
3696,399,200,g,False
3696,451,500,ml,False
3696,452,200,g,False
3696,454,200,g,False
3696,969,200,g,False
3609,5,3,tbsp,False
3609,6,1,pinch,False
3609,7,1,pinch,False
3609,10,400,g,False
3609,11,1,piece,False
3609,37,2,clove,False
3609,96,1,bunch,False
3609,183,200,g,False
3609,231,150,ml,False
3609,286,1,tsp,True
3609,306,4,slice,True
3609,451,500,ml,False
3609,454,200,g,False
3609,1194,400,g,False
3541,5,4,tbsp,False
3541,6,1,pinch,False
3541,7,1,pinch,False
3541,10,400,g,False
3541,37,2,clove,False
3541,96,1,bunch,False
3541,286,1,pinch,True
3541,1173,600,ml,False
3541,1399,4,slice,True
3541,2060,500,g,False
3541,2061,300,g,False
3514,6,1,tsp,False
3514,11,1,piece,False
3514,37,2,clove,False
3514,80,4,cup,False
3514,96,1,bunch,False
3514,114,2,tbsp,False
3514,151,1,piece,False
3514,182,1,piece,False
3514,221,2,leaf,False
3514,336,10,piece,False
3514,569,500,g,False
3514,1853,1000,g,False
3510,5,2,tbsp,False
3510,6,1,pinch,False
3510,7,1,pinch,False
3510,11,1,piece,False
3510,37,2,clove,False
3510,80,1500,ml,False
3510,96,1,bunch,False
3510,151,1,piece,False
3510,182,1,piece,False
3510,221,1,piece,False
3510,231,200,ml,False
3510,1177,500,g,False
3510,1195,300,g,True
4003,5,3,tbsp,False
4003,6,1,pinch,False
4003,7,1,pinch,False
4003,10,2,piece,False
4003,37,2,clove,False
4003,279,5,leaf,False
4003,2073,1,piece,False
3735,2,300,g,False
3735,5,4,tbsp,False
3735,6,1,pinch,False
3735,7,1,pinch,False
3735,37,2,clove,False
3735,87,1,pinch,False
3735,96,1,bunch,False
3735,306,6,slice,False
3797,5,3,tbsp,False
3797,6,1,pinch,False
3797,7,1,pinch,False
3797,10,1,piece,False
3797,37,2,clove,False
3797,279,5,leaf,False
3797,461,1,piece,False
3797,2001,100,g,False
3732,5,3,tbsp,False
3732,6,1,pinch,False
3732,7,1,pinch,False
3732,10,4,piece,False
3732,37,2,clove,False
3732,279,1,bunch,False
3732,461,1,piece,False
3881,5,2,tbsp,False
3881,6,1,pinch,False
3881,7,1,pinch,False
3881,37,3,clove,False
3881,96,2,tbsp,False
3881,134,1,pinch,True
3881,191,50,g,False
3881,757,500,g,False
8549,26,2,tbsp,False
8549,30,500,ml,False
8549,37,1,clove,False
8549,102,500,g,False
8549,168,1,piece,True
8549,177,2,tbsp,False
8549,273,2,ml,False
8549,302,1,tsp,False
8549,3240,3,tbsp,False
8523,6,1,pinch,False
8523,7,1,pinch,False
8523,26,0.5,cup,False
8523,29,1,piece,False
8523,30,500,ml,False
8523,68,2,piece,False
8523,163,1,cup,False
8523,3375,4,tbsp,True
8522,6,1,pinch,False
8522,7,1,pinch,False
8522,11,50,g,False
8522,13,100,g,False
8522,29,2,piece,False
8522,30,500,ml,False
8522,80,100,ml,False
8522,96,1,tbsp,False
8522,102,400,g,False
8522,128,60,g,False
8522,177,30,ml,False
8522,324,60,ml,False
8522,1239,50,g,False
8522,1558,1,piece,False
8522,3240,100,g,False
8830,6,1,pinch,False
8830,7,1,pinch,False
8830,11,1,piece,False
8830,17,4,tbsp,False
8830,29,2,piece,False
8830,30,2,tbsp,False
8830,37,2,clove,False
8830,68,300,g,False
8830,111,1,bunch,True
8830,239,2,cup,False
8826,6,1,pinch,False
8826,7,1,pinch,False
8826,30,1,tbsp,False
8826,68,1,piece,False
8826,111,1,piece,True
8826,128,1,tsp,False
8826,177,2,tbsp,False
8826,272,2,tbsp,False
8826,273,2,ml,False
8826,3229,50,g,True
8614,37,3,clove,False
8614,80,240,ml,False
8614,90,12,piece,False
8614,128,30,g,False
8614,177,120,ml,False
8614,302,20,g,False
8614,343,1,piece,True
8417,111,2,piece,False
8417,128,5,g,False
8417,177,30,ml,False
8417,272,20,ml,False
8417,3228,100,g,False
8417,3238,800,ml,False
8417,3266,1,slice,True
8417,3320,300,g,False
8649,29,1,piece,False
8649,30,500,ml,False
8649,177,2,tbsp,True
8649,3411,8,piece,False
8649,3423,4,piece,False
8624,6,1,pinch,True
8624,128,1,tsp,False
8624,139,150,g,False
8624,151,100,g,False
8624,177,2,tbsp,False
8624,272,1,tbsp,False
8624,3215,500,ml,False
8624,3231,100,g,False
8624,3411,150,g,False
8581,102,400,g,False
8581,128,1,tbsp,False
8581,151,100,g,False
8581,177,3,tbsp,False
8581,272,2,tbsp,False
8581,273,2,ml,False
8581,301,1,tbsp,False
8581,324,1,tbsp,True
8581,1503,5,piece,False
8581,1739,150,g,False
8581,1862,200,g,False
8581,3215,400,ml,False
8581,3225,100,g,False
4329,6,1,tsp,False
4329,7,1,tsp,False
4329,11,1,piece,False
4329,30,2,tbsp,False
4329,37,3,clove,False
4329,38,0.25,cup,True
4329,59,1,tsp,False
4329,101,1,tsp,False
4329,115,1.5,cup,False
4329,120,6,piece,True
4329,121,1,piece,True
4329,221,2,piece,False
4329,229,1.5,kg,False
4329,344,1,piece,False
4329,364,2,tbsp,False
4329,376,4,piece,False
4329,378,2,piece,True
4329,623,0.5,tsp,False
4329,2339,2,piece,False
4624,6,1,tsp,False
4624,7,1,tsp,False
4624,11,2,piece,False
4624,30,2,tbsp,False
4624,37,2,clove,False
4624,324,2,tbsp,False
4624,1073,500,g,False
4623,6,1,pinch,False
4623,10,2,piece,False
4623,11,1,piece,False
4623,30,2,tbsp,False
4623,37,2,clove,False
4623,38,1,bunch,False
4623,60,1,piece,False
4623,66,1,pinch,False
4623,212,500,g,False
4621,6,1,pinch,False
4621,7,1,pinch,False
4621,10,2,piece,False
4621,11,1,piece,False
4621,30,2,tbsp,False
4621,38,1,bunch,False
4621,60,1,piece,False
4621,212,500,g,False
4625,6,1,pinch,False
4625,7,1,pinch,False
4625,11,1,piece,False
4625,30,2,tbsp,False
4625,37,2,clove,False
4625,38,1,bunch,True
4625,1073,500,g,False
4625,2384,200,ml,False
4320,5,2,tbsp,False
4320,6,1,tsp,False
4320,7,1,tsp,False
4320,11,1,piece,False
4320,34,0.5,piece,True
4320,37,3,clove,False
4320,38,1,bunch,False
4320,51,1,tsp,False
4320,58,1,tsp,False
4320,59,1,tsp,False
4320,72,250,g,False
4320,80,1.5,cup,False
4320,121,1,piece,False
4320,141,50,g,True
4320,210,1,piece,False
5085,64,500,ml,False
5085,128,150,g,False
5085,190,250,ml,False
5085,312,1,tsp,False
5085,531,4,piece,False
5085,2508,500,g,False
4847,6,1,tsp,False
4847,80,1.25,cup,False
4847,2438,2,cup,False
5033,25,50,g,False
5033,80,500,ml,False
5033,128,450,g,False
5033,616,200,g,False
5033,858,60,ml,False
5033,2487,5,ml,False
4890,6,1,pinch,False
4890,26,50,g,False
4890,29,1,piece,False
4890,30,50,ml,False
4890,53,100,g,False
4890,66,1,pinch,False
4890,168,0.25,piece,True
4890,478,200,g,False
9717,6,1,pinch,False
9717,11,1,piece,False
9717,30,2,tbsp,False
9717,37,2,clove,False
9717,66,1,pinch,False
9717,96,1,bunch,False
9717,115,1,l,False
9717,139,200,g,False
9717,151,150,g,False
9717,176,500,g,False
9717,1054,300,g,False
9649,6,1,tsp,False
9649,11,1,piece,False
9649,37,2,clove,False
9649,80,3,l,False
9649,151,1,piece,False
9649,182,1,piece,False
9649,197,2,sprig,False
9649,221,1,piece,False
9649,336,1,tbsp,False
9649,1853,1,kg,False
10096,2,150,g,False
10096,5,2,tbsp,False
10096,6,1,pinch,False
10096,7,1,pinch,False
10096,11,1,piece,False
10096,26,2,tbsp,False
10096,37,2,clove,False
10096,96,1,bunch,True
10096,114,1,tbsp,False
10096,115,400,ml,False
10096,151,2,piece,False
10096,176,800,g,False
10096,182,2,piece,False
10096,197,1,sprig,False
10096,221,1,piece,False
10096,223,500,ml,False
9461,5,2,tbsp,False
9461,6,1,pinch,False
9461,7,1,pinch,False
9461,11,1,piece,False
9461,37,2,clove,False
9461,115,150,ml,False
9461,124,1,tbsp,False
9461,137,250,ml,False
9461,215,1,tbsp,False
9461,1073,500,g,False
10040,6,1,pinch,True
10040,7,1,pinch,True
10040,30,2,tbsp,False
10040,37,2,clove,False
10040,128,1,tsp,False
10040,176,400,g,False
10040,177,3,tbsp,False
10040,299,2,tbsp,False
10040,499,300,g,False
10041,6,1,pinch,False
10041,7,1,pinch,False
10041,10,400,g,False
10041,11,1,piece,False
10041,30,2,tbsp,False
10041,37,2,clove,False
10041,113,2,piece,False
10041,114,2,tbsp,False
10041,115,500,ml,False
10041,144,1,tsp,False
10041,176,600,g,False
10113,5,3,tbsp,False
10113,6,1,pinch,False
10113,7,1,pinch,False
10113,96,1,tbsp,True
10113,333,50,g,True
10113,394,150,g,False
10113,758,2,tbsp,False
10113,1015,100,g,False
10113,1023,3,piece,False
9328,5,2,tbsp,False
9328,6,1,pinch,False
9328,7,1,pinch,False
9328,18,1,tbsp,True
9328,28,1,tbsp,False
9328,37,2,clove,False
9328,61,300,g,False
9328,231,100,ml,False
9328,3661,2,piece,False
9328,3662,1,tbsp,True
9878,5,2,tbsp,False
9878,6,1,pinch,False
9878,18,1,tbsp,True
9878,28,1,tsp,False
9878,37,2,clove,False
9878,61,400,g,False
9878,221,1,piece,False
9878,231,100,ml,False
9878,912,50,ml,False
9878,3662,1,tbsp,True
9878,3737,4,piece,False
9364,5,3,tbsp,False
9364,6,1,pinch,False
9364,7,1,pinch,False
9364,10,200,g,False
9364,11,1,piece,False
9364,28,2,tsp,False
9364,37,4,clove,False
9364,96,1,bunch,False
9364,139,300,g,False
9364,221,2,piece,False
9364,231,150,ml,False
9364,3666,800,g,False
5626,5,100,ml,False
5626,6,1,pinch,True
5626,7,1,pinch,False
5626,11,1,piece,False
5626,29,4,piece,False
5626,139,300,g,False
5626,1005,300,g,False
5631,5,4,tbsp,False
5631,6,1,pinch,True
5631,37,4,clove,False
5631,66,1,pinch,True
5631,96,1,bunch,False
5631,231,100,ml,False
5631,443,100,g,True
5631,1005,600,g,False
5634,6,1,pinch,False
5634,7,1,pinch,False
5634,11,1,piece,False
5634,25,50,g,False
5634,26,30,g,False
5634,64,500,ml,False
5634,236,100,g,False
5634,242,1,pinch,False
5634,1005,500,g,False
6110,5,250,ml,False
6110,6,1,pinch,True
6110,37,4,clove,False
6110,96,1,bunch,True
6110,321,1,piece,True
6110,1005,600,g,False
5628,6,1,pinch,False
5628,26,150,g,False
5628,30,1,l,False
5628,96,1,bunch,True
5628,168,1,piece,True
5628,863,200,ml,False
5628,1005,400,g,False
5704,5,100,ml,False
5704,6,1,pinch,True
5704,7,1,pinch,False
5704,11,1,piece,False
5704,37,3,clove,False
5704,51,2,tsp,False
5704,96,1,bunch,False
5704,126,30,ml,False
5704,1005,600,g,False
5630,5,100,ml,False
5630,6,1,pinch,False
5630,7,1,pinch,False
5630,11,2,piece,False
5630,37,3,clove,False
5630,96,1,bunch,True
5630,211,3,piece,False
5630,307,400,ml,False
5630,1005,600,g,False
5978,5,50,ml,False
5978,6,1,pinch,False
5978,7,1,pinch,False
5978,10,200,g,False
5978,11,1,piece,False
5978,37,2,clove,False
5978,96,1,sprig,True
5978,211,150,g,False
5978,1005,500,g,False
5647,5,3,tbsp,False
5647,6,1,pinch,False
5647,7,1,pinch,False
5647,37,3,clove,False
5647,96,3,sprig,False
5647,168,1,piece,False
5647,2682,1,piece,False
5640,5,3,tbsp,False
5640,6,1,tsp,False
5640,7,1,tsp,False
5640,11,1,piece,False
5640,37,2,clove,False
5640,96,1,bunch,False
5640,168,1,piece,False
5640,231,100,ml,False
5640,1186,600,g,False
2941,2,150,g,True
2941,80,1.5,cup,False
2941,167,1,bunch,False
2941,367,500,g,False
2941,1159,3,tbsp,False
2941,1435,4,leaf,False
2941,1441,2,piece,False
2941,1456,2,slice,False
2941,1487,1,bunch,False
2941,1490,1,bunch,False
2941,1548,2,tbsp,False
2941,1805,1,bunch,False
2279,30,2,tbsp,False
2279,37,5,clove,False
2279,125,500,g,False
2279,128,1,pinch,False
2279,213,2,piece,False
2279,257,500,ml,False
2279,524,3,piece,False
2279,1159,2,tbsp,False
2279,1192,5,piece,False
2279,1441,2,piece,False
2279,1442,1,piece,False
2279,1443,1,tsp,False
2279,1445,1,tbsp,False
2279,1456,1,piece,False
2279,1474,20,g,False
2279,1475,20,g,False
2960,30,2,tbsp,False
2960,783,400,ml,False
2960,1159,2,tbsp,False
2960,1434,100,g,False
2960,1435,3,leaf,False
2960,1436,1,tbsp,False
2960,1440,3,tbsp,False
2960,1452,150,g,False
2960,1470,150,g,False
2960,1486,10,leaf,False
2960,1818,300,g,False
2960,1819,500,ml,False
2956,6,1,pinch,False
2956,30,2,tbsp,False
2956,37,3,clove,False
2956,213,2,piece,False
2956,644,1,tsp,False
2956,783,400,ml,False
2956,1159,2,tbsp,False
2956,1436,1,tbsp,False
2956,1441,1,piece,False
2956,1442,1,piece,False
2956,1445,1,tsp,False
2956,1456,10,g,False
2956,1460,5,piece,False
2956,1813,200,g,False
2288,37,3,clove,False
2288,59,1,tsp,False
2288,213,2,piece,False
2288,783,400,ml,False
2288,1159,2,tbsp,False
2288,1192,5,piece,False
2288,1435,3,leaf,False
2288,1436,1,tbsp,False
2288,1437,10,leaf,False
2288,1438,200,g,False
2288,1441,1,bunch,False
2288,1442,1,piece,False
2288,1445,1,tbsp,False
2288,1456,20,g,False
2288,1482,300,g,False
3069,6,1,pinch,False
3069,37,5,clove,False
3069,188,1,tsp,False
3069,213,3,piece,False
3069,407,0.5,tsp,False
3069,644,0.5,tsp,False
3069,783,400,ml,False
3069,1159,2,tbsp,False
3069,1192,1,piece,False
3069,1434,100,g,False
3069,1435,3,leaf,False
3069,1436,1,tbsp,False
3069,1437,10,leaf,False
3069,1441,1,piece,False
3069,1443,1,tsp,False
3069,1445,1,tsp,False
3069,1447,300,g,False
3069,1456,1,slice,False
3069,1460,10,piece,False
2280,30,1,tbsp,False
2280,783,400,ml,False
2280,1159,2,tbsp,False
2280,1434,100,g,False
2280,1435,3,leaf,False
2280,1436,1,tbsp,False
2280,1438,200,g,True
2280,1440,3,tbsp,False
2280,1446,15,leaf,False
2280,1447,500,g,False
2280,1476,100,g,False
3230,783,400,ml,False
3230,1159,2,tbsp,False
3230,1434,150,g,False
3230,1436,1,tbsp,False
3230,1438,1,cup,True
3230,1440,2,tbsp,False
3230,1447,500,g,False
3230,1934,1,bunch,False
2998,37,3,clove,False
2998,213,5,piece,False
2998,331,1,tsp,False
2998,478,500,g,False
2998,783,400,ml,False
2998,1159,2,tbsp,False
2998,1435,5,leaf,False
2998,1436,1,tbsp,False
2998,1437,1,bunch,False
2998,1441,2,piece,False
2998,1442,2,piece,False
2998,1443,1,tbsp,False
2998,1445,1,tbsp,False
2998,1456,10,g,False
2998,1460,10,piece,False
2998,1481,2,tbsp,False
2998,1496,20,g,False
2998,1851,200,g,False
2303,30,2,tbsp,False
2303,37,4,clove,False
2303,80,500,ml,False
2303,213,2,piece,False
2303,1159,3,tbsp,False
2303,1435,4,leaf,False
2303,1437,10,leaf,False
2303,1441,1,piece,False
2303,1442,1,piece,False
2303,1443,1,tsp,False
2303,1445,1,tsp,False
2303,1455,100,g,False
2303,1456,1,slice,False
2303,1460,6,piece,False
2303,1470,150,g,False
2303,1500,500,g,False
6951,5,3,tbsp,False
6951,6,1,tsp,False
6951,7,1,tsp,False
6951,10,1,piece,False
6951,11,1,piece,False
6951,96,1,bunch,False
6951,126,30,ml,False
6951,167,1,bunch,False
6951,239,150,g,False
6951,1674,1,piece,False
6946,5,3,tbsp,False
6946,6,1,tsp,False
6946,7,1,tsp,False
6946,10,2,piece,False
6946,11,1,piece,False
6946,28,1,tsp,False
6946,37,3,clove,False
6946,80,100,ml,True
6946,96,1,bunch,False
6946,167,1,bunch,True
6946,478,700,g,False
6946,656,1,piece,False
6941,5,3,tbsp,False
6941,6,1,pinch,False
6941,7,1,pinch,False
6941,11,1,piece,False
6941,29,1,piece,False
6941,37,2,clove,False
6941,53,0.5,cup,False
6941,96,1,bunch,False
6941,134,1,pinch,False
6941,168,1,piece,True
6941,478,500,g,False
6380,6,1,tsp,False
6380,7,1,tsp,False
6380,11,1,piece,False
6380,26,300,g,False
6380,37,2,clove,False
6380,96,10,g,False
6380,114,2,tbsp,False
6380,126,1,tbsp,True
6380,128,1,tsp,False
6380,478,250,g,False
6380,650,180,ml,False
6380,656,1,piece,False
6380,657,7,g,False
6380,2871,1,tsp,False
6950,5,3,tbsp,False
6950,6,1,pinch,False
6950,7,1,pinch,False
6950,10,250,g,False
6950,11,1,piece,False
6950,29,2,piece,False
6950,37,2,clove,False
6950,96,1,bunch,False
6950,328,150,ml,False
6950,478,400,g,False
6950,507,500,g,False
6364,5,2,tbsp,False
6364,6,1,pinch,False
6364,7,1,pinch,False
6364,11,1,piece,False
6364,96,1,bunch,False
6364,239,1,cup,False
6364,478,300,g,False
6364,1173,2,cup,False
6369,5,2,tbsp,False
6369,6,1,pinch,False
6369,7,1,pinch,False
6369,10,3,piece,False
6369,11,1,piece,False
6369,37,2,clove,False
6369,80,150,ml,False
6369,96,1,bunch,False
6369,101,1,pinch,False
6369,114,1,tbsp,False
6369,478,500,g,False
6952,6,1,tsp,False
6952,7,1,tsp,False
6952,26,200,g,False
6952,30,500,ml,False
6952,96,1,bunch,True
6952,168,1,piece,False
6952,478,4,piece,False
7214,25,50,g,False
7214,64,1,l,False
7214,128,150,g,False
7214,335,1,tsp,False
7214,1260,50,g,False
7214,3075,250,g,False
6949,5,3,tbsp,False
6949,6,1,pinch,False
6949,7,1,pinch,False
6949,11,1,piece,False
6949,28,1,tsp,False
6949,30,500,ml,False
6949,96,1,bunch,False
6949,168,1,piece,True
6949,328,100,ml,True
6949,478,300,g,False
6949,3022,4,piece,False
119,5,2,tbsp,False
119,6,1,tbsp,False
119,7,1,tsp,False
119,206,1,kg,False
449,1,500,g,False
449,6,1,pinch,False
449,7,1,pinch,False
449,8,100,g,False
449,9,1,cup,False
449,10,1,piece,False
449,11,1,piece,False
449,30,2,tbsp,False
449,34,1,piece,False
449,37,2,clove,False
449,38,1,bunch,False
449,58,1,tsp,False
449,59,1,tsp,False
449,114,2,tbsp,False
449,141,100,g,False
449,528,6,piece,False
1058,2,250,g,False
1058,5,2,tbsp,False
1058,6,1,pinch,False
1058,29,1,piece,False
1058,37,1,clove,False
1058,66,1,pinch,False
1058,213,1,piece,False
1058,246,500,g,False
1058,248,8,slice,False
1058,967,1,kg,False
154,2,200,g,False
154,5,2,tbsp,False
154,6,1,pinch,False
154,7,1,pinch,False
154,18,2,tbsp,False
154,29,1,piece,False
154,37,2,clove,False
154,206,1,kg,False
154,213,1,piece,False
154,246,1,packet,False
154,248,6,slice,False
311,6,1,pinch,False
311,7,1,pinch,False
311,26,1,cup,False
311,30,1,l,False
311,168,1,piece,True
311,258,1,tsp,False
311,425,100,ml,True
311,430,500,g,False
311,431,330,ml,False
76,5,2,tbsp,False
76,6,1,tbsp,False
76,7,1,tsp,False
76,22,1,tsp,False
76,23,1,tsp,False
76,28,1,tbsp,False
76,37,2,clove,True
76,73,0.5,tsp,False
76,86,1.5,kg,False
76,137,355,ml,False
76,138,2,sprig,True
172,5,2,tbsp,False
172,6,1,tbsp,False
172,7,1,tsp,False
172,22,1,tsp,True
172,28,1,tsp,True
172,125,1,piece,False
172,137,330,ml,False
172,197,1,tsp,True
1006,6,1,pinch,False
1006,25,30,g,False
1006,26,250,g,False
1006,29,1,piece,False
1006,30,1000,ml,False
1006,64,120,ml,False
1006,128,30,g,False
1006,541,50,g,False
1006,650,120,ml,False
1006,661,7,g,False
1110,6,1,pinch,False
1110,25,0.25,cup,False
1110,26,2,cup,False
1110,29,2,piece,False
1110,64,1.5,cup,False
1110,128,2,tbsp,False
1110,258,2,tsp,False
705,6,1,pinch,False
705,25,0.13,cup,False
705,26,2,cup,False
705,29,2,piece,False
705,64,1.75,cup,False
705,128,2,tbsp,False
705,258,1,tbsp,False
705,312,1,tsp,False
1468,5,2,tbsp,False
1468,6,1,pinch,False
1468,7,1,pinch,False
1468,11,1,piece,False
1468,37,2,clove,False
1468,151,1,piece,False
1468,182,2,slice,False
1468,221,1,piece,False
1468,231,250,ml,False
1468,257,500,ml,False
1468,595,1,piece,False
1445,5,2,tbsp,False
1445,6,1,pinch,False
1445,10,400,g,False
1445,11,1,piece,False
1445,37,3,clove,False
1445,66,1,pinch,False
1445,115,500,ml,False
1445,138,2,sprig,False
1445,151,1,piece,False
1445,182,1,piece,False
1445,221,1,piece,False
1445,223,250,ml,False
1445,1144,4,piece,False
1274,6,1,pinch,False
1274,7,1,pinch,False
1274,11,1,piece,False
1274,30,2,tbsp,False
1274,37,3,clove,False
1274,73,1,pinch,True
1274,114,2,tbsp,False
1274,115,500,ml,False
1274,151,1,piece,False
1274,182,1,piece,False
1274,197,1,sprig,False
1274,221,2,leaf,False
1274,223,250,ml,False
1274,633,1.5,kg,False
1477,6,1,pinch,False
1477,11,1,piece,False
1477,30,2,tbsp,False
1477,37,3,clove,False
1477,66,1,pinch,False
1477,87,1,tsp,False
1477,96,1,tbsp,True
1477,114,2,tbsp,False
1477,115,500,ml,False
1477,138,1,sprig,False
1477,151,1,piece,False
1477,221,1,piece,False
1477,223,250,ml,False
1477,1162,1,kg,False
1495,5,2,tbsp,False
1495,6,1,pinch,False
1495,7,1,pinch,False
1495,11,1,piece,False
1495,37,2,clove,False
1495,61,800,g,False
1495,87,1,tsp,False
1495,221,1,piece,False
1495,257,250,ml,False
1495,361,250,ml,False
1495,643,2,piece,False
1425,5,2,tbsp,False
1425,6,1,pinch,False
1425,7,1,pinch,False
1425,11,1,piece,False
1425,37,2,clove,False
1425,151,1,piece,False
1425,182,1,piece,False
1425,221,1,piece,False
1425,231,125,ml,False
1425,232,100,g,False
1425,1121,500,ml,False
1425,1131,1,kg,False
1412,5,2,tbsp,False
1412,6,1,pinch,False
1412,7,1,pinch,False
1412,11,1,piece,False
1412,37,2,clove,False
1412,96,1,bunch,True
1412,114,2,tbsp,False
1412,115,500,ml,False
1412,151,1,piece,False
1412,182,1,piece,False
1412,197,2,sprig,False
1412,221,1,piece,False
1412,230,1,kg,False
1412,231,250,ml,False
1412,775,1,tsp,True
2061,5,2,tbsp,False
2061,6,1,pinch,False
2061,7,1,pinch,False
2061,11,1,piece,False
2061,37,3,clove,False
2061,115,500,ml,False
2061,151,1,piece,False
2061,182,1,piece,False
2061,197,3,sprig,False
2061,221,2,leaf,False
2061,223,250,ml,False
2061,1379,1.5,kg,False
1487,6,1,tbsp,False
1487,26,100,g,False
1487,29,2,piece,False
1487,30,500,ml,False
1487,53,150,g,False
1487,2369,1.5,kg,False
1542,6,1,pinch,False
1542,26,100,g,False
1542,29,1,piece,False
1542,30,100,ml,False
1542,53,150,g,False
1542,66,1,pinch,False
1542,168,1,piece,True
1542,1206,500,g,False
7494,1,500,g,False
7494,5,2,tbsp,False
7494,6,1,tsp,False
7494,7,1,tsp,False
7494,11,1,piece,False
7494,29,1,piece,False
7494,37,2,clove,False
7494,53,0.5,cup,False
7494,96,1,bunch,False
7494,511,150,g,False
7498,1,500,g,False
7498,5,1,tbsp,False
7498,6,1,tsp,False
7498,7,0.5,tsp,False
7498,11,1,piece,False
7498,37,2,clove,False
7498,96,1,bunch,False
7498,144,1,tsp,False
7498,335,0.5,tsp,False
7498,624,0.5,tsp,False
7818,5,2,tbsp,False
7818,6,1,pinch,False
7818,7,1,pinch,False
7818,10,400,g,False
7818,11,1,piece,False
7818,37,2,clove,False
7818,51,1,tsp,False
7818,59,1,tsp,False
7818,96,1,bunch,True
7818,151,1,piece,False
7818,182,1,piece,False
7818,498,750,ml,False
7818,554,100,g,True
7818,973,250,g,False
7848,6,1,tsp,False
7848,29,2,piece,False
7848,64,250,ml,False
7848,80,500,ml,False
7848,128,2,tbsp,False
7848,426,250,g,False
7671,5,50,ml,False
7671,6,15,g,False
7671,80,3,l,False
7671,168,0.5,piece,False
7671,216,1,piece,False
7753,1,400,g,False
7753,5,6,tbsp,False
7753,6,1,pinch,False
7753,7,1,pinch,False
7753,11,1,piece,False
7753,37,2,clove,False
7753,80,100,ml,False
7753,114,2,tbsp,False
7753,335,1,tsp,False
7753,624,0.5,tsp,False
7753,3030,12,piece,False
7894,6,1,pinch,False
7894,25,150,g,False
7894,64,1,l,False
7894,128,150,g,False
7894,312,1,tsp,False
7894,335,1,tsp,False
7894,541,50,g,False
7894,1260,150,g,False
7894,2906,300,g,False
7999,6,1,pinch,False
7999,25,100,g,False
7999,29,2,piece,False
7999,64,500,ml,False
7999,128,100,g,False
7999,312,1,tsp,False
7999,335,1,tsp,True
7999,541,10,g,True
7999,799,100,g,False
7999,1260,100,g,False
7999,2891,250,g,False
7756,25,100,g,False
7756,26,50,g,False
7756,29,3,piece,False
7756,64,1.5,l,False
7756,128,150,g,False
7756,312,1,tsp,False
7756,335,1,tsp,True
7756,541,20,g,True
7756,1260,100,g,False
7756,3030,400,g,False
7786,25,100,g,False
7786,29,2,piece,False
7786,64,200,ml,False
7786,128,50,g,False
7786,511,200,g,False
7786,1947,200,g,False
7786,3060,10,piece,False
4280,128,150,g,False
4280,303,100,g,False
4280,530,4,piece,False
4280,1328,100,g,False
4023,6,1,pinch,False
4023,128,150,g,False
4023,530,2,piece,False
4023,1328,150,g,False
4208,5,1,tbsp,False
4208,6,1,pinch,False
4208,37,1,clove,False
4208,286,1,tsp,False
4208,1942,150,g,False
4208,1958,400,g,False
4208,1959,80,g,False
4208,2207,400,g,False
3246,5,2,tbsp,False
3246,6,1,pinch,False
3246,7,1,pinch,False
3246,11,1,piece,False
3246,134,1,pinch,False
3246,307,400,ml,False
3246,1941,400,g,False
3246,1942,150,g,False
3246,1959,100,g,False
4001,6,1,pinch,False
4001,25,30,g,False
4001,27,40,g,False
4001,64,600,ml,False
4001,128,100,g,False
4001,312,1,tsp,False
4001,531,3,piece,False
4001,618,30,g,False
3803,5,2,tbsp,False
3803,6,1,pinch,False
3803,7,1,pinch,False
3803,248,150,g,False
3803,279,5,leaf,False
3803,2035,200,g,False
3805,5,80,ml,False
3805,6,1,pinch,False
3805,7,1,pinch,False
3805,37,1,clove,False
3805,191,30,g,False
3805,279,30,g,False
3805,920,20,g,False
3805,2003,1,piece,False
3737,5,2,tbsp,False
3737,6,1,pinch,False
3737,7,1,pinch,False
3737,10,400,g,False
3737,279,5,leaf,False
3737,758,1,tsp,True
3737,2003,150,g,False
3288,5,100,ml,False
3288,6,1,pinch,False
3288,10,200,g,False
3288,37,2,clove,False
3288,279,1,bunch,False
3288,303,50,g,False
3288,1969,400,g,False
3288,2184,70,g,False
4284,6,1,pinch,False
4284,25,125,g,False
4284,26,180,g,False
4284,29,1,piece,False
4284,128,100,g,False
4284,258,1,tsp,False
4284,312,1,tsp,False
8795,111,1,bunch,False
8795,128,1,tsp,False
8795,177,2,tbsp,False
8795,274,1,tbsp,False
8795,300,1,tbsp,False
8795,302,1,tsp,False
8795,1483,400,g,False
8795,3319,1,tbsp,False
9196,6,1,tsp,False
9196,103,200,g,True
9196,128,1,tbsp,False
9196,177,2,tsp,False
9196,342,1,piece,True
9196,1654,500,g,False
9196,1701,20,piece,False
9015,80,30,ml,False
9015,128,100,g,False
9015,385,100,g,False
9015,754,200,g,False
8333,34,0.5,piece,False
8333,177,2,tbsp,False
8333,183,100,g,True
8333,308,0.5,piece,False
8333,322,1,tbsp,True
8333,441,100,g,False
8333,446,2,cup,False
8333,448,1,tbsp,True
8333,1009,100,g,False
8333,3244,1,tsp,True
8333,3261,100,g,True
8333,3263,4,tbsp,False
8333,3266,1,piece,False
8333,3271,1,tbsp,True
8333,3282,1,piece,True
8892,6,1,tsp,False
8892,29,2,piece,True
8892,34,1,piece,False
8892,128,2,tbsp,False
8892,177,60,ml,False
8892,183,100,g,False
8892,274,1,tbsp,False
8892,300,60,ml,False
8892,308,1,piece,False
8892,441,150,g,False
8892,446,2,cup,False
8892,448,30,g,True
8892,1009,150,g,False
8892,3244,1,tsp,True
8892,3262,1,piece,False
9215,6,1,pinch,False
9215,29,4,piece,False
9215,30,50,ml,False
9215,64,80,ml,False
9215,96,2,sprig,True
9215,128,150,g,False
9215,190,200,ml,False
9215,258,1,tsp,False
9215,542,200,g,False
9215,801,200,g,False
9210,6,1.5,tsp,False
9210,7,1,tsp,False
9210,22,1,tsp,False
9210,23,1,tsp,False
9210,26,3,cup,False
9210,28,2,tsp,False
9210,29,1,piece,False
9210,30,1,l,False
9210,69,2,cup,False
9210,87,1,tsp,False
9210,96,1,sprig,True
9210,101,1,tsp,False
9210,102,8,piece,False
9210,258,1,tsp,False
8456,11,1,piece,False
8456,27,1,tsp,False
8456,29,2,piece,False
8456,30,2,tbsp,False
8456,37,2,clove,False
8456,111,1,bunch,True
8456,113,50,g,False
8456,128,1,tsp,False
8456,151,50,g,False
8456,177,2,tbsp,False
8456,183,50,g,True
8456,257,400,ml,False
8456,299,1,tbsp,False
8456,325,300,g,False
8456,367,100,g,False
8456,418,30,g,False
8456,448,20,g,True
8456,1247,30,g,False
8456,1434,40,g,False
8953,80,100,ml,False
8953,128,50,g,False
8953,190,100,ml,True
8953,893,10,g,False
8953,896,500,ml,False
8713,9,100,g,False
8713,37,1,clove,False
8713,61,200,g,False
8713,111,1,piece,False
8713,128,1,tsp,False
8713,151,50,g,False
8713,177,2,tbsp,False
8713,274,1,tbsp,False
8713,300,1,tbsp,False
8713,302,1,tsp,False
8713,308,50,g,False
8713,3319,1,tsp,False
4932,6,1,tsp,False
4932,29,3,piece,False
4932,257,250,ml,False
4932,258,1,tsp,False
4932,383,12,piece,False
4932,384,250,g,False
4932,385,100,g,False
4932,2255,150,g,False
5100,332,1,can,False
4598,7,1,pinch,False
4598,10,2,piece,False
4598,11,1,piece,False
4598,29,4,piece,True
4598,30,2,tbsp,False
4598,34,1,piece,True
4598,37,2,clove,False
4598,38,1,bunch,True
4598,58,1,tsp,False
4598,59,1,tsp,False
4598,80,500,ml,False
4598,235,4,piece,False
4598,236,100,g,True
4598,240,100,ml,True
4598,1812,300,g,False
4599,1,250,g,False
4599,8,100,g,False
4599,10,0.5,piece,False
4599,11,0.5,piece,False
4599,29,2,piece,False
4599,30,2,tbsp,False
4599,34,0.5,piece,False
4599,121,1,piece,True
4599,141,2,tbsp,False
4599,235,1,piece,False
4599,240,3,tbsp,False
4928,6,1,pinch,False
4928,25,30,g,False
4928,26,250,g,False
4928,29,2,piece,False
4928,30,1,l,False
4928,64,120,ml,False
4928,128,50,g,False
4928,258,2,tsp,False
4928,335,2,tsp,False
5047,6,1,pinch,False
5047,25,30,g,False
5047,26,250,g,False
5047,29,1,piece,False
5047,30,500,ml,False
5047,64,150,ml,False
5047,95,100,ml,False
5047,128,50,g,False
5047,258,10,g,False
5243,26,250,g,False
5243,29,1,piece,False
5243,30,1,l,False
5243,64,125,ml,False
5243,128,50,g,False
5243,258,2,tsp,False
5243,335,1,tsp,False
5003,6,1,pinch,False
5003,25,50,g,False
5003,26,150,g,False
5003,29,2,piece,False
5003,30,500,ml,False
5003,80,250,ml,False
5003,128,20,g,False
5003,541,50,g,False
4972,6,1,tbsp,False
4972,7,1,tsp,False
4972,11,1,piece,True
4972,37,6,clove,False
4972,38,1,bunch,True
4972,59,1,tbsp,False
4972,120,12,piece,True
4972,121,2,piece,True
4972,144,1,tbsp,False
4972,317,250,ml,False
4972,364,100,ml,False
4972,2221,2,piece,False
4972,2467,2,tbsp,False
4972,3689,3,kg,False
4973,6,20,g,False
4973,7,2,tsp,False
4973,25,50,g,False
4973,37,6,clove,False
4973,101,2,tbsp,False
4973,2468,1,piece,False
10028,5,5,tbsp,False
10028,6,1,pinch,False
10028,7,1,pinch,False
10028,37,4,clove,False
10028,51,1,tsp,False
10028,96,2,tbsp,False
10028,306,200,g,False
10028,3763,800,g,False
10027,5,1,tbsp,False
10027,6,1,pinch,False
10027,7,1,pinch,False
10027,96,1,bunch,True
10027,168,0.25,piece,True
10027,3762,400,g,False
9366,5,2,tbsp,False
9366,6,1,pinch,False
9366,7,1,pinch,False
9366,11,1,piece,False
9366,25,30,g,False
9366,190,50,ml,False
9366,231,100,ml,False
9366,257,200,ml,False
9366,3667,500,g,False
9366,3668,100,g,False
10111,5,3,tbsp,False
10111,6,1,tsp,False
10111,7,0.5,tsp,False
10111,33,0.5,piece,False
10111,79,2,tbsp,False
10111,96,10,g,False
10111,128,1,tsp,False
10111,182,1,piece,False
10111,211,0.5,piece,False
10111,973,400,g,False
10084,5,2,tbsp,False
10084,6,1,tsp,False
10084,7,1,tsp,False
10084,11,1,piece,False
10084,37,2,clove,False
10084,87,1,tsp,False
10084,96,1,tbsp,True
10084,151,1,piece,False
10084,182,1,piece,False
10084,221,1,piece,False
10084,498,1,l,False
10084,973,250,g,False
9617,6,1,pinch,False
9617,7,1,pinch,False
9617,80,500,ml,False
9617,111,1,bunch,True
9617,155,1,bunch,True
9617,239,200,g,False
9617,1613,150,ml,False
10128,10,3,slice,False
10128,13,1,tbsp,False
10128,14,3,slice,False
10128,57,2,leaf,False
10128,310,2,slice,False
10128,3706,30,g,False
9729,1,400,g,False
9729,5,2,tbsp,False
9729,6,1,tsp,False
9729,7,1,tsp,False
9729,11,1,piece,False
9729,25,50,g,False
9729,29,1,piece,False
9729,37,2,clove,False
9729,96,2,tbsp,False
9729,128,1,tbsp,False
9729,657,10,g,False
9729,754,500,g,False
9729,940,250,ml,False
9954,6,1,pinch,False
9954,26,200,g,False
9954,29,1,piece,False
9954,30,500,ml,False
9954,64,150,ml,False
9954,128,50,g,False
9954,258,10,g,False
9954,312,1,tsp,True
9954,335,2,tsp,False
9945,26,100,g,False
9945,29,3,piece,False
9945,30,80,ml,False
9945,64,120,ml,False
9945,128,120,g,False
9945,258,10,g,False
9945,312,1,tsp,False
9945,1589,150,g,False
5692,5,3,tbsp,False
5692,6,1,pinch,False
5692,7,1,pinch,False
5692,37,3,clove,False
5692,96,1,bunch,False
5692,168,1,piece,False
5692,1214,12,piece,False
5645,5,4,tbsp,False
5645,6,1,pinch,False
5645,7,1,pinch,False
5645,37,3,clove,False
5645,96,1,bunch,False
5645,168,1,piece,False
5645,1181,800,g,False
6244,6,1,tbsp,False
6244,7,1,tsp,False
6244,16,0.25,cup,False
6244,22,1,tsp,False
6244,23,1,tsp,False
6244,28,2,tbsp,False
6244,75,2,tbsp,False
6244,85,1.5,kg,False
5715,5,3,tbsp,False
5715,6,1,tsp,False
5715,7,1,tsp,False
5715,28,1,tsp,False
5715,37,3,clove,False
5715,96,1,bunch,False
5715,168,2,piece,False
5715,231,100,ml,False
5715,2423,1,kg,False
6257,5,3,tbsp,False
6257,6,1,tsp,False
6257,7,0.5,tsp,False
6257,28,1,tsp,False
6257,37,2,clove,False
6257,96,2,tbsp,True
6257,101,1,tsp,False
6257,113,1,piece,False
6257,114,2,tbsp,False
6257,151,1,piece,False
6257,239,300,g,False
6257,486,1,piece,False
6257,498,600,ml,False
5705,5,3,tbsp,False
5705,6,1,tsp,False
5705,7,1,tsp,False
5705,37,3,clove,False
5705,96,1,bunch,False
5705,168,1,piece,False
5705,1179,1,piece,False
5659,5,3,tbsp,False
5659,6,1,pinch,False
5659,37,3,clove,False
5659,66,1,pinch,False
5659,96,3,sprig,False
5659,168,1,piece,False
5659,2089,2,piece,False
5646,5,3,tbsp,False
5646,6,1,tsp,False
5646,7,1,tsp,False
5646,37,2,clove,True
5646,96,5,leaf,True
5646,168,1,piece,False
5646,197,3,sprig,True
5646,2681,1,piece,False
5394,6,10,g,False
5394,7,1,pinch,False
5394,80,250,ml,False
5394,128,30,g,False
5394,151,1,piece,False
5394,308,1,piece,False
5394,364,250,ml,False
5394,872,15,piece,False
5394,2614,2,piece,False
5394,2615,30,g,False
5394,2616,30,g,False
6178,5,4,tbsp,False
6178,9,1,piece,False
6178,10,2,piece,False
6178,11,1,piece,False
6178,37,3,clove,False
6178,113,1,piece,False
6178,183,300,g,False
6178,231,500,ml,True
6178,257,4,cup,False
6178,324,2,tbsp,False
6178,454,300,g,False
6178,969,200,g,False
6178,1107,1,pinch,False
6178,1397,1,piece,False
6178,2042,2,cup,False
6178,2670,4,piece,False
3233,30,2,tbsp,False
3233,37,3,clove,False
3233,213,2,piece,False
3233,279,1,bunch,False
3233,1159,2,tbsp,False
3233,1173,500,ml,False
3233,1435,3,leaf,False
3233,1436,1,tbsp,False
3233,1441,1,piece,False
3233,1442,1,piece,False
3233,1443,1,tsp,False
3233,1445,1,tsp,False
3233,1456,1,slice,False
3233,1465,5,piece,False
3233,1500,500,g,False
3233,1935,3,piece,False
3060,37,3,clove,False
3060,213,2,piece,False
3060,407,0.5,tsp,False
3060,524,2,piece,False
3060,644,1,tsp,False
3060,783,400,ml,False
3060,1159,2,tbsp,False
3060,1435,3,leaf,False
3060,1436,1,tbsp,False
3060,1437,10,leaf,False
3060,1441,1,piece,False
3060,1442,1,piece,False
3060,1453,50,g,False
3060,1456,20,g,False
3060,1460,5,piece,False
3060,1500,400,g,False
3060,1678,2,tbsp,False
3195,30,2,tbsp,False
3195,37,4,clove,False
3195,61,300,g,False
3195,213,3,piece,False
3195,331,1,tsp,False
3195,580,150,g,False
3195,644,1,tsp,False
3195,783,400,ml,False
3195,1159,2,tbsp,False
3195,1435,5,leaf,False
3195,1436,1,tbsp,False
3195,1437,1,bunch,False
3195,1441,2,piece,False
3195,1442,2,piece,False
3195,1455,100,g,False
3195,1456,20,g,False
3195,1460,8,piece,False
3195,1497,1,tsp,False
3222,6,1,pinch,False
3222,80,1.5,cup,False
3222,155,1,bunch,True
3222,183,200,g,False
3222,302,30,g,False
3222,1159,2,tbsp,False
3222,1435,5,leaf,False
3222,1441,2,piece,False
3222,1456,30,g,False
3222,1466,1,piece,True
2301,37,5,clove,False
2301,59,0.5,tsp,False
2301,103,200,g,False
2301,188,1,tsp,False
2301,213,3,piece,False
2301,329,2,tbsp,False
2301,331,1,tsp,False
2301,507,100,g,True
2301,783,400,ml,False
2301,1159,2,tbsp,False
2301,1435,3,leaf,True
2301,1436,1,tbsp,False
2301,1437,5,leaf,True
2301,1441,1,bunch,False
2301,1445,1,tbsp,False
2301,1465,10,piece,False
2301,1496,30,g,False
2301,1498,150,g,False
2301,1499,2,leaf,True
3037,30,2,tbsp,False
3037,37,3,clove,False
3037,183,200,g,False
3037,213,2,piece,False
3037,783,400,ml,False
3037,1159,2,tbsp,False
3037,1436,1,tbsp,False
3037,1445,2,tbsp,False
3037,1466,3,piece,False
3037,1498,200,g,False
3226,30,2,tbsp,False
3226,37,3,clove,False
3226,151,1,piece,False
3226,172,150,g,False
3226,213,2,piece,False
3226,331,1,tsp,False
3226,430,200,g,False
3226,498,500,ml,False
3226,1159,3,tbsp,False
3226,1436,1,tbsp,False
3226,1442,1,piece,False
3226,1445,1,tbsp,False
3226,1455,100,g,False
3226,1465,5,piece,False
3226,1730,50,g,False
2267,37,3,clove,False
2267,39,2,tbsp,False
2267,80,1000,ml,False
2267,213,2,piece,False
2267,499,150,g,False
2267,1159,2,tbsp,False
2267,1174,400,g,False
2267,1435,3,leaf,True
2267,1436,1,tbsp,False
2267,1442,1,piece,False
2267,1445,1,tbsp,False
2267,1465,5,piece,False
2267,1466,2,piece,True
2267,1730,30,g,False
2269,37,3,clove,False
2269,80,1,cup,False
2269,151,100,g,False
2269,188,1,tsp,False
2269,213,2,piece,False
2269,378,100,g,False
2269,499,100,g,False
2269,646,1,tsp,False
2269,921,2,tbsp,False
2269,1159,2,tbsp,False
2269,1436,1,tbsp,False
2269,1445,1,tbsp,False
2269,1465,5,piece,False
3131,6,1,pinch,False
3131,37,3,clove,False
3131,80,800,ml,False
3131,151,100,g,True
3131,172,100,g,True
3131,213,3,piece,False
3131,331,1,tsp,False
3131,499,100,g,True
3131,1159,2,tbsp,False
3131,1436,1,tbsp,False
3131,1437,1,bunch,True
3131,1441,1,piece,False
3131,1442,2,piece,False
3131,1445,1,tbsp,False
3131,1456,2,slice,False
3131,1465,5,piece,False
3131,1583,50,g,False
3131,1904,400,g,False
6929,5,1,tbsp,False
6929,6,1,pinch,False
6929,7,1,pinch,False
6929,9,30,g,False
6929,10,0.5,piece,False
6929,11,0.25,piece,False
6929,96,1,sprig,True
6929,168,0.25,piece,False
6929,976,1,piece,False
6929,1193,200,g,False
6979,5,3,tbsp,False
6979,6,1,pinch,False
6979,7,1,pinch,False
6979,10,150,g,False
6979,11,1,piece,False
6979,37,2,clove,False
6979,96,2,tbsp,False
6979,126,2,tbsp,False
6979,139,150,g,False
6979,151,100,g,False
6979,596,500,g,False
6979,1173,1,l,False
6391,5,3,tbsp,False
6391,6,1,tsp,False
6391,7,0.5,tsp,False
6391,10,2,piece,False
6391,11,1,piece,False
6391,37,2,clove,False
6391,80,1,l,False
6391,96,1,bunch,True
6391,114,2,tbsp,False
6391,126,2,tbsp,False
6391,580,300,g,False
6939,5,3,tbsp,False
6939,6,1,tsp,False
6939,7,1,tsp,False
6939,37,2,clove,False
6939,96,1,bunch,False
6939,168,1,piece,False
6939,1191,2,piece,False
6501,5,80,ml,False
6501,6,1,tsp,False
6501,7,1,tsp,False
6501,10,400,g,False
6501,11,1,piece,False
6501,37,2,clove,False
6501,80,1.5,l,False
6501,96,1,bunch,False
6501,114,2,tbsp,False
6501,128,1,tsp,False
6501,2910,250,g,False
6354,5,4,tbsp,False
6354,6,1,tsp,False
6354,7,1,tsp,False
6354,10,2,piece,False
6354,11,1,piece,False
6354,37,2,clove,False
6354,96,1,bunch,False
6354,114,1,tbsp,False
6354,168,1,piece,True
6354,1191,2,piece,False
6354,2897,200,g,False
6732,95,100,g,True
6732,171,100,g,True
6732,333,50,g,True
6732,335,5,g,False
6732,393,30,g,True
6732,504,150,g,False
6732,623,10,g,False
6732,1327,30,g,True
6732,2813,10,g,False
6801,6,1,pinch,False
6801,25,20,g,True
6801,64,100,ml,True
6801,80,1,l,False
6801,128,2,tbsp,True
6801,3004,200,g,False
6776,6,1,tsp,False
6776,25,50,g,False
6776,26,500,g,False
6776,29,2,piece,False
6776,64,250,ml,False
6776,128,2,tbsp,False
6776,661,7,g,False
7002,5,1,tbsp,True
7002,6,1,tsp,False
7002,26,450,g,False
7002,128,1,tbsp,False
7002,650,300,ml,False
7002,657,7,g,False
1126,613,1,piece,False
1126,873,150,ml,False
915,613,1,piece,False
915,874,150,ml,False
23,5,1,tsp,True
23,9,1,leaf,True
23,10,2,slice,True
23,12,2,slice,True
23,15,1,piece,False
23,17,1,tsp,True
23,18,1,tsp,True
23,47,1,piece,False
23,48,1,tbsp,True
23,49,1,slice,True
1030,11,1,piece,False
1030,37,4,clove,False
1030,38,1,bunch,False
1030,59,1,tsp,False
1030,80,500,ml,False
1030,101,1,tsp,False
1030,115,1000,ml,False
1030,120,12,piece,False
1030,121,2,piece,False
1030,180,250,g,False
1030,221,2,piece,False
1030,229,1500,g,False
1030,344,1,piece,False
1030,364,2,tbsp,False
1030,376,4,piece,False
1030,623,4,piece,False
1030,955,3,piece,False
720,6,1,pinch,False
720,7,1,pinch,False
720,26,3,tbsp,False
720,64,3,cup,False
720,522,8,piece,False
720,725,2,cup,False
21,4,4,piece,False
21,6,1,tsp,False
21,7,1,tsp,False
21,8,4,slice,True
21,9,4,leaf,True
21,10,1,piece,True
21,11,0.5,piece,True
21,12,4,slice,True
21,13,4,tbsp,True
21,17,4,tbsp,True
21,18,4,tbsp,True
21,45,450,g,False
932,80,250,ml,False
932,896,15,g,False
530,6,1,pinch,False
530,7,1,pinch,False
530,11,1,piece,False
530,37,3,clove,False
530,73,1,pinch,True
530,80,1.5,cup,False
530,96,1,bunch,True
530,449,200,g,False
530,605,150,g,True
530,973,500,g,False
884,6,1,pinch,False
884,25,115,g,False
884,26,240,g,False
884,29,2,piece,False
884,30,1,tbsp,False
884,64,120,ml,False
884,126,1,tbsp,False
884,128,200,g,False
884,258,1,tsp,False
884,312,1,tsp,False
884,541,200,g,False
884,618,15,g,False
540,6,1,pinch,False
540,25,60,g,False
540,26,180,g,False
540,64,240,ml,False
540,126,2,tbsp,False
540,128,150,g,False
540,258,2,tsp,False
540,612,500,g,False
1417,5,3,tbsp,False
1417,6,1,pinch,False
1417,7,1,pinch,False
1417,25,2,tbsp,False
1417,26,100,g,False
1417,29,2,piece,False
1417,53,150,g,False
1417,96,1,sprig,True
1417,168,1,piece,True
1417,1119,4,piece,False
2103,2,200,g,False
2103,6,1,pinch,False
2103,25,50,g,False
2103,37,2,clove,False
2103,66,1,pinch,False
2103,96,1,bunch,True
2103,190,200,ml,False
2103,213,2,piece,False
2103,231,150,ml,False
2103,1400,1.5,kg,False
1833,26,200,g,False
1833,29,2,piece,False
1833,128,150,g,False
1833,258,2,tsp,False
1833,312,1,tsp,False
1833,1273,150,g,False
1876,6,1,pinch,False
1876,25,150,g,False
1876,26,180,g,False
1876,128,100,g,False
1876,312,1,tsp,False
1876,531,1,piece,False
1808,6,1,pinch,False
1808,25,20,g,False
1808,26,100,g,False
1808,29,4,piece,False
1808,64,1,l,False
1808,128,150,g,False
1808,312,1,tsp,False
1808,1094,300,g,False
1873,6,1,pinch,False
1873,26,150,g,False
1873,74,150,g,False
1873,128,100,g,False
1873,312,1,tsp,False
1873,531,1,piece,False
1874,6,1,pinch,False
1874,25,200,g,False
1874,26,250,g,False
1874,128,150,g,False
1874,312,1,tsp,False
1874,531,1,piece,False
1453,5,2,tbsp,False
1453,6,1,pinch,False
1453,7,1,pinch,False
1453,11,1,piece,False
1453,37,4,clove,False
1453,87,1,tsp,False
1453,151,1,piece,False
1453,231,150,ml,False
1453,257,200,ml,False
1453,1140,1.5,kg,False
1578,6,1,pinch,False
1578,7,1,pinch,False
1578,25,50,g,False
1578,37,1,clove,False
1578,96,2,tbsp,False
1578,160,1,tbsp,False
1578,213,1,piece,False
1578,231,50,ml,False
1578,473,12,piece,False
1864,6,1,tsp,False
1864,25,200,g,False
1864,26,400,g,False
1864,29,4,piece,False
1864,64,120,ml,False
1864,128,50,g,False
1864,657,7,g,False
7347,25,50,g,False
7347,29,1,piece,False
7347,511,150,g,False
7347,2967,100,g,False
7347,3094,300,g,False
7348,7,1,pinch,False
7348,25,50,g,False
7348,29,1,piece,False
7348,30,500,ml,False
7348,96,10,g,False
7348,511,200,g,False
7348,1947,100,g,False
7348,2965,200,g,False
7457,5,3,tbsp,False
7457,6,1,pinch,False
7457,7,1,pinch,False
7457,11,1,piece,False
7457,37,4,clove,False
7457,96,1,bunch,False
7457,101,1,tsp,False
7457,114,2,tbsp,False
7457,151,1,piece,False
7457,168,1,piece,True
7457,182,1,piece,False
7457,221,1,piece,False
7457,223,250,ml,False
7457,257,500,ml,False
7457,335,0.5,tsp,False
7457,548,400,g,False
7457,1144,4,piece,False
7692,5,100,ml,False
7692,6,1,tsp,False
7692,7,1,tsp,False
7692,10,4,piece,False
7692,11,1,piece,False
7692,37,3,clove,False
7692,80,250,ml,False
7692,96,1,bunch,False
7692,101,1,tsp,False
7692,139,3,piece,False
7692,486,2,piece,False
7692,507,1,piece,False
7794,5,60,ml,False
7794,6,1,pinch,False
7794,7,1,pinch,False
7794,10,300,g,False
7794,11,1,piece,False
7794,37,3,clove,False
7794,96,1,bunch,False
7794,101,1,tbsp,False
7794,126,30,ml,False
7794,139,500,g,False
7794,486,400,g,False
7794,507,400,g,False
7519,5,2,tbsp,False
7519,6,1,tsp,False
7519,7,1,tsp,False
7519,22,1,tsp,False
7519,118,4,piece,False
7828,5,2,tbsp,False
7828,6,1,pinch,False
7828,37,1,clove,False
7828,66,1,pinch,False
7828,80,30,ml,False
7828,126,1,tbsp,False
7828,2568,300,g,False
7808,5,4,tbsp,False
7808,6,1,pinch,False
7808,7,1,pinch,False
7808,10,400,g,False
7808,11,1,piece,False
7808,37,3,clove,False
7808,80,250,ml,False
7808,96,1,bunch,False
7808,139,300,g,False
7808,144,1,tsp,False
7808,486,400,g,False
7808,507,500,g,False
7298,5,2,tbsp,False
7298,6,1,pinch,False
7298,7,1,pinch,False
7298,10,1,piece,False
7298,11,1,piece,False
7298,37,2,clove,False
7298,96,1,tbsp,False
7298,126,2,tbsp,False
7298,144,1,tsp,False
7298,151,1,piece,False
7298,167,1,tbsp,False
7298,172,300,g,False
7298,182,1,piece,False
7298,498,1,l,False
8053,5,3,tbsp,False
8053,6,1,pinch,False
8053,66,1,pinch,False
8053,280,50,g,False
8053,775,2,tbsp,False
8053,912,1,tbsp,False
4149,6,1,pinch,True
4149,7,1,pinch,True
4149,25,100,g,False
4149,388,10,leaf,False
4141,6,1,pinch,False
4141,25,50,g,False
4141,26,50,g,False
4141,64,500,ml,False
4141,242,1,pinch,False
4141,407,1,pinch,False
3522,5,2,tbsp,False
3522,6,1,pinch,False
3522,7,1,pinch,False
3522,11,1,piece,False
3522,37,3,clove,False
3522,96,1,tbsp,False
3522,142,400,g,False
3522,151,1,piece,False
3522,172,400,g,False
3522,182,2,piece,False
3522,197,1,tsp,False
3522,221,1,piece,False
3522,498,1,cup,False
3522,772,250,g,False
3496,5,4,tbsp,False
3496,6,1,pinch,False
3496,7,1,pinch,False
3496,10,400,g,False
3496,11,1,piece,False
3496,37,3,clove,False
3496,96,1,bunch,False
3496,101,1,pinch,True
3496,183,150,g,False
3496,399,200,g,False
3496,430,300,g,False
3496,454,200,g,False
3496,1173,500,ml,False
3496,1192,1,piece,False
3496,2048,100,g,True
3496,2049,4,slice,False
3695,5,50,ml,False
3695,6,1,pinch,False
3695,7,1,pinch,False
3695,10,400,g,False
3695,11,1,piece,False
3695,37,4,clove,False
3695,96,1,bunch,False
3695,114,2,tbsp,False
3695,151,1,piece,False
3695,182,1,piece,False
3695,399,200,g,False
3695,430,300,g,False
3695,454,200,g,False
3695,645,1,tsp,True
3695,969,200,g,False
3695,1173,1,l,False
3695,1218,200,g,False
3695,2049,4,slice,False
3251,6,1,tbsp,False
3251,7,2,tsp,False
3251,281,180,g,False
3251,1959,100,g,False
4169,214,10,ml,True
4169,901,30,ml,False
4169,2149,10,ml,True
4169,2188,10,ml,True
4166,64,240,ml,False
4166,901,30,ml,False
4293,64,150,ml,False
4293,901,60,ml,False
4292,901,30,ml,False
4292,2149,20,ml,True
8267,6,1,pinch,False
8267,7,1,pinch,False
8267,25,30,g,False
8267,96,1,tbsp,True
8267,139,150,g,False
8267,190,100,ml,False
8267,257,500,ml,False
8267,538,400,g,False
8835,6,1,pinch,False
8835,7,1,pinch,False
8835,11,1,piece,False
8835,25,50,g,False
8835,26,2,tbsp,False
8835,37,1,clove,False
8835,53,50,g,False
8835,64,500,ml,False
8835,218,300,g,False
8835,236,100,g,False
8835,242,1,pinch,False
8294,111,2,piece,False
8294,453,200,g,False
8294,1483,100,g,True
8294,3215,600,ml,False
8294,3216,3,tbsp,False
8999,80,500,ml,False
8999,573,100,g,False
8999,613,50,g,False
8999,806,20,g,False
8999,3510,100,g,False
8999,3514,30,ml,False
8999,3526,50,g,False
8999,3545,10,g,False
8864,6,1,pinch,False
8864,25,30,g,False
8864,26,300,g,False
8864,27,20,g,False
8864,29,1,piece,False
8864,64,250,ml,False
8864,128,50,g,False
8864,312,1,tsp,False
8864,531,2,piece,False
8864,657,5,g,False
8864,745,1,piece,True
8819,6,1,pinch,False
8819,11,150,g,False
8819,26,30,g,False
8819,30,2,tbsp,False
8819,64,300,ml,False
8819,66,1,pinch,False
8819,68,300,g,False
8819,139,200,g,False
8819,151,100,g,False
8819,257,500,ml,False
8273,6,1,pinch,False
8273,7,1,pinch,False
8273,11,1,piece,False
8273,25,30,g,False
8273,37,2,clove,False
8273,190,150,ml,False
8273,257,750,ml,False
8273,610,500,g,False
8627,2,150,g,False
8627,6,1,pinch,False
8627,7,1,pinch,False
8627,11,1,piece,False
8627,25,20,g,False
8627,37,2,clove,False
8627,68,300,g,False
8627,139,2,piece,False
8627,151,1,piece,False
8627,172,200,g,False
8627,177,1,tbsp,False
8627,257,800,ml,False
8627,1108,2,tbsp,False
8627,3229,150,g,False
8419,6,1,pinch,False
8419,80,1,l,False
8419,102,200,g,True
8419,111,2,piece,False
8419,177,3,tbsp,False
8419,272,2,tbsp,False
8419,1108,2,tbsp,False
8419,3237,1,pinch,True
8419,3329,300,g,False
8419,3333,10,g,False
8682,1,150,g,False
8682,6,1,pinch,False
8682,11,1,piece,False
8682,25,20,g,False
8682,26,250,g,False
8682,29,1,piece,False
8682,30,50,ml,False
8682,37,2,clove,False
8682,64,150,ml,False
8682,66,1,pinch,False
8682,80,100,ml,False
8682,114,1,tbsp,False
8682,128,1,tbsp,False
8682,163,100,g,False
8682,302,1,tbsp,False
8682,330,1,tsp,False
8682,657,5,g,False
8682,1108,2,tsp,False
4974,6,1,tsp,False
4974,7,1,tsp,False
4974,11,1,piece,False
4974,30,3,tbsp,False
4974,37,3,clove,False
4974,80,500,ml,False
4974,101,1,tsp,False
4974,221,1,piece,False
4974,324,2,tbsp,False
4974,1585,1,piece,True
4974,2470,500,ml,False
4974,3691,1.5,kg,False
5194,6,1,pinch,False
5194,7,1,pinch,False
5194,13,0.25,cup,False
5194,37,1,clove,False
5194,121,1,piece,False
5194,124,1,tsp,False
5194,191,50,g,False
5194,215,1,tsp,False
5194,295,2,bunch,False
5194,297,1,cup,False
4921,80,1,cup,False
4921,344,1,piece,False
4921,1783,50,g,False
4921,2319,100,g,False
5006,312,1,tsp,False
5006,344,1,piece,False
5006,577,400,g,False
5006,2480,1.5,l,False
4858,6,1,pinch,False
4858,7,1,pinch,False
4858,10,2,piece,False
4858,11,1,piece,False
4858,20,1,piece,False
4858,30,2,tbsp,False
4858,38,1,bunch,False
4858,469,100,g,False
4858,486,500,g,False
4858,538,150,g,False
4854,6,1,pinch,False
4854,7,1,pinch,False
4854,10,1,piece,False
4854,11,1,piece,False
4854,30,2,tbsp,False
4854,37,2,clove,False
4854,38,1,bunch,True
4854,538,200,g,False
4854,2226,500,g,False
5043,80,1,cup,False
5043,319,1,piece,False
5043,344,2,piece,False
5043,623,4,piece,False
5043,992,1,kg,False
5043,2319,300,g,False
4795,5,3,tbsp,False
4795,6,1,pinch,False
4795,7,1,pinch,False
4795,10,200,g,False
4795,11,1,piece,False
4795,37,3,clove,False
4795,96,1,bunch,True
4795,231,150,ml,False
4795,656,1,piece,False
4795,969,1,kg,False
4795,1173,300,ml,False
4795,2424,2,piece,False
5229,80,60,ml,False
5229,128,400,g,False
5229,2504,15,g,False
5229,2558,100,g,False
5071,80,60,ml,False
5071,128,450,g,False
5071,541,100,g,False
5071,819,3,tsp,False
5071,2504,15,g,False
10141,6,1,pinch,False
10141,25,200,g,False
10141,128,150,g,False
10141,190,200,ml,False
10141,531,4,piece,False
10141,618,10,g,True
10141,896,200,ml,False
10141,1299,50,ml,True
10141,3745,300,g,False
9916,6,1,pinch,False
9916,25,3,tbsp,False
9916,26,2,cup,False
9916,29,4,piece,False
9916,30,1,cup,False
9916,64,0.5,cup,False
9916,128,2,cup,False
9916,151,3,piece,False
9916,258,1,tbsp,False
9916,618,3,tbsp,False
9917,25,150,g,False
9917,26,100,g,False
9917,29,4,piece,False
9917,128,200,g,False
9917,618,30,g,False
9917,799,200,g,False
10136,26,2.5,cup,False
10136,29,3,piece,False
10136,30,0.5,cup,False
10136,128,2,cup,False
10136,258,1,tbsp,False
10136,880,1,piece,False
9915,25,200,g,False
9915,26,250,g,False
9915,29,3,piece,False
9915,128,200,g,False
9915,171,50,ml,False
9915,242,1,tsp,False
9915,258,1,tsp,False
9915,333,50,g,False
9915,335,2,tsp,False
9915,623,1,tsp,False
9915,1304,100,g,False
9915,3747,150,ml,False
10175,6,1,pinch,False
10175,25,100,g,False
10175,26,500,g,False
10175,29,1,piece,False
10175,64,250,ml,False
10175,128,100,g,False
10175,214,60,ml,True
10175,661,15,g,False
10175,734,100,g,False
10175,1334,150,g,False
10175,3780,50,g,True
9914,6,1,pinch,False
9914,25,100,g,False
9914,26,500,g,False
9914,29,3,piece,False
9914,64,200,ml,False
9914,128,150,g,False
9914,214,30,ml,True
9914,333,100,g,False
9914,335,1,tsp,False
9914,574,100,g,False
9914,661,20,g,False
9914,1322,150,g,False
9412,6,1,tsp,False
9412,7,1,tsp,False
9412,11,1,piece,False
9412,30,2,tbsp,False
9412,37,3,clove,False
9412,78,1.5,kg,False
9412,114,2,tbsp,False
9412,115,500,ml,False
9412,124,1,tbsp,False
9412,151,1,piece,False
9412,182,1,piece,False
9412,197,2,sprig,False
9412,221,1,piece,False
9412,223,250,ml,False
9432,5,2,tbsp,False
9432,6,1,pinch,False
9432,7,1,pinch,False
9432,11,1,piece,False
9432,37,3,clove,False
9432,87,1,tsp,False
9432,101,1,tsp,False
9432,114,2,tbsp,False
9432,115,300,ml,False
9432,221,1,piece,False
9432,229,800,g,False
9432,232,400,g,False
9445,5,2,tbsp,False
9445,6,1,pinch,False
9445,7,1,pinch,False
9445,11,1,piece,False
9445,25,50,g,False
9445,37,2,clove,False
9445,114,1,tbsp,False
9445,115,500,ml,False
9445,151,500,g,False
9445,182,1,piece,False
9445,197,3,sprig,False
9445,223,250,ml,False
9445,229,1,kg,False
6090,64,60,ml,False
6090,332,2,tbsp,False
6090,335,1,dash,False
6090,775,1,piece,False
6090,901,60,ml,False
6090,2799,30,ml,False
5834,6,1,pinch,False
5834,25,50,g,False
5834,26,250,g,False
5834,27,40,g,False
5834,29,1,piece,False
5834,64,500,ml,False
5834,80,50,ml,False
5834,128,100,g,False
5834,531,3,piece,False
5834,541,20,g,False
5834,775,1,tsp,True
5834,935,1,piece,False
6044,25,50,g,False
6044,26,250,g,False
6044,30,1,l,False
6044,64,500,ml,False
6044,128,150,g,False
6044,335,1,pinch,False
6044,429,50,ml,False
6044,531,2,piece,False
6044,541,30,g,False
6044,775,1,tsp,False
5984,26,30,g,True
5984,29,4,piece,False
5984,128,250,g,False
5984,159,600,g,False
5984,190,500,ml,False
5984,312,1,tsp,True
6190,2,150,g,False
6190,11,100,g,False
6190,12,50,g,True
6190,96,1,bunch,False
6190,160,1,bunch,True
6190,678,1,piece,False
6190,692,50,g,False
6190,914,50,g,False
6190,1354,100,g,False
6190,2255,150,g,False
6190,2613,100,g,False
6190,2759,100,g,False
6190,2761,150,g,False
6190,2832,100,g,False
6190,2833,12,piece,False
6275,6,1,tsp,False
6275,7,0.5,tsp,False
6275,26,1,cup,False
6275,30,500,ml,False
6275,80,0.75,cup,False
6275,258,1,tsp,False
6275,994,1,piece,False
6258,5,100,ml,False
6258,6,1,tsp,False
6258,26,50,g,False
6258,95,80,ml,False
6258,335,1,pinch,True
6258,507,1,piece,False
5337,6,1,pinch,False
5337,7,1,pinch,False
5337,14,150,g,False
5337,61,500,g,False
5337,80,2,l,False
5337,85,300,g,False
5337,139,300,g,False
5337,151,150,g,False
5337,172,500,g,False
5337,499,150,g,False
5337,992,150,g,False
5337,2255,200,g,False
5337,2593,200,g,False
6031,6,1,pinch,False
6031,37,3,clove,False
6031,80,2,l,False
6031,85,200,g,False
6031,103,300,g,False
6031,130,1,piece,False
6031,139,200,g,False
6031,151,150,g,False
6031,172,300,g,False
6031,499,150,g,False
6031,689,250,g,False
5644,5,4,tbsp,False
5644,6,1,tsp,False
5644,7,1,tsp,False
5644,37,4,clove,False
5644,96,1,bunch,False
5644,139,300,g,False
5644,168,1,piece,False
5644,231,100,ml,False
5644,2080,1,piece,False
2264,6,1,pinch,False
2264,30,2,tbsp,False
2264,37,3,clove,False
2264,80,500,ml,False
2264,183,300,g,False
2264,213,2,piece,False
2264,499,100,g,False
2264,646,1,tsp,False
2264,1159,2,tbsp,False
2264,1436,1,tbsp,False
2264,1437,1,bunch,True
2264,1442,1,piece,False
2264,1445,1,tbsp,False
2264,1459,2,piece,False
2264,1460,4,piece,False
2266,30,2,tbsp,False
2266,37,3,clove,False
2266,80,500,ml,False
2266,213,3,piece,False
2266,646,1,tsp,False
2266,1159,2,tbsp,False
2266,1434,150,g,False
2266,1436,1,tbsp,False
2266,1437,1,bunch,False
2266,1441,1,bunch,False
2266,1445,1,tbsp,False
2266,1456,2,slice,False
2266,1460,10,piece,False
2266,1462,300,g,False
2266,1463,100,g,False
3186,30,2,tbsp,False
3186,37,4,clove,False
3186,213,5,piece,False
3186,331,10,g,False
3186,452,300,g,False
3186,507,200,g,False
3186,783,400,ml,False
3186,1159,2,tbsp,False
3186,1434,150,g,False
3186,1435,3,leaf,True
3186,1436,1,tbsp,False
3186,1445,1,tbsp,False
3186,1456,20,g,False
3186,1463,100,g,False
3186,1465,10,piece,False
3186,1466,2,piece,False
3186,1678,2,tbsp,False
3186,1920,3,tbsp,False
2298,30,2,tbsp,False
2298,37,3,clove,False
2298,213,2,piece,False
2298,783,400,ml,False
2298,1159,2,tbsp,False
2298,1434,500,g,False
2298,1435,3,leaf,False
2298,1436,1,tbsp,False
2298,1437,1,bunch,False
2298,1441,1,piece,False
2298,1445,1,tbsp,False
2298,1456,1,slice,False
2298,1465,5,piece,False
2762,6,1,tsp,False
2762,27,0.5,cup,False
2762,29,1,piece,False
2762,30,500,ml,False
2762,37,4,clove,False
2762,39,2,tbsp,True
2762,128,1,tbsp,False
2762,177,1,tbsp,False
2762,308,0.5,piece,True
2762,407,1,tsp,False
2762,686,2,piece,True
2762,1159,2,tbsp,False
2762,1442,2,piece,False
2762,1589,1,cup,False
2762,1716,1,kg,False
2641,6,1,tsp,False
2641,30,1,tbsp,False
2641,37,5,clove,False
2641,125,1,piece,False
2641,407,1,tsp,False
2641,1442,2,piece,False
2696,7,1,tsp,False
2696,37,4,clove,False
2696,38,1,bunch,True
2696,125,1.2,kg,False
2696,128,1,tsp,False
2696,177,2,tbsp,False
2696,1159,1,tbsp,False
2696,1435,4,leaf,False
2696,1441,2,piece,False
2696,1442,1,piece,False
3064,6,1,pinch,False
3064,7,1,pinch,False
3064,30,2,tbsp,False
3064,37,2,clove,False
3064,80,200,ml,False
3064,86,1,piece,False
3064,213,1,piece,False
3064,783,150,ml,False
3064,1438,200,g,False
2352,11,1,piece,False
2352,30,2,tbsp,False
2352,37,2,clove,False
2352,68,300,g,False
2352,111,2,piece,False
2352,113,1,piece,False
2352,128,1,tsp,False
2352,177,2,tbsp,False
2352,213,1,piece,False
2352,299,1,tbsp,False
2352,302,50,g,False
2352,1159,1,tsp,True
2352,1526,1,piece,False
3011,29,2,piece,False
3011,30,3,tbsp,False
3011,37,4,clove,False
3011,125,300,g,False
3011,128,1,tsp,False
3011,177,1,tbsp,False
3011,686,2,piece,False
3011,1159,2,tbsp,False
3011,1486,1,cup,False
3011,1860,2,cup,False
6695,2296,100,g,False
6695,2973,1,piece,False
6982,5,2,tbsp,False
6982,6,1,pinch,False
6982,7,1,pinch,False
6982,11,1,piece,False
6982,37,2,clove,False
6982,80,1,l,False
6982,96,1,sprig,True
6982,141,100,ml,False
6982,168,1,piece,True
6982,1023,500,g,False
6982,2890,1,pinch,True
6982,3031,1,piece,False
6474,5,1,tbsp,False
6474,6,1,pinch,False
6474,37,1,clove,False
6474,96,1,bunch,True
6474,328,200,g,False
6474,1023,300,g,False
6772,1,250,g,False
6772,6,1,tsp,False
6772,7,1,tsp,False
6772,11,1,piece,False
6772,25,2,tbsp,False
6772,28,1,tsp,False
6772,29,1,piece,False
6772,30,3,tbsp,False
6772,37,2,clove,False
6772,50,250,g,False
6772,59,1,tsp,False
6772,96,1,bunch,False
6772,232,400,g,False
6772,306,50,g,False
6772,656,1,piece,False
6772,2107,1,piece,False
6446,5,1,tbsp,False
6446,6,1,pinch,False
6446,25,2,tbsp,False
6446,239,1,cup,False
6446,257,1.5,cup,False
6966,5,2,tbsp,False
6966,6,1,tsp,False
6966,7,1,tsp,False
6966,37,4,clove,False
6966,80,2,l,False
6966,96,1,bunch,True
6966,134,1,tsp,False
6966,168,1,piece,True
6966,324,1,tbsp,False
6966,531,1,piece,False
6966,2879,300,g,False
6966,3027,500,g,False
6282,5,3,tbsp,False
6282,6,1,tsp,False
6282,7,1,tsp,False
6282,11,1,piece,False
6282,28,1,tsp,False
6282,37,3,clove,False
6282,96,1,bunch,False
6282,128,1,tsp,False
6282,134,1,tsp,False
6282,2283,200,ml,False
6282,2868,500,g,False
6282,2869,4,piece,False
6974,5,2,tbsp,False
6974,6,1,pinch,False
6974,7,1,pinch,False
6974,11,1,piece,False
6974,80,1.5,l,False
6974,96,1,bunch,True
6974,139,1,piece,False
6974,151,1,piece,False
6974,352,200,g,False
6489,5,3,tbsp,False
6489,6,1,pinch,False
6489,7,1,pinch,False
6489,11,1,piece,False
6489,80,500,ml,False
6489,96,1,bunch,False
6489,167,1,bunch,False
6489,168,1,piece,False
6489,239,150,g,False
6489,247,15,piece,False
6489,335,1,pinch,False
6489,845,1,bunch,False
6489,920,30,g,True
6489,2707,30,g,True
7256,6,1,pinch,False
7256,30,500,ml,False
7256,37,3,clove,False
7256,66,8,piece,False
7256,96,1,bunch,True
7256,168,1,piece,False
483,6,1,tsp,False
483,7,1,tsp,False
483,22,1,tsp,False
483,23,1,tsp,False
483,28,1,tbsp,False
483,30,2,tbsp,False
483,68,2,piece,False
483,73,1,tsp,False
483,87,0.5,tsp,False
483,101,0.5,tsp,False
315,6,1,tsp,False
315,7,1,tsp,False
315,22,1,tsp,False
315,23,1,tsp,False
315,25,2,tbsp,False
315,28,2,tbsp,False
315,73,1,tsp,False
315,87,1,tsp,False
315,101,1,tsp,False
315,435,4,piece,False
315,436,4,piece,True
479,6,1,tsp,False
479,7,1,tsp,False
479,22,1,tsp,False
479,23,1,tsp,False
479,25,2,tbsp,False
479,28,2,tbsp,False
479,30,1,tbsp,False
479,73,1,tsp,False
479,87,1,tsp,False
479,101,1,tsp,False
479,557,4,piece,False
306,6,1,tsp,False
306,7,1,tsp,False
306,22,1,tsp,False
306,23,1,tsp,False
306,25,2,tbsp,False
306,28,1,tbsp,False
306,73,1,tsp,False
306,87,1,tsp,False
306,101,1,tsp,False
306,168,1,piece,True
306,183,500,g,False
831,6,1,pinch,False
831,25,115,g,False
831,26,190,g,False
831,29,2,piece,False
831,75,200,g,False
831,258,0.5,tsp,False
831,312,2,tsp,False
831,333,100,g,True
831,795,150,g,False
921,6,1,pinch,False
921,7,1,pinch,False
921,124,10,ml,False
921,126,15,ml,False
921,182,1,piece,False
921,184,5,ml,False
921,436,1,piece,False
921,485,45,ml,False
921,881,90,ml,False
17,1,200,g,False
17,4,1,piece,False
17,6,1,pinch,False
17,7,1,pinch,False
17,9,1,leaf,True
17,10,2,slice,True
17,13,1,tbsp,True
17,33,2,slice,True
17,40,50,g,False
956,6,1,pinch,False
956,7,1,pinch,False
956,13,60,g,False
956,37,1,clove,False
956,40,100,g,False
956,69,120,ml,False
956,124,5,ml,False
956,141,60,g,False
956,364,15,ml,False
872,6,1,pinch,False
872,25,100,g,False
872,26,150,g,False
872,128,100,g,False
872,718,400,g,False
731,6,0.5,tsp,False
731,25,0.5,cup,False
731,26,2,cup,False
731,29,1,piece,False
731,64,1,cup,False
731,128,0.75,cup,False
731,258,2,tsp,False
731,718,1,cup,False
1945,6,1,pinch,False
1945,25,1,tbsp,False
1945,29,3,piece,False
1945,64,120,ml,False
1945,128,2,tbsp,False
1945,312,1,tsp,False
1945,313,60,ml,True
1945,335,1,tsp,False
1945,541,1,tbsp,True
1945,1046,6,slice,False
1679,6,1,pinch,False
1679,7,1,pinch,False
1679,25,30,g,False
1679,190,50,ml,False
1679,314,500,g,False
2000,25,100,g,False
1307,6,1,pinch,False
1307,25,20,g,True
1307,26,100,g,False
1307,29,2,piece,False
1307,64,250,ml,False
1307,128,1,tsp,False
1307,657,5,g,False
1307,755,100,g,False
1296,6,1,pinch,False
1296,7,1,pinch,False
1296,37,2,clove,False
1296,206,600,g,False
1296,223,500,ml,False
1296,461,1,piece,True
1296,1072,150,ml,True
1170,6,1,pinch,False
1170,7,1,pinch,False
1170,25,100,g,False
1170,37,4,clove,False
1170,96,2,tbsp,False
1170,213,1,piece,False
1170,461,1,slice,True
1170,1006,24,piece,False
1558,6,1,pinch,False
1558,7,1,pinch,False
1558,25,100,g,False
1558,168,1,piece,True
1558,216,2,piece,False
1669,6,1,pinch,False
1669,7,1,pinch,False
1669,25,50,g,False
1669,96,1,tbsp,True
1669,126,15,ml,True
1669,1252,500,g,False
1683,6,1,pinch,False
1683,7,1,pinch,False
1683,25,2,tbsp,False
1683,80,50,ml,True
1683,242,1,pinch,True
1683,1256,1,piece,False
1996,6,1,pinch,False
1996,25,150,g,False
1996,213,1,piece,False
1996,231,60,ml,False
1996,336,1,tsp,False
1996,531,3,piece,False
1996,912,60,ml,False
1996,917,1,tbsp,False
1996,1190,1,tbsp,False
8146,6,1,tsp,False
8146,7,1,tsp,False
8146,11,1,piece,False
8146,25,50,g,False
8146,26,500,g,False
8146,29,1,piece,False
8146,50,300,g,False
8146,64,250,ml,False
8146,96,1,bunch,False
8146,128,1,tbsp,False
8146,335,1,tsp,False
8146,657,7,g,False
8209,5,2,tbsp,False
8209,6,1,pinch,False
8209,7,1,pinch,False
8209,10,2,piece,False
8209,11,1,piece,False
8209,29,1,piece,False
8209,37,2,clove,False
8209,80,250,ml,False
8209,96,1,sprig,True
8209,128,1,pinch,True
8209,328,125,ml,False
8209,341,500,g,False
8211,6,1,tbsp,False
8211,7,1,tsp,False
8211,11,1,piece,False
8211,37,3,clove,False
8211,122,1,kg,False
8211,134,1,tsp,False
8211,144,1,tsp,False
8211,155,0.5,tsp,False
8211,223,100,ml,False
8211,319,1,tbsp,False
8211,335,0.5,tsp,False
8211,912,2,tbsp,False
8211,1405,5,ml,False
8248,5,0.25,cup,False
8248,6,1,tsp,False
8248,7,1,tsp,False
8248,10,2,piece,True
8248,11,1,piece,True
8248,37,3,clove,False
8248,61,1,kg,False
8248,144,2,tsp,False
8248,168,1,piece,False
8248,308,1,piece,True
8248,683,4,piece,True
8248,1069,8,piece,False
7297,5,2,tbsp,False
7297,6,1,pinch,False
7297,7,1,pinch,False
7297,11,1,piece,False
7297,37,2,clove,False
7297,38,1,bunch,True
7297,59,2,tsp,False
7297,151,500,g,False
7297,498,1,l,False
7718,6,1,pinch,False
7718,7,1,pinch,False
7718,29,1,piece,False
7718,37,2,clove,False
7718,96,1,bunch,True
7718,101,2,tsp,False
7718,191,50,g,False
7718,511,200,g,False
7718,682,150,g,False
7718,994,1,piece,False
7302,5,2,tbsp,False
7302,6,1,pinch,False
7302,11,1,piece,False
7302,37,2,clove,False
7302,66,1,pinch,False
7302,167,1,tbsp,False
7302,190,100,ml,False
7302,498,1,l,False
7302,511,50,g,False
7302,994,600,g,False
7832,5,3,tbsp,False
7832,6,1,pinch,False
7832,7,1,pinch,False
7832,11,1,piece,False
7832,37,3,clove,False
7832,80,250,ml,False
7832,96,2,tbsp,False
7832,114,2,tbsp,False
7832,221,2,leaf,False
7832,223,150,ml,False
7832,344,1,piece,False
7832,624,1,tsp,False
7832,994,1,piece,False
7299,6,1,pinch,False
7299,7,1,pinch,False
7299,11,1,piece,False
7299,25,30,g,False
7299,37,2,clove,False
7299,96,1,tbsp,True
7299,190,100,ml,False
7299,257,1,l,False
7299,2904,500,g,False
7982,80,500,ml,False
7982,128,200,g,False
7982,734,100,g,False
7982,1260,200,g,False
7982,3152,50,g,False
4167,64,30,ml,False
4167,901,30,ml,False
4171,128,10,g,True
4171,460,4,piece,False
4171,845,1,sprig,True
4171,901,60,ml,False
4270,180,150,g,False
4270,279,8,leaf,False
4270,307,100,ml,False
4270,683,4,piece,False
4270,2134,150,g,False
3983,5,1,tbsp,False
3983,10,1,piece,False
3983,13,1,tbsp,False
3983,42,30,g,False
3983,134,1,tsp,False
3983,683,1,piece,False
3983,2095,30,g,False
3983,2134,100,g,False
3377,5,3,tbsp,False
3377,6,1,pinch,False
3377,10,200,g,False
3377,37,3,clove,False
3377,66,1,pinch,False
3377,96,1,bunch,False
3377,231,100,ml,False
3377,969,500,g,False
3377,2017,400,g,False
3673,6,1,tsp,False
3673,7,1,tsp,False
3673,26,150,g,False
3673,30,1,l,False
3673,168,1,piece,True
3673,969,500,g,False
3680,5,3,tbsp,False
3680,6,1,pinch,False
3680,11,1,piece,False
3680,29,1,piece,False
3680,37,2,clove,False
3680,53,100,g,False
3680,66,1,pinch,False
3680,96,1,bunch,False
3680,168,1,piece,True
3680,191,50,g,False
3680,477,8,piece,False
3598,5,2,tbsp,False
3598,6,1,pinch,False
3598,7,1,pinch,False
3598,25,20,g,False
3598,231,30,ml,True
3598,388,8,leaf,False
3598,1127,400,g,False
3403,5,2,tbsp,False
3403,6,1,tsp,False
3403,26,300,g,False
3403,101,1,tsp,True
3403,128,1,tsp,False
3403,180,150,g,False
3403,284,100,g,False
3403,307,100,ml,False
3403,341,50,g,False
3403,379,100,g,False
3403,650,180,ml,False
3403,657,7,g,False
3972,5,3,tbsp,False
3972,6,1,pinch,False
3972,7,1,pinch,False
3972,11,300,g,False
3972,128,1,pinch,False
3972,179,250,g,False
3972,180,100,g,False
3972,191,30,g,False
8472,6,1,tsp,False
8472,11,1,piece,False
8472,30,2,tbsp,False
8472,37,2,clove,False
8472,38,2,tbsp,False
8472,80,2.75,cup,False
8472,302,1,tbsp,False
8472,331,0.5,tsp,False
8472,524,1,piece,False
8472,644,1,tsp,False
8472,1108,1.5,tsp,False
8472,1561,1.5,cup,False
8384,11,1,piece,False
8384,30,2,tbsp,False
8384,37,2,clove,False
8384,111,1,bunch,True
8384,177,2,tbsp,False
8384,272,1,tbsp,False
8384,302,1,tsp,False
8384,1108,2,tbsp,False
8384,3215,600,ml,False
8384,3237,1,tsp,True
8384,3320,400,g,False
8285,11,1,piece,False
8285,29,1,piece,False
8285,30,1,tbsp,False
8285,37,2,clove,False
8285,80,150,ml,False
8285,111,2,piece,False
8285,122,200,g,False
8285,151,1,piece,False
8285,1568,100,g,False
8285,1587,150,g,False
8285,3215,1,l,False
8285,3216,3,tbsp,False
8285,3225,100,g,True
8947,80,180,ml,False
8947,128,50,g,False
8947,1568,100,g,False
8947,3240,30,g,False
8947,3385,200,g,False
8975,30,200,ml,False
8975,80,50,ml,False
8975,128,100,g,False
8975,177,2,tbsp,False
8975,274,1,tbsp,False
8975,610,500,g,False
8300,111,1,bunch,True
8300,1483,100,g,False
8300,3215,800,ml,False
8300,3216,3,tbsp,False
8300,3217,5,g,True
8300,3229,200,g,False
8689,6,1,pinch,False
8689,111,1,piece,False
8689,128,1,tsp,False
8689,151,100,g,True
8689,177,1,tbsp,False
8689,274,1,tbsp,False
8689,300,2,tbsp,False
8689,301,1,tsp,False
8689,3229,300,g,False
8912,80,150,ml,False
8912,128,50,g,False
8912,177,30,ml,False
8912,272,30,ml,False
8912,1589,150,g,False
8269,80,1,l,False
8269,3222,10,g,False
8269,3233,20,g,False
8536,29,4,piece,False
8536,30,1,tsp,False
8536,128,1,tsp,False
8536,177,1,tbsp,False
8536,272,1,tbsp,False
8536,3215,80,ml,False
4648,6,1,pinch,False
4648,7,1,pinch,False
4648,10,4,piece,False
4648,11,1,piece,False
4648,30,2,tbsp,False
4648,37,3,clove,False
4648,38,1,bunch,True
4648,115,1,cup,False
4648,139,2,piece,False
4648,151,2,piece,False
4648,229,1,kg,False
4352,6,1,tsp,False
4352,10,3,piece,True
4352,11,1,piece,False
4352,30,2,tbsp,False
4352,37,3,clove,False
4352,38,1,bunch,True
4352,115,2,cup,False
4352,120,8,piece,True
4352,121,2,piece,True
4352,144,1,tsp,False
4352,221,2,piece,False
4352,336,10,piece,False
4352,344,1,piece,False
4352,364,2,tbsp,False
4352,376,3,piece,False
4352,623,2,piece,False
4352,644,1,tsp,False
4352,2074,1,kg,False
4352,2339,2,piece,False
4304,6,1,pinch,False
4304,7,1,pinch,False
4304,10,2,piece,False
4304,11,1,piece,False
4304,30,2,tbsp,False
4304,37,3,clove,False
4304,38,1,bunch,False
4304,80,1500,ml,False
4304,121,1,piece,False
4304,139,1,piece,False
4304,151,1,piece,False
4304,183,500,g,False
4304,412,1,piece,False
4304,2220,1,piece,False
4336,6,1,tbsp,False
4336,7,1,tbsp,False
4336,11,1,piece,False
4336,37,3,clove,False
4336,38,1,bunch,True
4336,80,3,cup,False
4336,121,1,piece,True
4336,139,2,piece,False
4336,151,2,piece,False
4336,172,200,g,False
4336,239,100,g,True
4336,1081,1,piece,False
4307,5,2,tbsp,False
4307,6,1,pinch,False
4307,7,1,pinch,False
4307,10,2,piece,False
4307,11,1,piece,False
4307,37,3,clove,False
4307,38,1,bunch,False
4307,39,2,tbsp,False
4307,80,500,ml,False
4307,101,1,tsp,False
4307,182,2,slice,False
4307,183,200,g,False
4307,399,150,g,False
4307,454,150,g,False
4307,969,150,g,False
4307,1173,1.5,l,False
4302,5,2,tbsp,False
4302,6,1,tsp,False
4302,7,1,tsp,False
4302,10,2,piece,False
4302,11,1,piece,False
4302,37,2,clove,False
4302,38,1,bunch,False
4302,121,1,piece,True
4302,139,250,g,False
4302,144,1,tsp,False
4302,151,150,g,False
4302,1173,1,l,False
4302,1174,500,g,False
4335,6,1,pinch,False
4335,10,2,piece,False
4335,11,1,piece,False
4335,37,1,clove,False
4335,38,1,bunch,False
4335,39,2,tbsp,False
4335,80,2,cup,False
4335,686,1,piece,False
4335,2238,500,g,False
4335,2239,6,piece,False
4298,6,1,tbsp,False
4298,7,1,tsp,True
4298,11,1,piece,False
4298,37,2,clove,False
4298,38,1,bunch,False
4298,80,3,cup,False
4298,121,1,piece,True
4298,125,1.2,kg,False
4298,139,2,piece,False
4298,151,2,piece,False
4298,182,2,piece,False
4298,412,2,piece,False
4334,6,1,pinch,False
4334,7,1,pinch,False
4334,10,1,piece,False
4334,11,1,piece,False
4334,30,2,tbsp,False
4334,37,2,clove,False
4334,38,1,bunch,True
4334,101,1,tsp,False
4334,121,1,piece,True
4334,257,1,cup,False
4334,2236,300,g,False
4303,6,1,tbsp,False
4303,7,1,tsp,False
4303,11,1,piece,False
4303,37,3,clove,False
4303,38,1,bunch,False
4303,80,3,cup,False
4303,139,2,piece,False
4303,151,2,piece,False
4303,172,200,g,False
4303,412,3,piece,False
4303,486,1,piece,False
4303,499,150,g,False
4303,569,1.5,kg,False
10182,5,3,tbsp,False
10182,6,1,pinch,False
10182,7,1,pinch,False
10182,11,1,piece,False
10182,37,3,clove,False
10182,96,2,tbsp,False
10182,101,1,tsp,False
10182,114,2,tbsp,False
10182,125,1.2,kg,False
10182,232,400,g,False
10054,5,2,tbsp,False
10054,6,1,pinch,False
10054,7,1,pinch,False
10054,11,1,piece,False
10054,37,2,clove,False
10054,221,1,piece,False
10054,257,500,ml,False
10054,1054,500,g,False
10054,1088,1.2,kg,False
10064,5,2,tbsp,False
10064,6,1,tsp,False
10064,7,1,tsp,False
10064,11,1,piece,False
10064,37,3,clove,False
10064,87,1,tsp,False
10064,114,2,tbsp,False
10064,115,500,ml,False
10064,151,1,piece,False
10064,182,1,piece,False
10064,223,250,ml,False
10064,3767,1.2,kg,False
9541,5,2,tbsp,False
9541,6,1,pinch,False
9541,7,1,pinch,False
9541,11,1,piece,False
9541,37,3,clove,False
9541,114,2,tbsp,False
9541,115,500,ml,False
9541,151,1,piece,False
9541,182,1,piece,False
9541,197,2,sprig,False
9541,221,1,piece,False
9541,223,250,ml,False
9541,3043,1,kg,False
10122,5,2,tbsp,False
10122,6,1,pinch,False
10122,66,1,pinch,False
10122,96,1,tbsp,True
10122,231,50,ml,True
10122,498,100,ml,False
10122,993,4,piece,False
10001,5,3,tbsp,False
10001,6,1,pinch,False
10001,7,1,pinch,False
10001,10,2,piece,False
10001,11,1,piece,False
10001,37,3,clove,False
10001,96,1,bunch,False
10001,114,2,tbsp,False
10001,182,2,piece,False
10001,231,250,ml,False
10001,1218,1.5,kg,False
9850,6,1,pinch,False
9850,7,1,pinch,False
9850,11,1,piece,False
9850,25,30,g,False
9850,80,120,ml,False
9850,128,2,tbsp,False
9850,305,60,ml,False
9850,643,1,piece,False
9850,1024,1,piece,False
9650,5,3,tbsp,False
9650,6,1,pinch,False
9650,7,1,pinch,False
9650,10,2,piece,False
9650,11,1,piece,False
9650,37,3,clove,False
9650,51,1,tsp,False
9650,96,1,bunch,True
9650,257,1,l,False
9650,310,6,slice,False
9650,3652,150,g,False
10188,5,3,tbsp,False
10188,6,1,pinch,False
10188,7,1,pinch,False
10188,37,6,clove,False
10188,257,1,l,False
10188,306,200,g,False
9470,5,3,tbsp,False
9470,6,1,pinch,False
9470,25,20,g,False
9470,26,100,g,False
9470,29,2,piece,False
9470,53,150,g,False
9470,66,1,pinch,False
9470,3684,4,piece,False
6131,5,3,tbsp,False
6131,6,1,tsp,False
6131,7,1,tsp,False
6131,37,4,clove,False
6131,96,1,bunch,False
6131,168,1,piece,False
6131,231,100,ml,False
6131,2683,1.5,kg,False
6048,5,4,tbsp,False
6048,6,1,pinch,False
6048,7,1,pinch,False
6048,10,3,piece,False
6048,37,4,clove,False
6048,96,1,bunch,False
6048,183,200,g,False
6048,399,500,g,False
6048,2080,1,piece,False
5877,80,150,ml,False
5877,128,200,g,False
5877,303,150,g,False
5877,344,1,piece,False
5877,531,3,piece,False
5877,775,1,piece,False
5877,783,250,ml,False
5877,2173,1,tsp,True
6085,80,500,ml,False
6085,128,200,g,False
6085,303,200,g,False
6085,335,1,tsp,True
6085,531,4,piece,False
6085,775,1,piece,True
6085,935,1,piece,True
5957,26,120,g,False
5957,64,500,ml,False
5957,128,150,g,False
5957,335,1,tsp,True
5957,344,1,piece,False
5957,530,4,piece,False
5957,531,4,piece,False
5957,541,10,g,True
5368,6,1,pinch,False
5368,7,1,pinch,False
5368,11,1,piece,False
5368,25,50,g,False
5368,26,60,g,False
5368,29,2,piece,False
5368,30,1000,ml,False
5368,53,150,g,False
5368,64,500,ml,False
5368,242,1,pinch,False
5368,2590,300,g,False
6042,6,1,pinch,False
6042,7,1,pinch,False
6042,26,100,g,False
6042,30,1,l,False
6042,168,1,piece,True
6042,2606,300,g,False
6042,2621,50,g,True
6042,2779,1,piece,False
6228,2,100,g,True
6228,303,50,g,True
6228,586,1,l,False
6228,692,100,g,True
6228,734,50,g,True
6228,914,50,g,True
6228,2255,100,g,True
6228,2617,100,g,True
6228,2618,100,g,True
5672,5,3,tbsp,False
5672,6,1,pinch,False
5672,7,1,pinch,False
5672,25,50,g,False
5672,96,1,tbsp,True
5672,168,1,piece,False
5672,216,2,piece,False
6105,5,3,tbsp,False
6105,6,1,pinch,False
6105,7,1,pinch,False
6105,10,400,g,False
6105,29,2,piece,False
6105,37,2,clove,False
6105,96,1,bunch,False
6105,139,300,g,False
6105,692,50,g,False
6105,2805,500,g,False
2350,11,1,piece,False
2350,30,2,tbsp,False
2350,37,3,clove,False
2350,68,300,g,False
2350,111,1,bunch,True
2350,113,1,piece,False
2350,128,1,tsp,False
2350,177,1,tbsp,False
2350,299,2,tbsp,False
2350,1159,1,tbsp,False
2350,1465,3,piece,False
2350,1524,100,g,False
2353,11,1,piece,False
2353,30,2,tbsp,False
2353,37,3,clove,False
2353,38,1,sprig,True
2353,68,300,g,False
2353,111,2,piece,False
2353,113,1,piece,False
2353,128,1,tsp,False
2353,783,200,ml,False
2353,1159,1,tbsp,False
2353,1192,1,piece,True
2353,1448,2,tbsp,False
2351,11,0.5,piece,False
2351,30,2,tbsp,False
2351,37,3,clove,False
2351,68,300,g,False
2351,111,1,bunch,True
2351,128,1,tsp,False
2351,177,1,tbsp,False
2351,213,1,piece,False
2351,279,5,leaf,True
2351,1159,2,tbsp,False
2351,1192,2,piece,False
2351,1525,1,tbsp,False
2393,30,2,tbsp,False
2393,37,3,clove,False
2393,38,1,bunch,True
2393,68,300,g,False
2393,128,1,tsp,False
2393,177,1,tbsp,False
2393,299,1,tbsp,False
2393,1465,10,piece,False
2354,30,2,tbsp,False
2354,37,3,clove,False
2354,68,300,g,False
2354,128,1,tsp,False
2354,213,2,piece,False
2354,279,5,leaf,True
2354,299,1,tbsp,False
2354,1159,1.5,tbsp,False
2354,1192,1,piece,True
2354,1498,150,g,False
2355,7,1,pinch,False
2355,30,2,tbsp,False
2355,37,3,clove,False
2355,68,300,g,False
2355,128,1,tsp,False
2355,177,1,tbsp,False
2355,217,200,g,False
2355,299,1.5,tbsp,False
2355,1159,1,tbsp,False
2355,1192,1,piece,True
3152,6,1,tsp,False
3152,37,3,clove,False
3152,38,1,bunch,True
3152,39,1,tbsp,False
3152,54,100,g,False
3152,58,1,tsp,True
3152,59,1,tsp,False
3152,68,500,g,False
3152,75,1,tbsp,False
3152,128,1,tbsp,False
3152,155,1,tsp,False
3152,177,2,tbsp,False
3152,308,1,piece,True
3152,646,1,tsp,False
3152,783,150,ml,False
3152,1108,2,tbsp,False
2623,30,1,l,False
2623,37,4,clove,False
2623,102,1,kg,False
2623,121,1,piece,True
2623,128,1,tsp,False
2623,177,2,tbsp,False
2623,407,1,tsp,False
2623,1159,3,tbsp,False
2623,1442,2,piece,False
2623,1589,100,g,False
2664,30,1,l,False
2664,37,5,clove,False
2664,125,1.2,kg,False
2664,128,1,tbsp,False
2664,177,3,tbsp,False
2664,407,1,tsp,False
2664,1108,2,tbsp,False
2664,1159,2,tbsp,False
2664,1589,1,cup,False
2626,26,100,g,False
2626,27,50,g,False
2626,30,500,ml,False
2626,37,6,clove,False
2626,38,1,bunch,True
2626,68,500,g,False
2626,128,1,tsp,False
2626,177,2,tbsp,False
2626,299,1,tbsp,False
2626,407,1,tsp,False
2626,1159,1,tbsp,False
2626,1466,3,piece,False
6425,6,1,pinch,False
6425,26,300,g,False
6425,30,500,ml,False
6425,80,150,ml,False
6425,95,30,ml,True
6425,541,20,g,True
7160,27,150,g,False
7160,80,1,l,False
7160,128,150,g,False
7160,879,300,g,False
7160,1768,3,tbsp,False
7160,3059,50,g,False
6717,5,50,ml,False
6717,6,1,pinch,False
6717,7,1,pinch,False
6717,11,1,piece,False
6717,37,2,clove,False
6717,80,500,ml,False
6717,96,10,g,False
6717,126,30,ml,False
6717,167,10,g,False
6717,239,150,g,False
6717,2982,20,piece,False
7224,5,2,tbsp,False
7224,6,1,tsp,False
7224,7,1,tsp,False
7224,10,2,piece,False
7224,11,1,piece,False
7224,28,1,tsp,False
7224,50,400,g,False
7224,96,1,bunch,True
7224,507,500,g,False
7211,5,1,tbsp,True
7211,10,1,piece,True
7211,101,1,pinch,True
7211,306,100,g,True
7211,692,50,g,True
7211,3074,200,g,False
6810,6,1,pinch,False
6810,7,1,pinch,False
6810,11,1,piece,False
6810,25,50,g,False
6810,26,50,g,False
6810,29,1,piece,False
6810,96,1,bunch,True
6810,126,2,tbsp,False
6810,257,1.5,l,False
6810,328,150,g,False
6810,3007,200,g,False
6654,26,50,g,False
6654,64,1,l,False
6654,128,150,g,False
6654,312,1,tsp,False
6654,618,1,tbsp,True
6654,2959,200,g,False
6805,5,2,tbsp,False
6805,6,1,tsp,False
6805,10,1,piece,False
6805,11,1,piece,False
6805,25,30,g,False
6805,80,400,ml,False
6805,2875,200,g,False
7210,6,2,tbsp,False
7210,7,2,tsp,False
7210,30,3,tbsp,False
7210,37,4,clove,False
7210,59,2,tsp,False
7210,105,2,kg,False
7210,1563,4,piece,True
7070,5,3,tbsp,False
7070,6,1,pinch,True
7070,7,1,pinch,True
7070,37,2,clove,False
7070,96,2,tbsp,False
7070,126,1,tbsp,False
7070,280,1,tbsp,False
7070,503,200,g,False
690,6,1,pinch,False
690,25,30,g,False
690,26,200,g,False
690,29,1,piece,False
690,64,300,ml,False
690,128,25,g,False
690,258,2,tsp,False
690,718,150,g,False
810,27,30,g,False
810,29,1,piece,True
810,64,15,ml,True
810,126,30,ml,False
810,128,1,tbsp,True
810,335,1,tsp,True
810,577,150,g,False
810,718,600,g,False
810,775,1,tsp,False
810,776,2,piece,False
405,1,500,g,False
405,5,2,tbsp,False
405,6,1,pinch,False
405,7,1,pinch,False
405,11,1,piece,False
405,37,2,clove,False
405,64,100,ml,False
405,87,1,tsp,False
405,101,1,tsp,False
405,114,2,tbsp,False
405,115,200,ml,False
405,122,250,g,False
405,151,1,piece,False
405,182,1,piece,False
405,223,150,ml,False
405,232,400,g,False
176,6,1,pinch,False
176,7,1,pinch,False
176,28,1,tsp,False
176,30,2,tbsp,False
176,68,500,g,False
1026,6,1,pinch,False
1026,25,120,g,False
1026,26,250,g,False
1026,27,45,g,False
1026,29,3,piece,False
1026,64,240,ml,False
1026,128,200,g,False
1026,258,2,tsp,False
1026,312,1,tsp,False
1026,531,4,piece,False
1026,951,170,g,False
484,26,100,g,False
484,29,2,piece,False
484,30,1,l,False
484,53,150,g,False
484,566,500,g,False
480,5,2,tbsp,False
480,6,1,tsp,False
480,7,1,tsp,False
480,11,1,piece,False
480,37,2,clove,False
480,73,0.5,tsp,False
480,87,1,tsp,False
480,96,1,bunch,False
480,122,500,g,False
480,182,2,slice,False
480,210,1,piece,False
480,239,1,cup,False
480,558,150,g,False
480,559,2,ml,False
215,17,0.25,cup,False
215,30,2,tbsp,False
215,37,3,clove,False
215,75,0.5,cup,False
215,79,2,tbsp,False
215,102,600,g,False
215,111,2,piece,True
215,134,0.5,tsp,False
215,177,1,cup,False
215,302,1,tsp,False
215,327,120,ml,False
901,80,10,ml,False
901,319,1,piece,True
901,327,60,ml,False
901,806,1,piece,True
901,842,3,piece,False
901,850,1,piece,False
901,851,2,dash,False
823,26,30,g,False
823,29,1,piece,False
823,126,15,ml,False
823,128,150,g,False
823,335,1,tsp,True
823,581,1,packet,False
823,790,600,g,False
1421,6,1,tbsp,False
1421,11,1,piece,False
1421,37,3,clove,False
1421,151,1,piece,False
1421,182,1,piece,False
1421,221,1,leaf,False
1421,251,1,tsp,False
1421,1126,1,piece,False
1422,5,2,tbsp,False
1422,6,1,pinch,False
1422,11,2,piece,False
1422,25,50,g,False
1422,66,1,pinch,False
1422,96,1,bunch,False
1422,1127,500,g,False
2201,128,250,g,False
2201,530,1,piece,False
2201,541,150,g,False
2201,1315,100,g,False
2201,1424,200,g,False
2201,1425,200,g,False
2201,1768,2,tbsp,False
2125,5,1,tbsp,False
2125,6,1,pinch,False
2125,25,30,g,False
2125,66,1,pinch,False
2125,102,6,piece,False
2125,190,100,ml,False
2125,197,1,sprig,False
2125,213,2,piece,False
2125,257,250,ml,False
2125,643,2,piece,False
2125,1130,100,ml,False
2077,5,3,tbsp,False
2077,6,1,pinch,False
2077,7,1,pinch,False
2077,11,1,piece,False
2077,26,2,tbsp,False
2077,37,3,clove,False
2077,96,1,sprig,False
2077,115,500,ml,False
2077,139,3,piece,False
2077,142,400,g,False
2077,151,2,piece,False
2077,182,2,piece,False
2077,197,1,sprig,False
2077,221,1,leaf,False
2077,223,300,ml,False
2077,229,800,g,False
1894,541,250,g,False
1894,1326,3,cup,False
1745,6,1,pinch,False
1745,7,1,pinch,False
1745,29,1,piece,False
1745,138,1,sprig,False
1745,246,250,g,False
1745,1264,250,g,False
1956,6,1,pinch,False
1956,25,200,g,False
1956,26,250,g,False
1956,29,4,piece,False
1956,75,200,g,False
1956,242,0.5,tsp,False
1956,258,2,tsp,False
1956,333,100,g,False
1956,335,1,tsp,False
1956,830,2,tbsp,True
1956,1322,300,g,False
1956,1334,150,g,False
2022,6,1,pinch,True
2022,25,85,g,False
2022,128,200,g,False
2022,190,120,ml,False
1753,6,1,pinch,False
1753,25,3,tbsp,False
1753,26,1,cup,False
1753,29,2,piece,False
1753,64,1,cup,False
1753,126,1,tbsp,False
1753,128,2,tbsp,False
1753,312,1,tsp,False
1753,335,1,tsp,False
1753,643,2,piece,False
7751,6,1,pinch,False
7751,7,1,pinch,False
7751,25,100,g,False
7751,29,2,piece,False
7751,511,200,g,False
7751,1947,200,g,False
7751,2906,500,g,False
7867,5,2,tbsp,False
7867,6,1,tsp,False
7867,26,400,g,False
7867,29,1,piece,False
7867,128,1,tbsp,False
7867,236,200,g,False
7867,650,180,ml,False
7867,661,7,g,False
7792,5,3,tbsp,False
7792,6,1,tsp,False
7792,7,1,pinch,False
7792,26,300,g,False
7792,29,1,piece,False
7792,80,150,ml,False
7792,167,1,tbsp,False
7792,511,200,g,False
7792,1947,150,g,False
7740,6,1,tsp,False
7740,7,1,tsp,False
7740,8,200,g,False
7740,25,1,tbsp,False
7740,29,6,piece,False
7740,64,1,cup,False
7573,5,2,tbsp,False
7573,6,1,pinch,False
7573,7,1,pinch,False
7573,9,150,g,False
7573,11,1,piece,False
7573,25,30,g,False
7573,26,2,tbsp,False
7573,37,2,clove,False
7573,96,1,bunch,False
7573,102,800,g,False
7573,151,1,piece,False
7573,182,1,piece,False
7573,190,100,ml,False
7573,197,3,sprig,False
7573,231,100,ml,False
7573,257,500,ml,False
7563,5,2,tbsp,False
7563,6,1,tsp,False
7563,7,0.5,tsp,False
7563,10,1,piece,False
7563,11,0.5,piece,False
7563,37,3,clove,False
7563,68,500,g,False
7563,96,2,tbsp,False
7563,126,2,tbsp,False
7563,144,1,tsp,False
7563,308,0.5,piece,False
7563,682,1,cup,False
7563,683,4,piece,False
7563,3107,0.5,cup,False
7576,5,4,tbsp,False
7576,6,1,tsp,False
7576,7,0.5,tsp,False
7576,11,1,piece,False
7576,37,4,clove,False
7576,87,1,tsp,False
7576,96,1,bunch,True
7576,101,2,tsp,False
7576,113,1,piece,False
7576,126,2,tbsp,False
7576,139,3,piece,False
7576,511,150,g,False
7576,1077,4,piece,False
7593,5,2,tbsp,False
7593,6,1,pinch,False
7593,7,1,pinch,False
7593,11,1,piece,False
7593,28,1,tsp,False
7593,37,2,clove,False
7593,96,1,bunch,False
7593,239,1.5,cup,False
7593,257,2.5,cup,False
7593,331,0.5,tsp,False
7593,1014,300,g,False
7585,5,4,tbsp,False
7585,6,1,tsp,False
7585,7,1,tsp,False
7585,11,1,piece,False
7585,25,50,g,False
7585,26,3,tbsp,False
7585,29,1,piece,False
7585,37,2,clove,False
7585,64,500,ml,False
7585,71,500,g,False
7585,96,1,bunch,False
7585,114,2,tbsp,False
7585,191,100,g,False
7585,242,1,pinch,False
7585,335,1,tsp,False
7585,507,2,piece,False
7585,548,400,g,False
7585,624,0.5,tsp,False
7587,5,2,tbsp,False
7587,6,1,tsp,False
7587,7,0.5,tsp,False
7587,11,1,piece,False
7587,25,50,g,False
7587,26,50,g,False
7587,29,1,piece,False
7587,37,2,clove,False
7587,64,500,ml,False
7587,71,500,g,False
7587,114,2,tbsp,False
7587,191,100,g,False
7587,232,400,g,False
7587,242,0.5,tsp,False
7587,335,1,tsp,False
7587,442,400,g,False
3304,5,2,tbsp,False
3304,6,1,pinch,False
3304,7,1,pinch,False
3304,96,1,bunch,True
3304,190,200,ml,False
3304,191,50,g,False
3304,284,150,g,False
3304,1986,300,g,False
3292,6,1,tsp,False
3292,11,1,piece,False
3292,25,30,g,True
3292,26,50,g,False
3292,29,2,piece,False
3292,64,150,ml,False
3292,66,1,tsp,False
3292,96,10,g,False
3292,191,30,g,True
3292,242,1,pinch,False
3292,306,250,g,False
3292,357,150,g,False
3900,5,2,tbsp,False
3900,6,1,pinch,False
3900,7,1,pinch,False
3900,11,1,piece,False
3900,37,2,clove,False
3900,80,100,ml,True
3900,101,1,tsp,False
3900,232,400,g,False
3900,279,5,leaf,True
3900,493,400,g,False
3309,1,400,g,False
3309,5,2,tbsp,False
3309,6,1,pinch,False
3309,7,1,pinch,False
3309,11,1,piece,False
3309,29,1,piece,False
3309,37,2,clove,False
3309,96,10,g,False
3309,101,1,tsp,False
3309,191,50,g,False
3309,307,400,ml,False
3309,1947,250,g,False
3309,1992,12,piece,False
3310,6,1,pinch,False
3310,7,1,pinch,False
3310,29,1,piece,False
3310,37,2,clove,False
3310,180,150,g,False
3310,191,50,g,False
3310,307,400,ml,False
3310,341,200,g,False
3310,1947,400,g,False
3310,1993,12,piece,False
3994,6,1,pinch,False
3994,25,50,g,False
3994,26,250,g,False
3994,30,1,l,False
3994,128,50,g,False
3994,231,60,ml,False
3994,312,1,tsp,False
3994,335,1,tsp,False
3994,530,1,piece,False
3994,531,1,piece,False
3994,541,100,g,False
3994,618,1,tbsp,True
3994,949,50,g,True
3994,1315,50,g,True
3994,1319,30,g,True
3994,1947,400,g,False
4156,5,2,tbsp,False
4156,6,1,pinch,False
4156,7,1,pinch,False
4156,37,2,clove,False
4156,96,2,tbsp,False
4156,114,2,tbsp,False
4156,280,30,g,False
4156,498,120,ml,False
4156,503,80,g,False
3746,5,3,tbsp,False
3746,6,1,pinch,False
3746,10,300,g,False
3746,11,1,piece,False
3746,114,2,tbsp,False
3746,128,1,tbsp,False
3746,182,2,piece,False
3746,279,5,leaf,False
3746,280,30,g,False
3746,305,2,tbsp,False
3746,507,1,piece,False
3746,872,50,g,False
3846,5,4,tbsp,False
3846,6,1,pinch,False
3846,7,1,pinch,False
3846,10,400,g,False
3846,11,1,piece,False
3846,128,2,tbsp,False
3846,182,2,piece,False
3846,279,5,leaf,False
3846,280,30,g,False
3846,305,3,tbsp,False
3846,503,80,g,False
3846,507,500,g,False
3846,920,30,g,True
3350,6,1,pinch,False
3350,7,1,pinch,False
3350,26,200,g,False
3350,29,2,piece,False
3350,96,1,tbsp,True
3350,122,150,g,False
3350,191,50,g,False
3350,242,1,pinch,False
3350,1909,1,l,False
9239,29,4,piece,False
9239,30,1,tsp,False
9239,128,1,tsp,False
9239,177,1,tsp,False
9239,272,1,tbsp,False
9239,3215,100,ml,False
9147,29,6,piece,False
9147,128,2,tbsp,False
9147,177,1,tsp,False
9147,272,1,tbsp,False
9147,1685,150,g,False
9147,3238,50,ml,False
9182,29,6,piece,False
9182,30,1,tsp,False
9182,128,2,tbsp,False
9182,177,1,tbsp,False
9182,272,1,tbsp,False
9182,3215,50,ml,False
9182,3622,100,g,False
8841,1,400,g,False
8841,2,150,g,False
8841,6,1,pinch,False
8841,7,1,pinch,False
8841,11,1,piece,False
8841,25,30,g,False
8841,29,1,piece,False
8841,30,2,tbsp,False
8841,37,2,clove,False
8841,53,50,g,False
8841,55,4,slice,False
8841,114,2,tbsp,False
8841,115,500,ml,False
8841,223,100,ml,False
8841,1860,400,g,False
8510,111,1,bunch,True
8510,128,1,tbsp,False
8510,177,1,tbsp,False
8510,272,2,tbsp,False
8510,273,1,ml,False
8510,274,1,tbsp,True
8510,301,1,tbsp,False
8510,1483,400,g,False
8510,3216,3,tbsp,False
9041,128,50,g,False
9041,272,50,ml,False
9041,273,25,ml,False
9041,3216,100,g,False
9166,80,150,ml,False
9166,128,70,g,False
9166,177,50,ml,False
9166,272,30,ml,False
9166,1568,100,g,False
9166,1589,100,g,False
9166,3615,4,piece,True
8920,26,140,g,False
8920,29,2,piece,False
8920,30,1,tsp,False
8920,80,50,ml,False
8920,95,2,tbsp,False
8920,128,50,g,False
8920,258,5,g,False
8920,3510,160,g,False
8461,1,200,g,False
8461,6,1,pinch,False
8461,11,1,piece,False
8461,25,50,g,False
8461,26,2,tbsp,False
8461,64,500,ml,False
8461,66,1,pinch,False
8461,114,2,tbsp,False
8461,236,100,g,False
8461,239,200,g,False
8461,242,1,pinch,False
8342,6,1,tsp,False
8342,34,1,piece,False
8342,80,360,ml,False
8342,128,2,tbsp,False
8342,177,30,ml,True
8342,300,60,ml,False
8342,308,0.5,piece,True
8342,446,300,g,False
8342,448,1,tbsp,True
8342,1172,200,g,False
8342,3244,1,tsp,True
8342,3259,2,tbsp,False
8342,3262,5,piece,False
4808,5,2,tbsp,False
4808,6,1,pinch,False
4808,7,1,pinch,False
4808,10,2,piece,False
4808,11,1,piece,False
4808,37,3,clove,False
4808,38,1,bunch,False
4808,80,1.5,cup,False
4808,87,1,pinch,False
4808,101,1,pinch,False
4808,121,1,piece,False
4808,151,1,piece,False
4808,183,250,g,False
4808,399,200,g,False
4808,430,250,g,False
4808,454,200,g,False
4808,969,200,g,False
4808,1173,500,ml,False
4338,6,1,tbsp,False
4338,7,1,tsp,False
4338,10,2,piece,False
4338,11,1,piece,False
4338,37,3,clove,False
4338,38,1,bunch,False
4338,80,3,cup,False
4338,121,1,piece,True
4338,151,2,piece,False
4338,524,1,piece,True
4338,1174,1,kg,False
4338,2240,1,piece,False
4311,5,2,tbsp,False
4311,6,1,tsp,False
4311,10,3,piece,False
4311,11,1,piece,False
4311,37,3,clove,False
4311,38,1,bunch,False
4311,66,1,tsp,False
4311,121,1,piece,True
4311,139,2,piece,False
4311,151,2,piece,False
4311,478,500,g,False
4311,486,1,piece,False
4311,499,100,g,False
4311,1173,1,l,False
4305,5,2,tbsp,False
4305,6,1,pinch,False
4305,10,2,piece,False
4305,11,1,piece,False
4305,34,1,piece,True
4305,37,2,clove,False
4305,38,1,bunch,False
4305,66,1,pinch,False
4305,68,300,g,False
4305,80,1,cup,False
4305,121,1,piece,True
4305,151,1,piece,False
4305,257,1.5,cup,False
4305,443,100,g,False
4305,486,1,piece,False
4305,2221,1,piece,False
4308,6,1,pinch,False
4308,7,1,pinch,False
4308,11,1,piece,False
4308,34,1,piece,False
4308,37,2,clove,False
4308,38,5,g,False
4308,80,2,cup,False
4308,121,1,piece,False
4308,125,500,g,False
4308,182,1,piece,False
4308,412,150,g,False
4308,486,1,piece,False
4308,525,2,piece,False
4308,534,100,g,False
4308,2223,10,g,False
4819,5,2,tbsp,False
4819,6,1,pinch,False
4819,7,1,pinch,False
4819,10,2,piece,False
4819,37,3,clove,False
4819,38,1,bunch,False
4819,67,1,piece,False
4819,121,1,piece,False
4819,183,500,g,False
4819,2410,100,ml,False
4773,5,4,tbsp,False
4773,6,1,pinch,False
4773,7,1,pinch,False
4773,37,6,clove,False
4773,96,1,bunch,False
4773,121,1,piece,False
4773,183,500,g,False
4773,318,1,pinch,True
4806,30,2,tbsp,False
4806,37,3,clove,False
4806,38,1,bunch,False
4806,58,1,tsp,False
4806,75,2,tbsp,False
4806,121,1,piece,True
4806,177,2,tbsp,False
4806,183,500,g,False
4806,921,60,g,False
4810,5,2,tbsp,False
4810,6,1,pinch,False
4810,7,1,pinch,False
4810,11,1,piece,False
4810,37,3,clove,False
4810,96,1,bunch,False
4810,121,1,piece,False
4810,183,500,g,False
4810,1585,1,piece,False
4779,6,1,pinch,False
4779,7,1,pinch,False
4779,26,100,g,False
4779,29,1,piece,False
4779,30,500,ml,False
4779,53,150,g,False
4779,168,1,piece,True
4779,183,500,g,False
9351,6,1,pinch,False
9351,7,1,pinch,False
9351,26,0.5,cup,False
9351,29,1,piece,False
9351,30,0.25,cup,False
9351,53,1,cup,False
9351,168,1,piece,True
9351,358,4,piece,False
9938,25,20,g,False
9938,128,50,g,True
9938,332,395,g,False
9938,618,30,g,False
9938,3750,50,g,True
9722,5,50,ml,False
9722,6,1,tsp,False
9722,26,150,g,False
9722,29,1,piece,False
9722,69,350,ml,False
9722,95,2,tbsp,False
9722,258,1,tbsp,False
9722,426,250,g,False
9722,619,0.5,tsp,False
9759,25,50,g,False
9759,3706,100,g,False
9759,3728,1,piece,False
9608,5,2,tbsp,False
9608,6,1,pinch,False
9608,11,1,piece,False
9608,37,2,clove,False
9608,66,1,pinch,False
9608,96,1,bunch,True
9608,239,1.5,cup,False
9608,498,400,ml,False
9608,2568,200,g,False
9699,5,2,tbsp,False
9699,6,1,pinch,False
9699,7,1,pinch,False
9699,10,1,piece,False
9699,11,1,piece,False
9699,14,150,g,False
9699,37,2,clove,False
9699,87,1,tsp,False
9699,96,1,tbsp,True
9699,257,500,ml,False
9699,2568,500,g,False
10170,5,3,tbsp,False
10170,6,1,pinch,False
10170,7,1,pinch,False
10170,33,0.5,piece,False
10170,126,2,tbsp,False
10170,511,100,g,True
10170,845,10,leaf,False
10170,2568,300,g,False
9671,5,2,tbsp,False
9671,6,1,pinch,False
9671,11,1,piece,False
9671,37,2,clove,False
9671,66,1,pinch,False
9671,498,1,l,False
9671,845,1,bunch,False
9671,2568,500,g,False
9853,5,2,tbsp,False
9853,6,1,pinch,False
9853,7,1,pinch,False
9853,11,1,piece,False
9853,37,2,clove,False
9853,96,1,bunch,False
9853,257,150,ml,False
9853,2255,150,g,False
9853,2568,500,g,False
9919,5,100,ml,False
9919,29,2,piece,False
9919,95,150,g,False
9919,128,100,g,False
9919,258,5,g,False
9919,335,2,tsp,False
9919,754,250,g,False
5655,5,3,tbsp,False
5655,6,1,pinch,False
5655,7,1,pinch,False
5655,10,3,piece,False
5655,11,1,piece,False
5655,37,2,clove,False
5655,96,1,bunch,True
5655,114,2,tbsp,False
5655,128,1,pinch,False
5655,210,1,piece,True
5655,1034,300,g,False
5656,5,2,tbsp,False
5656,6,1,pinch,False
5656,7,1,pinch,False
5656,96,1,sprig,True
5656,168,0.5,piece,True
5656,2684,2,piece,False
5375,5,50,ml,False
5375,6,1,pinch,False
5375,37,3,clove,False
5375,96,1,bunch,False
5375,364,250,ml,False
5375,914,500,g,False
5381,5,500,ml,False
5381,6,1,pinch,False
5381,7,1,pinch,False
5381,26,100,g,False
5381,168,1,piece,True
5381,914,250,g,False
5996,5,3,tbsp,False
5996,6,1,pinch,False
5996,7,1,pinch,True
5996,37,3,clove,False
5996,139,500,g,False
5996,2763,500,g,False
5922,5,50,ml,False
5922,6,1,pinch,False
5922,26,250,g,False
5922,30,500,ml,False
5922,231,125,ml,False
5922,335,1,tsp,False
5922,577,50,g,False
6013,5,2,tbsp,False
6013,6,1,pinch,False
6013,7,1,pinch,True
6013,37,2,clove,False
6013,96,1,tbsp,True
6013,772,250,g,False
6013,2769,4,piece,False
5544,5,3,tbsp,False
5544,6,1,pinch,False
5544,7,1,pinch,False
5544,11,1,piece,False
5544,37,3,clove,False
5544,115,500,ml,False
5544,138,1,sprig,False
5544,151,1,piece,False
5544,182,1,piece,False
5544,197,1,sprig,False
5544,221,1,piece,False
5544,223,250,ml,False
5544,232,200,g,False
5544,2660,1,kg,False
6242,5,2,tbsp,False
6242,6,1,pinch,False
6242,11,1,piece,False
6242,37,2,clove,False
6242,66,1,pinch,False
6242,114,2,tbsp,False
6242,115,500,ml,False
6242,151,1,piece,False
6242,182,1,piece,False
6242,197,1,sprig,False
6242,221,1,piece,False
6242,230,1,kg,False
6242,231,250,ml,False
5894,26,120,g,False
5894,29,4,piece,False
5894,128,150,g,False
5894,190,250,ml,False
5894,541,1,tbsp,True
5894,1276,100,g,True
2620,37,4,clove,False
2620,39,2,tbsp,False
2620,125,1.2,kg,False
2620,128,1,tsp,True
2620,177,1,tbsp,False
2620,188,1,tbsp,False
2620,286,1,tsp,True
2620,407,1,tsp,False
2620,1159,3,tbsp,False
2620,1436,1,tbsp,False
2620,1560,1,cup,True
2620,1615,1,piece,False
2622,30,2,tbsp,False
2622,37,6,clove,False
2622,86,1.2,kg,False
2622,128,1,tbsp,False
2622,177,2,tbsp,False
2622,299,1,tbsp,False
2622,407,1,tsp,False
2622,1159,3,tbsp,False
2622,1551,3,sprig,False
2622,1615,2,piece,False
2969,37,5,clove,False
2969,125,1,piece,False
2969,128,1,tbsp,False
2969,177,2,tbsp,False
2969,299,1,tbsp,False
2969,407,1,tsp,False
2969,1159,3,tbsp,False
2969,1441,2,piece,False
2969,1442,2,piece,False
2969,1830,2,tbsp,False
2969,1831,1,tbsp,True
2901,80,500,ml,False
2901,302,50,g,False
2901,1436,30,g,False
2684,37,3,clove,False
2684,38,1,bunch,False
2684,39,1,tbsp,True
2684,407,1,tsp,False
2684,1159,2,tbsp,False
2684,1192,1,piece,True
2684,1436,1,tbsp,False
2684,1442,2,piece,False
2684,1680,6,piece,False
3022,30,2,tbsp,False
3022,37,3,clove,False
3022,111,2,piece,False
3022,128,1,tsp,False
3022,155,1,bunch,False
3022,183,300,g,False
3022,299,2,tbsp,False
3022,345,1,tsp,False
3022,407,1,tsp,False
3022,1507,1,tbsp,False
3022,1865,100,g,False
2673,30,2,tbsp,False
2673,37,3,clove,False
2673,111,2,piece,False
2673,128,1,tsp,False
2673,155,1,bunch,False
2673,177,1,tbsp,False
2673,183,200,g,False
2673,213,2,piece,False
2673,257,100,ml,False
2673,299,2,tbsp,False
2673,407,1,tsp,False
2673,1159,1,tbsp,False
2673,1247,50,g,False
2673,1494,100,g,False
2673,1681,50,g,False
2367,30,2,tbsp,False
2367,37,6,clove,False
2367,111,2,piece,False
2367,128,1,pinch,False
2367,177,1,tbsp,False
2367,183,300,g,False
2367,299,1,tbsp,False
2367,1529,1,tsp,False
2373,11,1,piece,False
2373,30,2,tbsp,False
2373,37,2,clove,False
2373,111,2,bunch,False
2373,128,1,tsp,False
2373,183,400,g,False
2373,407,1,pinch,False
2373,540,100,ml,False
2373,1159,1,tbsp,False
2373,1448,2,tbsp,False
2373,1532,10,leaf,False
2365,30,2,tbsp,False
2365,37,3,clove,False
2365,128,1,pinch,False
2365,183,300,g,False
2365,279,5,leaf,True
2365,1159,1.5,tbsp,False
2365,1466,3,piece,False
6421,25,100,g,False
6421,40,150,g,False
6421,96,10,g,False
6421,511,100,g,False
6421,2891,8,piece,False
6866,5,3,tbsp,False
6866,6,1,tsp,False
6866,7,1,tsp,False
6866,11,1,piece,True
6866,28,1,tsp,False
6866,37,3,clove,False
6866,59,1,tsp,False
6866,96,1,bunch,True
6866,113,1,piece,True
6866,168,1,piece,True
6866,324,1,tbsp,False
6866,2724,500,g,False
7223,5,3,tbsp,False
7223,6,1,tsp,False
7223,7,0.5,tsp,False
7223,11,1,piece,False
7223,80,400,ml,False
7223,96,0.5,bunch,False
7223,167,1,bunch,False
7223,239,100,g,False
7223,845,0.5,bunch,False
7223,1033,20,piece,False
7187,6,1,pinch,True
7187,7,1,pinch,True
7187,29,2,piece,False
7187,80,1,l,False
6748,5,2,tbsp,False
6748,6,1,pinch,False
6748,7,1,pinch,False
6748,25,1,tbsp,False
6748,37,2,clove,False
6748,96,1,bunch,False
6748,101,1,pinch,False
6748,126,2,tbsp,False
6748,168,1,piece,True
6748,2991,1,piece,False
6785,5,3,tbsp,False
6785,6,1,tsp,False
6785,7,0.5,tsp,False
6785,11,1,piece,False
6785,37,2,clove,False
6785,96,1,bunch,False
6785,126,30,ml,False
6785,3002,1,kg,False
7203,6,1,tsp,False
7203,7,0.5,tsp,False
7203,11,1,piece,False
7203,25,50,g,False
7203,68,300,g,False
7203,96,1,bunch,True
7203,239,2,cup,False
7203,257,3,cup,False
6557,6,1,tsp,False
6557,7,1,pinch,True
6557,11,1,piece,False
6557,28,1,tsp,False
6557,30,2,tbsp,False
6557,37,3,clove,False
6557,59,1,tsp,False
6557,80,500,ml,False
6557,155,1,tsp,False
6557,328,500,g,False
6557,341,300,g,False
6557,845,1,sprig,True
6557,2879,200,g,False
6688,25,50,g,False
6688,29,2,piece,False
6688,96,15,g,False
6688,511,150,g,False
6688,2906,250,g,False
6426,1,200,g,False
6426,5,2,tbsp,False
6426,6,1,tsp,False
6426,7,1,tsp,False
6426,11,2,piece,False
6426,26,500,g,False
6426,29,1,piece,True
6426,30,500,ml,True
6426,80,250,ml,False
6426,96,10,g,False
6426,139,300,g,False
6426,341,200,g,False
6426,511,150,g,False
1690,5,2,tbsp,False
1690,6,1,pinch,False
1690,11,500,g,False
1690,25,1,tbsp,False
1690,80,30,ml,True
1467,6,1,tsp,False
1467,7,1,tsp,False
1467,30,2,tbsp,False
1467,37,3,clove,False
1467,80,250,ml,False
1467,85,1,kg,False
1467,111,1,bunch,True
1467,128,3,tbsp,False
1467,177,3,tbsp,False
1467,302,2,slice,False
1467,1158,1,tsp,False
1467,1159,1,tbsp,False
2090,6,1,tbsp,False
2090,7,1,pinch,False
2090,25,50,g,False
2090,26,40,g,False
2090,53,50,g,True
2090,64,400,ml,False
2090,80,1500,ml,False
2090,168,1,piece,False
2090,190,200,ml,False
2090,236,150,g,False
2090,242,1,pinch,False
2090,1253,800,g,False
1670,5,2,tbsp,False
1670,6,1,pinch,False
1670,7,1,pinch,False
1670,37,2,clove,False
1670,96,1,bunch,False
1670,168,1,piece,False
1670,1253,500,g,False
1670,2076,200,g,False
2196,6,1,pinch,False
2196,26,250,g,False
2196,29,2,piece,False
2196,30,1,l,False
2196,64,160,ml,False
2196,128,50,g,False
2196,258,10,g,False
2196,312,1,tsp,False
2196,335,1,tsp,False
2196,541,50,g,False
1905,6,1,pinch,False
1905,25,50,g,False
1905,26,250,g,False
1905,29,2,piece,False
1905,30,1,l,False
1905,64,60,ml,False
1905,128,50,g,False
1905,258,5,g,False
1905,541,30,g,False
1905,572,15,ml,True
1897,80,200,ml,False
1897,128,500,g,False
1897,364,5,ml,False
1897,1329,50,g,False
1731,6,1,pinch,False
1731,7,1,pinch,False
1731,25,10,g,False
1731,29,3,piece,False
1731,96,1,tbsp,True
1731,151,500,g,False
1731,190,200,ml,False
1731,242,1,pinch,False
1642,6,1,pinch,False
1642,25,30,g,False
1642,66,1,pinch,False
1642,80,500,ml,False
1642,151,500,g,False
1464,5,2,tbsp,False
1464,6,1,pinch,False
1464,7,1,pinch,False
1464,11,1,piece,False
1464,37,3,clove,False
1464,61,400,g,False
1464,96,1,bunch,False
1464,151,1,piece,False
1464,174,300,g,False
1464,197,1,sprig,False
1464,221,1,piece,False
1464,232,400,g,False
1464,772,500,g,False
1464,1035,300,g,False
1464,1157,500,ml,False
7763,5,100,ml,False
7763,6,1,pinch,False
7763,7,1,pinch,False
7763,11,1,piece,False
7763,37,2,clove,False
7763,96,1,bunch,False
7763,101,1,tsp,False
7763,282,400,g,False
7763,511,150,g,False
7763,2906,500,g,False
7564,5,3,tbsp,False
7564,6,1,tsp,False
7564,7,0.5,tsp,False
7564,10,1,piece,True
7564,11,1,piece,True
7564,37,3,clove,False
7564,68,500,g,False
7564,126,2,tbsp,False
7564,144,2,tsp,False
7564,683,4,piece,True
7564,3107,150,g,True
7562,5,3,tbsp,False
7562,6,1,tsp,False
7562,7,0.5,tsp,False
7562,9,1,cup,False
7562,10,1,piece,False
7562,33,0.5,piece,False
7562,37,3,clove,False
7562,68,500,g,False
7562,101,1,tsp,False
7562,126,2,tbsp,False
7562,167,1,tbsp,False
7562,308,0.25,piece,False
7562,682,200,g,False
7562,683,4,piece,False
7596,5,3,tbsp,False
7596,6,1,tsp,False
7596,7,0.5,tsp,False
7596,10,1,piece,True
7596,33,0.5,piece,True
7596,37,2,clove,False
7596,68,500,g,False
7596,96,1,bunch,True
7596,101,1,tsp,False
7596,126,2,tbsp,False
7596,168,0.5,piece,True
7596,308,0.5,piece,True
7596,683,4,piece,False
7596,3107,100,ml,False
7568,5,3,tbsp,False
7568,6,1,pinch,False
7568,7,1,pinch,False
7568,37,3,clove,False
7568,67,500,g,False
7568,96,1,bunch,False
7568,102,1.2,kg,False
7568,114,2,tbsp,False
7568,115,200,ml,False
7568,221,1,piece,False
7568,223,150,ml,False
7568,305,50,ml,False
7568,344,1,piece,False
7568,623,4,piece,False
7565,5,2,tbsp,False
7565,7,1,pinch,False
7565,37,2,clove,False
7565,68,4,piece,False
7565,96,2,tbsp,False
7565,126,1,tbsp,False
7565,144,2,tbsp,False
7565,511,200,g,False
7565,775,1,tbsp,False
7588,5,2,tbsp,False
7588,6,1,pinch,False
7588,10,1,piece,False
7588,11,1,piece,False
7588,37,3,clove,False
7588,66,1,pinch,False
7588,96,1,bunch,True
7588,102,6,piece,False
7588,144,1,tsp,False
7588,3039,100,g,False
7597,5,2,tbsp,False
7597,6,1,pinch,False
7597,7,1,pinch,False
7597,68,2,piece,False
7597,87,1,tsp,True
7597,96,1,bunch,True
7597,101,1,tsp,True
7597,168,1,piece,True
7597,257,100,ml,False
7597,3120,6,piece,False
7598,5,2,tbsp,False
7598,6,1,pinch,False
7598,7,1,pinch,False
7598,11,1,piece,False
7598,37,2,clove,False
7598,38,0.25,bunch,False
7598,51,1,tsp,False
7598,59,2,tsp,False
7598,68,500,g,False
7598,73,0.5,tsp,False
7598,142,400,g,False
7598,151,1,piece,False
7598,155,1,tsp,False
7598,257,500,ml,False
7598,689,400,g,False
7592,5,3,tbsp,False
7592,6,1,pinch,False
7592,7,1,pinch,False
7592,37,2,clove,False
7592,68,500,g,False
7592,96,2,tbsp,False
7592,126,2,tbsp,False
7592,3097,250,g,False
4165,64,150,ml,False
4165,901,30,ml,False
3733,5,2,tbsp,False
3733,6,1,pinch,False
3733,7,1,pinch,False
3733,10,2,piece,False
3733,180,200,g,False
3733,279,10,leaf,False
3909,5,2,tbsp,False
3909,6,1,pinch,False
3909,7,1,pinch,False
3909,10,2,piece,False
3909,180,150,g,False
3909,279,10,leaf,False
3909,758,1,tbsp,True
3768,5,2,tbsp,False
3768,6,1,pinch,True
3768,7,1,pinch,True
3768,279,20,leaf,False
3768,487,20,piece,False
3768,758,1,tbsp,False
3768,2099,20,piece,False
3396,2,80,g,False
3396,5,1,tbsp,False
3396,144,1,tsp,False
3396,179,250,g,False
3396,180,150,g,False
3396,279,5,leaf,False
3396,307,100,ml,False
3396,357,100,g,False
3396,503,30,g,False
3396,516,100,g,False
4135,6,1,pinch,False
4135,7,1,tbsp,False
4135,29,1,piece,False
4135,281,400,g,False
4135,531,4,piece,False
4135,1942,150,g,False
4135,1959,100,g,False
4235,5,3,tbsp,False
4235,6,1,pinch,False
4235,7,1,pinch,False
4235,42,20,g,True
4235,168,0.5,piece,False
4235,191,30,g,False
4235,206,200,g,False
4235,280,10,g,True
3523,5,2,tbsp,False
3523,6,1,pinch,False
3523,7,1,pinch,False
3523,37,2,clove,False
3523,151,500,g,False
3523,279,8,leaf,False
3523,302,15,g,False
3523,498,1,cup,False
3848,5,2,tbsp,False
3848,6,1,pinch,False
3848,25,25,g,False
3848,66,1,pinch,False
3848,96,1,tbsp,True
3848,151,500,g,False
3848,277,100,ml,False
3948,5,50,ml,False
3948,6,1,tsp,False
3948,26,250,g,False
3948,80,100,ml,False
3948,128,1,tsp,False
3948,138,1,tbsp,True
8449,6,1,pinch,False
8449,10,1,piece,False
8449,11,1,piece,False
8449,30,2,tbsp,False
8449,37,2,clove,False
8449,38,1,bunch,False
8449,58,1,tsp,False
8449,59,1,tsp,False
8449,155,1,tsp,False
8449,302,1,tsp,False
8449,330,1,tsp,False
8449,331,1,tsp,False
8449,524,1,piece,False
8449,1244,400,g,False
8457,6,1,pinch,False
8457,7,1,pinch,True
8457,11,0.5,piece,False
8457,29,1,piece,False
8457,30,2,tbsp,False
8457,37,1,clove,False
8457,111,1,bunch,False
8457,177,1,tbsp,False
8457,183,150,g,False
8457,239,300,g,False
8465,5,1,tbsp,False
8465,6,1,pinch,False
8465,7,1,pinch,False
8465,11,1,piece,False
8465,25,30,g,False
8465,26,30,g,False
8465,37,1,clove,False
8465,64,500,ml,False
8465,180,150,g,False
8465,183,200,g,False
8465,239,250,g,False
8465,242,1,pinch,False
8542,6,1,pinch,False
8542,7,1,pinch,False
8542,26,100,g,False
8542,29,1,piece,False
8542,30,500,ml,False
8542,163,150,g,False
8542,168,1,piece,True
8542,172,100,g,True
8542,183,12,piece,False
8542,3375,50,ml,True
8899,6,1,pinch,False
8899,26,100,g,False
8899,29,1,piece,False
8899,30,500,ml,False
8899,66,1,pinch,False
8899,96,1,sprig,True
8899,163,150,g,False
8899,168,0.5,piece,False
8899,172,100,g,False
8899,183,8,piece,False
8899,325,200,g,False
8899,3375,50,ml,True
8847,6,1,pinch,False
8847,9,4,leaf,False
8847,26,50,g,False
8847,29,1,piece,False
8847,30,500,ml,False
8847,66,1,pinch,False
8847,163,100,g,False
8847,183,200,g,False
8847,309,4,slice,False
8847,3279,2,tbsp,False
8847,3375,1,tbsp,True
8885,6,1,pinch,False
8885,26,100,g,False
8885,29,1,piece,False
8885,30,1,l,False
8885,66,1,pinch,False
8885,111,1,piece,False
8885,163,150,g,False
8885,172,150,g,False
8885,183,8,piece,False
8885,1483,100,g,False
8885,3216,3,tbsp,False
8885,3238,500,ml,False
8885,3294,2,cup,False
8885,3375,50,ml,False
8822,6,1,pinch,False
8822,25,30,g,False
8822,26,30,g,False
8822,53,50,g,False
8822,64,300,ml,False
8822,183,400,g,False
8822,190,100,ml,False
8822,191,50,g,False
8822,242,1,pinch,True
8822,407,1,pinch,False
8552,6,1,pinch,False
8552,13,1,tbsp,False
8552,26,0.5,cup,False
8552,29,1,piece,False
8552,30,500,ml,False
8552,66,1,pinch,False
8552,163,1,cup,False
8552,172,100,g,True
8552,183,300,g,False
8552,3375,2,tbsp,True
8313,80,50,ml,False
8313,177,50,ml,True
8313,183,10,piece,False
8313,300,30,ml,False
8313,446,200,g,False
8313,448,20,g,True
8313,3244,10,g,False
8313,3262,1,piece,True
4781,5,2,tbsp,False
4781,6,1,pinch,False
4781,7,1,pinch,False
4781,10,3,piece,False
4781,11,1,piece,False
4781,28,1,tsp,False
4781,37,3,clove,False
4781,38,1,bunch,False
4781,58,1,tsp,False
4781,59,1,tsp,False
4781,60,1,piece,True
4781,121,1,piece,False
4781,183,500,g,False
4776,6,1,tsp,False
4776,7,1,tsp,False
4776,11,1,piece,False
4776,30,3,tbsp,False
4776,37,3,clove,False
4776,38,1,bunch,True
4776,144,1,tsp,False
4776,183,500,g,False
4776,307,200,ml,False
4776,324,2,tbsp,False
4776,376,4,piece,False
4862,25,2,tbsp,True
4862,75,2,tbsp,True
4862,335,1,tsp,True
4862,610,4,piece,False
5044,6,1,pinch,False
5044,25,30,g,False
5044,75,200,g,False
5044,80,1,cup,False
5044,610,1,kg,False
5044,2173,1,tsp,False
5030,128,300,g,False
5030,335,1,pinch,False
5030,344,2,piece,False
5030,610,500,g,False
4800,6,1,pinch,False
4800,7,1,pinch,False
4800,10,1,piece,False
4800,11,0.5,piece,False
4800,38,0.25,bunch,False
4800,39,60,ml,False
4800,183,0.2,kg,False
4800,399,0.2,kg,False
4800,453,0.2,kg,False
4800,881,120,ml,False
5097,25,30,g,False
5097,128,20,g,False
5097,746,100,g,False
5097,1031,250,g,False
5205,5,3,tbsp,False
5205,6,1,tsp,False
5205,10,400,g,False
5205,11,1,piece,False
5205,37,2,clove,False
5205,58,1,tsp,False
5205,120,12,piece,False
5205,221,2,leaf,True
5205,336,1,tbsp,True
5205,2223,1,bunch,True
5205,2551,500,g,False
5272,8,150,g,False
5272,14,4,slice,False
5272,111,2,piece,False
5272,141,120,ml,False
5272,159,225,g,False
5272,290,2,tsp,False
5002,25,3,tbsp,False
5002,80,500,ml,False
5002,333,100,g,False
5002,344,2,piece,False
5002,469,150,g,False
5002,574,100,g,False
5002,623,4,piece,False
5002,2319,200,g,False
5002,2479,6,slice,False
9670,6,1,pinch,False
9670,11,1,piece,False
9670,25,30,g,False
9670,37,2,clove,False
9670,66,1,pinch,False
9670,96,1,sprig,True
9670,190,150,ml,False
9670,257,1,l,False
9670,314,500,g,False
9823,5,2,tbsp,False
9823,6,1,pinch,False
9823,7,1,pinch,True
9823,168,1,piece,False
9823,314,500,g,False
9577,6,1,pinch,False
9577,37,1,clove,False
9577,66,1,pinch,False
9577,80,1.5,l,False
9577,139,200,g,False
9577,172,1,piece,False
9577,221,1,leaf,False
9577,3709,500,g,False
9598,5,2,tbsp,False
9598,6,1,pinch,False
9598,7,1,pinch,False
9598,11,1,piece,False
9598,37,2,clove,False
9598,96,1,tbsp,True
9598,172,300,g,False
9598,239,1,cup,False
9598,498,500,ml,False
9806,5,30,ml,False
9806,6,1,pinch,False
9806,7,1,pinch,False
9806,79,30,ml,False
9806,95,15,ml,False
9806,151,150,g,False
9806,172,300,g,False
9700,6,1,pinch,False
9700,7,1,pinch,False
9700,10,1,piece,False
9700,11,1,piece,False
9700,28,1,tsp,False
9700,30,2,tbsp,False
9700,37,2,clove,False
9700,115,1,l,False
9700,172,1,piece,False
9700,176,500,g,False
9700,360,1,tsp,False
9655,5,2,tbsp,False
9655,6,1,pinch,False
9655,7,1,pinch,False
9655,11,1,piece,False
9655,37,2,clove,False
9655,96,1,tbsp,True
9655,139,300,g,False
9655,172,200,g,False
9655,498,1,l,False
9574,7,1,pinch,True
9574,30,2,tbsp,False
9574,3708,300,g,False
9885,11,50,g,False
9885,13,2,tbsp,False
9885,17,1,tbsp,True
9885,18,1,tsp,True
9885,96,1,tbsp,False
9885,172,50,g,False
9885,415,1,piece,False
9885,3740,1,piece,False
9311,5,4,tbsp,False
9311,6,1,pinch,False
9311,7,1,pinch,False
9311,10,3,piece,False
9311,11,2,piece,False
9311,37,3,clove,False
9311,96,1,bunch,False
9311,113,1,piece,False
9311,139,300,g,False
9311,221,2,leaf,False
9311,231,100,ml,False
9311,596,400,g,False
9311,1181,300,g,True
9311,2423,300,g,True
5623,6,1,tbsp,False
5623,11,1,piece,True
5623,26,150,g,False
5623,29,2,piece,False
5623,30,500,ml,False
5623,37,3,clove,True
5623,53,200,g,False
5623,80,2,l,False
5623,221,2,leaf,True
5623,1391,1.5,kg,False
5353,5,2,tbsp,False
5353,6,1,tsp,False
5353,7,0.5,tsp,False
5353,11,1,piece,False
5353,37,2,clove,False
5353,96,1,tbsp,True
5353,139,1,piece,False
5353,151,1,piece,False
5353,257,1000,ml,False
5353,2568,200,g,False
5430,5,2,tbsp,False
5430,6,1,pinch,False
5430,7,1,pinch,False
5430,11,1,piece,False
5430,28,1,tsp,True
5430,37,2,clove,False
5430,96,1,bunch,True
5430,257,500,ml,False
5430,284,150,g,False
5430,2568,500,g,False
5800,6,1,pinch,False
5800,29,2,piece,False
5800,30,200,ml,False
5800,139,500,g,False
5800,2722,150,g,False
5679,6,20,g,False
5679,13,100,g,True
5679,25,50,g,True
5679,37,1,clove,True
5679,168,1,piece,True
5679,2693,1.5,kg,False
6261,5,2,tbsp,False
6261,6,1,pinch,False
6261,7,1,pinch,False
6261,96,1,tbsp,True
6261,284,150,g,False
6261,757,500,g,False
5582,5,3,tbsp,False
5582,6,1,pinch,False
5582,7,1,pinch,False
5582,37,3,clove,False
5582,96,1,bunch,True
5582,1412,250,g,False
5582,2769,4,piece,False
5570,5,2,tbsp,True
5570,2671,4,piece,False
5407,6,1,pinch,False
5407,7,1,pinch,False
5407,26,150,g,False
5407,29,1,piece,False
5407,30,500,ml,False
5407,37,2,clove,False
5407,64,150,ml,False
5407,96,1,bunch,False
5407,258,1,tsp,False
5407,1005,300,g,False
5892,5,500,ml,False
5892,26,150,g,False
5892,29,2,piece,False
5892,64,100,ml,False
5892,128,50,g,False
5892,258,5,g,False
5892,335,1,pinch,True
5892,541,20,g,True
5892,775,1,tsp,False
5892,1005,250,g,False
2366,30,2,tbsp,False
2366,37,3,clove,False
2366,128,1,tsp,False
2366,183,200,g,False
2366,299,1,tbsp,False
2366,1159,1.5,tbsp,False
2366,1192,2,piece,False
2366,1498,150,g,False
2675,17,1,tbsp,False
2675,30,2,tbsp,False
2675,37,3,clove,False
2675,111,1,bunch,False
2675,183,300,g,False
2675,1159,2,tbsp,False
2675,1436,1,tbsp,False
2675,1446,10,leaf,False
2675,1465,2,piece,False
2675,1583,50,g,False
3008,37,4,clove,False
3008,38,1,bunch,True
3008,39,2,tbsp,False
3008,213,2,piece,False
3008,407,1,tsp,False
3008,1159,3,tbsp,False
3008,1436,1,tbsp,False
3008,1441,1,piece,False
3008,1512,2,piece,False
3008,1615,1,bunch,False
3008,1859,4,piece,False
3063,37,2,clove,False
3063,38,1,bunch,True
3063,39,2,tbsp,False
3063,121,1,piece,True
3063,128,1,tsp,False
3063,686,2,piece,False
3063,1159,4,tbsp,False
3063,1680,8,piece,False
2736,29,1,piece,False
2736,30,500,ml,False
2736,37,2,clove,False
2736,128,1,tsp,False
2736,155,1,sprig,False
2736,177,2,tbsp,False
2736,183,250,g,False
2736,299,1,tbsp,False
2736,407,1,tsp,False
2736,432,50,ml,True
2736,1705,100,g,False
2674,30,1,l,False
2674,121,0.5,piece,True
2674,128,1,tsp,True
2674,177,2,tbsp,True
2674,183,12,piece,False
2674,286,1,tsp,True
2674,429,180,ml,False
2674,1682,150,g,False
2672,6,1,tsp,False
2672,30,500,ml,False
2672,37,6,clove,False
2672,183,500,g,False
2672,407,1,tsp,False
2672,1589,2,tbsp,False
2671,30,2,tbsp,False
2671,37,4,clove,False
2671,121,2,piece,False
2671,128,2,tsp,False
2671,286,1,pinch,False
2671,1159,4,tbsp,False
2671,1680,8,piece,False
3229,30,1,tbsp,False
3229,68,300,g,False
3229,783,400,ml,False
3229,1159,2,tbsp,False
3229,1433,2,tbsp,False
3229,1434,200,g,False
3229,1435,3,leaf,False
3229,1436,1,tbsp,False
3229,1437,10,leaf,False
3229,1470,100,g,False
2232,30,2,tbsp,False
2232,176,500,g,False
2232,507,150,g,False
2232,783,400,ml,False
2232,1159,2,tbsp,False
2232,1433,3,tbsp,False
2232,1434,100,g,False
2232,1435,3,piece,False
2232,1436,1,tbsp,False
2232,1437,10,leaf,False
2232,1438,300,g,False
6529,1,250,g,False
6529,5,100,ml,False
6529,6,1,pinch,False
6529,7,1,pinch,False
6529,11,2,piece,False
6529,96,1,bunch,False
6529,341,200,g,False
6529,2296,200,g,False
6529,2906,500,g,False
6987,5,50,ml,False
6987,6,1,pinch,False
6987,26,500,g,False
6987,80,250,ml,False
6987,96,1,bunch,False
6987,2296,300,g,False
7107,80,1,l,False
7107,128,100,g,False
7107,335,1,tsp,True
7107,657,5,g,False
7107,3044,200,g,False
7107,3045,20,g,True
6693,25,1,tbsp,True
6693,2972,8,piece,False
7023,5,2,tbsp,False
7023,6,1,tsp,False
7023,11,1,piece,False
7023,80,2,cup,False
7023,96,1,tbsp,True
7023,239,1,cup,False
7023,2568,150,g,False
7057,6,1,pinch,False
7057,7,1,pinch,False
7057,8,150,g,False
7057,25,30,g,False
7057,26,30,g,False
7057,53,50,g,True
7057,64,400,ml,False
7057,242,1,pinch,False
7057,314,500,g,False
6962,5,2,tbsp,False
6962,6,1,pinch,False
6962,7,1,pinch,False
6962,11,1,piece,False
6962,37,2,clove,False
6962,96,1,tbsp,True
6962,190,100,ml,False
6962,314,400,g,False
6962,498,1,l,False
7026,6,1,tsp,False
7026,7,1,tsp,False
7026,11,1,piece,False
7026,80,4,cup,False
7026,96,1,bunch,True
7026,151,2,piece,False
7026,239,2,cup,False
7026,303,50,g,True
7026,335,1,tsp,False
7026,1153,500,g,False
7026,1235,3,tbsp,False
6977,5,2,tbsp,False
6977,6,1,pinch,False
6977,7,1,pinch,False
6977,11,1,piece,False
6977,25,1,tbsp,False
6977,28,1,tsp,False
6977,96,1,sprig,True
6977,151,1,piece,False
6977,257,1,l,False
6977,2875,100,g,False
6977,2890,1,tsp,False
6434,5,2,tbsp,False
6434,6,1,pinch,False
6434,7,1,pinch,True
6434,11,1,piece,False
6434,25,1,tbsp,False
6434,114,1,tbsp,False
6434,257,400,ml,False
6434,2909,200,g,False
255,5,2,tbsp,False
255,6,1,pinch,False
255,7,1,pinch,False
255,11,1,piece,False
255,37,2,clove,False
255,87,1,tsp,False
255,96,1,sprig,True
255,114,2,tbsp,False
255,151,1,piece,False
255,182,1,piece,False
255,221,1,piece,False
255,223,250,ml,False
255,362,2,piece,False
255,363,500,ml,False
146,6,1,pinch,False
146,7,1,pinch,False
146,11,1,piece,False
146,30,2,tbsp,False
146,37,2,clove,False
146,96,1,bunch,True
146,114,2,tbsp,False
146,115,500,ml,False
146,151,1,piece,False
146,182,1,piece,False
146,197,1,sprig,False
146,221,1,piece,False
146,223,500,ml,False
146,233,1.2,kg,False
735,6,0.5,tsp,False
735,29,1,piece,False
735,30,0.25,cup,False
735,64,0.75,cup,False
735,75,0.75,cup,False
735,574,0.5,cup,True
735,619,1,tsp,False
735,740,1,cup,False
735,741,1,cup,False
1107,6,0.5,tsp,False
1107,29,1,piece,False
1107,30,0.25,cup,False
1107,64,1,cup,False
1107,75,0.75,cup,False
1107,171,0.25,cup,False
1107,258,1,tsp,False
1107,312,1,tsp,False
1107,574,0.5,cup,True
1107,619,0.5,tsp,False
1107,740,1.5,cup,False
269,6,1,pinch,False
269,7,1,pinch,False
269,11,1,piece,False
269,25,2,tbsp,False
269,137,250,ml,False
269,359,500,g,False
269,360,1,tsp,False
269,389,4,piece,False
867,6,1,pinch,False
867,25,10,g,False
867,29,3,piece,False
867,64,500,ml,False
867,128,100,g,False
867,306,6,slice,False
867,312,1,tsp,False
867,335,1,tsp,False
867,574,50,g,True
495,25,50,g,False
495,29,4,piece,False
495,64,500,ml,False
495,75,100,g,False
495,128,150,g,False
495,190,250,ml,False
495,242,0.5,tsp,False
495,312,2,tsp,False
495,327,60,ml,True
495,335,1,tsp,False
495,461,400,g,False
495,574,100,g,True
973,6,2,tbsp,False
973,11,1,piece,False
973,128,1.5,cup,False
973,156,0.5,tsp,True
973,252,1,tbsp,False
973,308,4,piece,False
973,324,2,cup,False
973,331,1,tsp,False
973,611,1,tsp,False
231,5,3,tbsp,False
231,6,1,pinch,False
231,26,100,g,False
231,29,1,piece,False
231,53,150,g,False
231,66,1,pinch,False
231,118,4,piece,False
29,1,150,g,False
29,4,1,piece,False
29,5,1,tbsp,True
29,6,1,pinch,False
29,7,1,pinch,False
29,8,1,slice,False
29,13,1,tbsp,True
29,14,2,slice,False
29,17,1,tbsp,True
29,29,1,piece,False
29,62,1,piece,False
1875,6,1,pinch,False
1875,25,100,g,False
1875,26,100,g,False
1875,29,1,piece,False
1875,128,100,g,False
1875,312,1,tsp,False
1631,6,1,pinch,False
1631,7,1,pinch,False
1631,8,150,g,False
1631,25,30,g,False
1631,26,30,g,False
1631,53,50,g,True
1631,64,500,ml,False
1631,242,1,pinch,True
1631,994,1,piece,False
1646,6,1,pinch,False
1646,25,50,g,False
1646,64,50,ml,True
1646,66,1,pinch,False
1646,80,1,cup,False
1646,190,100,ml,False
1646,1013,500,g,False
1182,6,1,pinch,False
1182,7,1,pinch,False
1182,13,100,g,False
1182,96,1,tbsp,False
1182,126,1,tbsp,False
1182,215,1,tbsp,False
1182,280,1,tbsp,False
1182,1013,500,g,False
1918,190,240,ml,False
1918,312,1,tsp,False
1918,541,30,g,False
2034,6,1,pinch,False
2034,7,1,pinch,False
2034,18,1,tbsp,False
2034,25,30,g,False
2034,115,150,ml,False
2034,213,1,piece,False
2034,231,150,ml,False
2034,917,1,tbsp,False
2034,1057,1,piece,False
2133,6,1,pinch,False
2133,25,200,g,False
2133,26,250,g,False
2133,128,100,g,False
2133,531,1,piece,False
1703,5,2,tbsp,False
1703,6,1,pinch,False
1703,25,50,g,False
1703,66,1,pinch,False
1703,96,1,tbsp,True
1703,139,500,g,False
1738,3,200,g,False
1738,7,1,pinch,False
1738,27,1,tbsp,False
1738,37,1,clove,False
1738,41,200,g,False
1738,126,1,tbsp,False
1738,231,300,ml,False
1738,242,1,pinch,False
1738,461,1,piece,False
1738,1241,30,ml,True
1210,7,1,pinch,True
1210,8,150,g,False
1210,246,250,g,False
7578,6,1,pinch,False
7578,25,50,g,False
7578,26,2,tbsp,False
7578,29,1,piece,False
7578,64,200,ml,False
7578,66,1,pinch,False
7578,68,500,g,False
7578,87,1,tsp,False
7578,246,250,g,False
7578,257,300,ml,False
7578,993,2,piece,False
7595,2,300,g,False
7595,5,2,tbsp,False
7595,6,1,pinch,False
7595,7,1,pinch,False
7595,11,1,piece,False
7595,37,2,clove,False
7595,87,1,tsp,False
7595,96,2,tbsp,False
7595,101,1,tsp,False
7595,114,2,tbsp,False
7595,125,600,g,False
7595,231,150,ml,False
7595,257,500,ml,False
7580,5,2,tbsp,False
7580,6,1,pinch,False
7580,7,1,pinch,False
7580,10,1,piece,False
7580,11,1,piece,False
7580,37,2,clove,False
7580,96,1,bunch,False
7580,102,500,g,False
7580,257,750,ml,False
7580,3090,200,g,False
7583,5,3,tbsp,False
7583,6,1,pinch,False
7583,37,3,clove,False
7583,66,1,pinch,False
7583,125,4,piece,False
7583,138,2,sprig,False
7583,139,600,g,False
7583,168,2,piece,False
7583,231,100,ml,False
7577,5,2,tbsp,False
7577,6,1,pinch,False
7577,7,1,pinch,False
7577,11,1,piece,False
7577,37,2,clove,False
7577,68,500,g,False
7577,87,1,tsp,False
7577,96,2,tbsp,False
7577,239,1.5,cup,False
7577,257,3,cup,False
7571,5,2,tbsp,False
7571,6,1,pinch,False
7571,7,1,pinch,False
7571,11,1,piece,False
7571,80,2.5,l,False
7571,96,1,tbsp,True
7571,125,1.2,kg,False
7571,168,2,piece,False
7571,531,3,piece,False
7571,975,300,g,False
7686,5,3,tbsp,False
7686,6,1,pinch,False
7686,7,1,tsp,False
7686,10,400,g,False
7686,11,1,piece,False
7686,37,2,clove,False
7686,102,600,g,False
7686,507,500,g,False
7686,511,150,g,False
7603,5,2,tbsp,False
7603,6,1,pinch,False
7603,7,1,pinch,False
7603,37,2,clove,False
7603,96,1,bunch,True
7603,125,800,g,False
7603,197,3,sprig,False
7603,257,200,ml,False
7603,872,100,g,False
7603,1025,250,g,False
7584,5,2,tbsp,False
7584,6,1,pinch,False
7584,7,1,pinch,False
7584,10,2,piece,False
7584,37,2,clove,False
7584,68,500,g,False
7584,96,1,tbsp,True
7584,257,250,ml,False
7584,499,200,g,False
7558,5,3,tbsp,False
7558,6,1,pinch,False
7558,7,1,pinch,False
7558,10,2,piece,False
7558,11,1,piece,False
7558,37,3,clove,False
7558,96,1,bunch,False
7558,114,2,tbsp,False
7558,125,1,kg,False
7558,144,1,tsp,False
7558,257,500,ml,False
7558,580,500,g,False
4268,5,2,tbsp,False
4268,6,1,tsp,False
4268,26,250,g,False
4268,80,150,ml,False
4268,138,1,sprig,True
4037,5,60,ml,False
4037,6,1,tsp,False
4037,26,500,g,False
4037,95,200,g,False
4037,128,50,g,False
4037,231,150,ml,False
4037,775,1,tbsp,False
4037,1235,500,ml,False
3305,5,2,tbsp,False
3305,6,1,pinch,False
3305,7,1,pinch,False
3305,37,2,clove,False
3305,96,1,bunch,False
3305,231,100,ml,False
3305,280,1,tbsp,False
3305,286,1,tsp,False
3305,487,150,g,False
3305,503,50,g,False
3305,1987,300,g,False
3305,1988,300,g,False
3963,5,50,ml,False
3963,6,10,g,False
3963,26,500,g,False
3963,29,5,piece,False
3963,37,3,clove,False
3963,80,250,ml,False
3963,128,15,g,False
3963,562,100,g,False
3963,657,7,g,False
3963,1959,50,g,False
3963,2095,150,g,False
3395,5,2,tbsp,False
3395,6,1,pinch,False
3395,7,1,pinch,False
3395,25,50,g,False
3395,26,300,g,False
3395,29,3,piece,False
3395,37,1,clove,False
3395,80,2,cup,False
3395,96,1,bunch,False
3395,176,150,g,False
3395,191,50,g,False
3395,242,1,pinch,False
3395,367,150,g,False
3395,388,8,leaf,False
3395,2009,50,g,False
4118,25,10,g,False
4118,29,3,piece,False
4118,541,150,g,False
4118,775,1,tbsp,False
4118,799,50,g,False
4118,1322,100,g,False
4118,1947,500,g,False
4072,277,100,ml,False
4072,312,1,tsp,False
4072,317,30,ml,False
4072,541,150,g,False
4072,779,100,ml,True
4072,949,50,g,False
4072,1315,100,g,False
4072,1319,50,g,True
4072,1947,500,g,False
4072,2140,200,g,False
4072,2161,50,g,False
4072,2162,100,g,False
3998,541,150,g,False
3998,799,50,g,True
3998,860,100,ml,False
3998,1319,30,g,True
3998,1322,100,g,False
3998,1947,500,g,False
3998,2140,250,g,False
3998,2141,50,ml,True
4116,6,1,pinch,True
4116,26,250,g,False
4116,29,1,piece,False
4116,30,500,ml,False
4116,128,100,g,False
4116,541,50,g,False
4116,799,50,g,False
4116,1315,30,g,False
4116,1947,300,g,False
4050,5,50,ml,False
4050,6,1,pinch,False
4050,80,500,ml,False
4050,138,1,sprig,False
4050,333,30,g,False
4050,574,50,g,False
4050,920,30,g,False
4050,2150,250,g,False
8636,26,20,g,False
8636,27,50,g,False
8636,29,1,piece,False
8636,30,1,l,False
8636,183,8,piece,False
8636,429,180,ml,False
8636,801,100,g,False
8675,30,1,l,False
8675,183,12,piece,False
8675,1682,150,g,False
8675,3430,200,ml,False
8675,3431,12,piece,False
9105,111,1,piece,True
9105,177,60,ml,False
9105,272,30,ml,False
9105,1587,150,g,False
9105,3215,100,ml,False
9105,3244,1,tsp,True
9105,3334,200,g,False
8690,6,1,pinch,False
8690,3257,500,g,False
8306,5,1,tbsp,False
8306,6,1,pinch,False
8306,7,1,pinch,False
8306,11,1,piece,False
8306,37,2,clove,False
8306,160,1,tbsp,True
8306,190,50,ml,True
8306,498,750,ml,False
8306,3257,300,g,False
9091,6,1,tsp,False
9091,29,2,piece,True
9091,128,2,tbsp,False
9091,177,50,ml,True
9091,300,80,ml,False
9091,441,200,g,False
9091,446,400,g,False
9091,448,30,g,True
9091,1009,200,g,False
9091,1172,150,g,True
9091,3244,1,tsp,True
9091,3265,2,tbsp,True
8295,6,1,pinch,False
8295,29,2,piece,False
8295,30,1,tbsp,False
8295,37,2,clove,False
8295,111,1,bunch,False
8295,407,1,pinch,False
8295,498,500,ml,False
8295,3248,200,g,False
9192,6,5,g,False
9192,29,2,piece,False
9192,80,360,ml,False
9192,128,25,g,False
9192,300,60,ml,False
9192,308,75,g,False
9192,1172,50,g,False
9192,1247,75,g,False
9192,2042,300,g,False
9192,3268,1,piece,False
9192,3281,75,g,False
9192,3627,50,g,True
8353,6,5,g,False
8353,29,1,piece,False
8353,80,300,ml,False
8353,128,20,g,False
8353,151,20,g,False
8353,177,10,ml,True
8353,300,50,ml,False
8353,308,20,g,False
8353,446,250,g,False
8353,448,15,g,True
8353,3244,5,g,True
8353,3262,1,piece,False
8353,3296,50,g,False
8353,3297,15,g,False
8893,6,1,pinch,False
8893,29,2,piece,False
8893,102,150,g,False
8893,128,1,tsp,False
8893,165,50,g,True
8893,177,1,tbsp,False
8893,239,200,g,False
8893,272,1,tbsp,False
8893,300,1,tbsp,False
8893,308,50,g,False
8893,314,30,g,True
8893,499,30,g,True
8893,3229,50,g,False
8893,3499,1,piece,False
5251,25,2,tbsp,False
5251,80,500,ml,False
5251,191,150,g,False
5251,255,500,g,False
5251,344,2,piece,False
5251,574,100,g,False
5251,578,100,g,False
5251,623,4,piece,False
5251,833,100,g,False
5251,2319,250,g,False
5079,121,120,ml,False
5079,190,480,ml,False
5079,312,1,tsp,True
5079,332,400,ml,False
5079,777,200,g,False
4607,5,3,tbsp,False
4607,6,1,tsp,False
4607,7,1,tsp,False
4607,37,4,clove,False
4607,38,1,bunch,False
4607,39,120,ml,False
4607,58,1,tsp,False
4607,59,2,tsp,False
4607,144,1,tsp,False
4607,204,1,kg,False
4597,5,2,tbsp,False
4597,6,1,tsp,False
4597,7,1,tsp,False
4597,11,0.25,piece,True
4597,34,0.5,piece,True
4597,37,2,clove,False
4597,38,1,bunch,True
4597,58,1,tsp,False
4597,59,1,tsp,False
4597,72,0.5,cup,True
4597,121,1,piece,False
4597,141,2,tbsp,True
4597,204,250,g,False
4597,235,1,piece,False
4597,240,2,tbsp,True
4597,520,0.5,cup,True
4632,5,3,tbsp,False
4632,6,1,tsp,False
4632,7,1,tsp,False
4632,37,3,clove,False
4632,39,60,ml,False
4632,59,1,tsp,False
4632,80,2,cup,False
4632,96,1,sprig,True
4632,121,1,piece,True
4632,144,1,tsp,False
4632,202,500,g,False
4632,235,4,piece,False
4632,325,1,cup,False
4632,527,1,can,False
4614,6,1,tsp,False
4614,7,1,tsp,False
4614,11,1,piece,False
4614,30,2,tbsp,False
4614,37,3,clove,False
4614,38,1,bunch,True
4614,59,1,tsp,False
4614,115,500,ml,False
4614,144,1,tsp,False
4614,376,4,piece,False
4614,2268,900,g,False
4638,5,2,tbsp,False
4638,6,1,pinch,False
4638,7,1,pinch,False
4638,10,2,piece,False
4638,11,1,piece,False
4638,37,2,clove,False
4638,38,1,bunch,False
4638,60,1,piece,False
4638,176,500,g,False
4638,2261,300,g,False
4613,5,2,tbsp,False
4613,6,1,pinch,False
4613,7,1,pinch,False
4613,11,1,piece,False
4613,28,1,tsp,False
4613,37,2,clove,False
4613,38,1,bunch,False
4613,59,1,tsp,False
4613,115,500,ml,False
4613,139,500,g,False
4613,142,400,g,False
4613,176,600,g,False
4639,6,1,pinch,False
4639,7,1,pinch,False
4639,11,1,piece,False
4639,30,2,tbsp,False
4639,224,500,g,False
4639,2242,3,piece,False
4610,6,1,pinch,False
4610,7,1,pinch,False
4610,11,1,piece,False
4610,30,2,tbsp,False
4610,37,3,clove,False
4610,58,1,tsp,False
4610,59,1,tsp,False
4610,78,1,kg,False
4610,80,2,cup,False
4610,144,1,tsp,False
4610,307,200,ml,False
9695,5,3,tbsp,False
9695,6,1,tsp,False
9695,7,1,tsp,False
9695,10,2,piece,False
9695,11,1,piece,False
9695,28,1,tsp,False
9695,37,3,clove,False
9695,80,500,ml,False
9695,96,1,bunch,False
9695,139,500,g,False
9695,221,2,leaf,False
9695,231,150,ml,False
9695,1107,1,pinch,False
9695,1174,800,g,False
9668,5,2,tbsp,False
9668,6,1,tsp,False
9668,7,1,tsp,False
9668,10,2,piece,False
9668,11,1,piece,False
9668,28,1,tsp,False
9668,37,3,clove,False
9668,38,1,bunch,False
9668,121,1,piece,True
9668,451,1,l,False
9668,1174,500,g,False
10161,5,2,tbsp,False
10161,6,1,pinch,False
10161,7,1,pinch,False
10161,37,2,clove,False
10161,139,500,g,False
10161,257,1,l,False
10161,554,150,g,False
10161,2255,150,g,False
9897,5,3,tbsp,False
9897,6,1,pinch,False
9897,7,1,pinch,False
9897,11,1,piece,False
9897,28,1,tsp,False
9897,37,3,clove,False
9897,38,1,bunch,False
9897,126,2,tbsp,False
9897,231,100,ml,False
9897,257,500,ml,False
9897,286,0.5,tsp,True
9897,1006,1,kg,False
9962,29,4,piece,False
9962,128,150,g,False
9962,312,1,tsp,False
9962,332,395,ml,False
9962,531,2,piece,False
9962,540,370,ml,False
9962,896,240,ml,False
9977,128,100,g,False
9977,845,1,sprig,True
9977,880,2,piece,False
10153,5,100,ml,False
10153,6,1,pinch,False
10153,26,200,g,False
10153,29,3,piece,False
10153,95,2,tbsp,True
10153,128,150,g,False
10153,258,10,g,False
10153,541,10,g,True
10153,3778,100,g,False
9852,5,50,ml,False
9852,6,1,pinch,False
9852,7,1,pinch,False
9852,11,1,piece,False
9852,29,1,piece,False
9852,59,1,tsp,False
9852,96,1,bunch,False
9852,151,300,g,False
9852,1403,100,g,False
9601,5,2,tbsp,False
9601,6,1,tsp,False
9601,11,1,piece,False
9601,80,2,cup,False
9601,151,1,piece,False
9601,155,5,leaf,False
9601,252,1,tsp,False
9601,302,1,tsp,False
9601,524,1,piece,False
9601,644,1,tsp,False
9601,646,0.5,tsp,False
9601,1561,1,cup,False
9795,5,2,tbsp,False
9795,6,1,pinch,False
9795,7,1,pinch,False
9795,95,1,tbsp,False
9795,126,2,tbsp,False
9795,151,300,g,False
9795,155,15,g,False
5827,6,1,pinch,False
5827,26,200,g,False
5827,29,1,piece,False
5827,30,500,ml,False
5827,128,50,g,False
5827,258,10,g,False
5827,335,2,tsp,False
5827,992,500,g,False
5860,5,30,ml,False
5860,6,1,pinch,False
5860,26,250,g,False
5860,30,500,ml,False
5860,80,150,ml,False
5860,128,50,g,False
5860,258,5,g,False
5860,335,10,g,False
6139,6,1,tsp,False
6139,25,50,g,False
6139,26,250,g,False
6139,29,2,piece,False
6139,30,1000,ml,False
6139,64,125,ml,False
6139,128,100,g,False
6139,258,10,g,False
6139,335,2,tsp,False
6148,5,2,tbsp,False
6148,6,1,pinch,False
6148,26,250,g,False
6148,29,1,piece,False
6148,30,500,ml,False
6148,64,125,ml,False
6148,128,50,g,False
6148,258,10,g,False
6148,335,5,g,False
5529,5,4,tbsp,False
5529,6,1,tsp,False
5529,7,1,tsp,False
5529,37,6,clove,False
5529,96,1,bunch,False
5529,121,1,piece,False
5529,221,1,piece,False
5529,257,200,ml,False
5529,3691,1.5,kg,False
5528,5,50,ml,False
5528,6,1,tbsp,False
5528,7,2,tsp,False
5528,37,6,clove,False
5528,59,1,tsp,False
5528,101,1,tbsp,False
5528,3689,2,kg,False
5558,5,100,ml,False
5558,6,1,pinch,False
5558,7,1,pinch,False
5558,26,100,g,False
5558,29,1,piece,False
5558,53,100,g,False
5558,236,100,g,False
5558,284,2,slice,False
5558,1137,2,piece,False
5960,5,100,ml,False
5960,6,1,pinch,False
5960,26,100,g,False
5960,29,1,piece,False
5960,53,150,g,False
5960,55,2,slice,False
5960,66,1,pinch,False
5960,691,2,slice,False
5960,1125,2,piece,False
5729,5,2,tbsp,False
5729,6,1,pinch,False
5729,7,1,pinch,False
5729,10,2,piece,False
5729,11,1,piece,False
5729,37,2,clove,False
5729,96,1,tbsp,False
5729,236,100,g,False
5729,486,4,piece,False
5729,520,100,g,True
5729,1244,200,g,True
5376,6,1,pinch,False
5376,7,1,pinch,False
5376,26,150,g,False
5376,30,1,l,False
5376,168,1,piece,True
5376,2606,500,g,False
2239,30,1,tbsp,False
2239,37,3,clove,False
2239,59,1,tsp,False
2239,68,500,g,False
2239,213,2,piece,False
2239,302,10,g,False
2239,373,2,sprig,False
2239,507,1,piece,False
2239,524,5,piece,False
2239,783,400,ml,False
2239,1159,2,tbsp,False
2239,1435,2,leaf,False
2239,1436,1,tbsp,False
2239,1438,300,g,False
2239,1441,1,piece,False
2239,1442,1,piece,False
2239,1443,1,tsp,False
2239,1445,1,tsp,False
2239,1446,10,leaf,False
2235,30,2,tbsp,False
2235,107,500,g,False
2235,507,1,piece,False
2235,783,400,ml,False
2235,1159,2,tbsp,False
2235,1433,3,tbsp,False
2235,1434,100,g,False
2235,1435,3,leaf,False
2235,1436,1,tbsp,False
2235,1437,10,leaf,False
2235,1438,2,cup,False
2236,30,1,tbsp,False
2236,507,300,g,False
2236,783,400,ml,False
2236,1159,1.5,tbsp,False
2236,1433,2,tbsp,False
2236,1436,1,tbsp,False
2236,1437,10,leaf,False
2234,30,2,tbsp,False
2234,507,1,piece,False
2234,783,400,ml,False
2234,1159,2,tbsp,False
2234,1433,3,tbsp,False
2234,1435,3,leaf,False
2234,1436,1,tbsp,False
2234,1437,1,bunch,False
2234,1439,400,g,False
2233,30,2,tbsp,False
2233,367,400,g,False
2233,507,1,piece,False
2233,783,400,ml,False
2233,1159,2,tbsp,False
2233,1433,3,tbsp,False
2233,1435,4,leaf,False
2233,1436,1,tbsp,False
2233,1437,1,bunch,False
2233,1438,2,cup,False
2285,30,2,tbsp,False
2285,128,1,tsp,False
2285,183,400,g,False
2285,507,1,piece,False
2285,783,400,ml,False
2285,1159,2,tbsp,False
2285,1433,3,tbsp,False
2285,1435,2,leaf,True
2285,1437,1,bunch,False
3160,11,1,piece,False
3160,30,2,tbsp,False
3160,75,1,tbsp,False
3160,113,1,piece,False
3160,486,1,piece,False
3160,783,400,ml,False
3160,1159,1,tbsp,False
3160,1433,3,tbsp,False
3160,1434,100,g,False
3160,1437,1,bunch,False
3160,1438,2,cup,False
3160,1483,350,g,False
2845,6,1,pinch,False
2845,80,350,ml,False
2845,128,80,g,False
2845,769,20,g,False
2845,783,200,ml,False
2845,1589,100,g,False
2845,1748,50,ml,False
2972,37,4,clove,True
2972,174,6,piece,False
2972,302,1,piece,True
2972,1526,3,piece,True
2912,80,500,ml,False
2912,128,50,g,False
2912,842,4,piece,False
2912,845,1,sprig,True
2912,1756,500,g,False
6719,1,250,g,False
6719,6,1,tsp,False
6719,7,1,tsp,False
6719,11,1,piece,False
6719,50,250,g,False
6719,53,50,g,False
6719,59,1,tsp,False
6719,96,1,bunch,False
6719,2873,1,tbsp,False
7120,25,200,g,False
7120,80,400,ml,False
7120,126,2,tbsp,False
7120,128,400,g,False
7120,1319,100,g,False
7120,2944,500,g,False
6744,80,350,ml,False
6744,128,400,g,False
6744,997,500,g,False
6791,6,1,pinch,False
6791,25,100,g,False
6791,64,500,ml,False
6791,128,150,g,False
6791,335,1,tsp,True
6791,1260,150,g,False
6791,2166,10,g,True
7232,1,500,g,False
7232,6,1,tsp,False
7232,7,1,tsp,False
7232,11,1,piece,False
7232,25,50,g,False
7232,29,1,piece,False
7232,37,2,clove,False
7232,53,30,g,False
7232,96,10,g,False
7232,286,1,tsp,False
7232,307,300,ml,False
7232,2052,250,ml,False
7232,2876,4,slice,False
7232,3083,16,piece,False
7181,6,1,tsp,False
7181,25,100,g,False
7181,26,500,g,False
7181,29,1,piece,False
7181,64,300,ml,False
7181,95,100,ml,False
7181,128,50,g,False
7181,657,7,g,False
7014,6,1,tsp,False
7014,25,2,tbsp,False
7014,80,1.5,cup,False
7014,239,1,cup,False
7124,25,100,g,False
7124,80,200,ml,False
7124,128,200,g,False
7124,168,0.5,piece,False
7124,333,100,g,True
7124,1319,100,g,True
7124,2906,300,g,False
6337,5,3,tbsp,False
6337,6,1,tsp,False
6337,7,1,tsp,False
6337,28,1,tsp,False
6337,37,3,clove,False
6337,1099,4,piece,False
6888,5,3,tbsp,False
6888,6,1,tsp,False
6888,7,1,tsp,False
6888,28,1,tsp,False
6888,37,3,clove,False
6888,126,30,ml,False
6888,1099,4,piece,False
417,8,30,g,False
417,10,0.5,piece,False
417,29,3,piece,False
417,30,1,tbsp,False
417,34,0.25,piece,False
417,235,1,piece,False
417,240,2,tbsp,True
417,379,50,g,False
748,6,1,pinch,False
748,7,1,pinch,False
748,8,150,g,False
748,25,1,tbsp,False
748,29,8,piece,False
748,64,250,ml,False
748,101,1,tsp,False
748,210,1,piece,True
748,306,4,slice,False
748,379,200,g,False
609,5,2,tbsp,False
609,6,1,pinch,False
609,11,0.25,piece,True
609,29,3,piece,False
609,66,1,pinch,False
609,101,1,tsp,False
609,113,0.5,piece,True
609,179,1,piece,False
609,180,1.5,cup,False
609,279,1,tbsp,True
609,307,0.5,cup,False
609,522,100,g,True
686,6,1,pinch,False
686,14,1,slice,False
686,25,1,tbsp,False
686,29,1,piece,False
686,31,1,slice,False
686,66,1,pinch,False
686,715,1,piece,False
268,6,1,tsp,False
268,7,0.5,tsp,False
268,22,0.5,tsp,False
268,23,0.5,tsp,False
268,75,1,tbsp,False
268,122,500,g,False
268,156,0.25,tsp,True
268,197,0.5,tsp,False
268,388,1,tsp,False
416,5,1,tbsp,False
416,8,50,g,False
416,10,0.5,piece,False
416,11,0.5,piece,False
416,29,4,piece,False
416,38,4,leaf,False
416,113,0.5,piece,False
416,120,4,piece,False
416,141,2,tbsp,True
416,522,100,g,False
400,6,1,pinch,False
400,7,1,pinch,False
400,8,200,g,False
400,25,2,tbsp,False
400,26,2,tbsp,False
400,64,500,ml,False
400,314,250,g,False
400,442,300,g,False
801,6,1,pinch,False
801,7,1,pinch,True
801,8,200,g,False
801,11,1,piece,False
801,25,30,g,False
801,26,30,g,False
801,37,2,clove,False
801,64,500,ml,False
801,257,700,ml,False
801,314,500,g,False
292,6,1,pinch,False
292,7,1,pinch,False
292,25,4,tbsp,False
292,96,1,tbsp,True
292,168,1,piece,True
292,419,2,piece,False
828,6,1,pinch,False
828,25,120,g,False
828,26,95,g,False
828,29,2,piece,False
828,128,200,g,False
828,258,0.5,tsp,False
828,312,1,tsp,False
828,618,50,g,False
1712,6,1,pinch,False
1712,7,1,pinch,False
1712,25,1,tbsp,False
1712,29,3,piece,False
1712,236,50,g,False
1209,8,150,g,False
1209,29,1,piece,True
1209,144,1,tsp,True
1209,1031,1,piece,False
1175,6,1,pinch,False
1175,25,30,g,False
1175,26,30,g,False
1175,29,4,piece,False
1175,64,300,ml,False
1175,236,100,g,False
1920,128,100,g,False
1920,573,500,g,True
1920,806,500,g,False
1920,892,1,piece,True
1920,1241,50,ml,False
1809,6,1,pinch,False
1809,25,10,g,False
1809,26,100,g,False
1809,29,3,piece,False
1809,64,250,ml,False
1809,128,100,g,False
1809,312,1,tsp,False
1809,806,500,g,False
1803,27,2,tbsp,False
1803,126,1,tbsp,False
1803,128,100,g,False
1803,312,1,tsp,True
1803,806,500,g,False
1803,830,2,tbsp,True
1803,966,100,g,True
1803,1286,1,piece,False
1944,6,1,pinch,False
1944,64,200,ml,False
1944,128,150,g,False
1944,312,1,tsp,False
1944,997,500,g,False
1647,6,1,pinch,False
1647,64,250,ml,False
1647,128,100,g,False
1647,997,500,g,False
1158,5,1,tbsp,True
1158,6,1,pinch,False
1158,7,1,pinch,False
1158,11,1,piece,False
1158,25,30,g,False
1158,37,1,clove,False
1158,80,1,cup,False
1158,96,1,tbsp,True
1158,190,100,ml,False
1158,257,1,cup,False
1158,997,300,g,False
1255,6,1,tsp,False
1255,11,1,piece,False
1255,37,2,clove,False
1255,68,500,g,False
1255,90,2,piece,False
1255,96,1,sprig,False
1255,151,1,piece,False
1255,182,1,piece,False
1255,221,1,leaf,False
1255,336,10,piece,False
7579,5,2,tbsp,False
7579,6,1,pinch,False
7579,7,1,pinch,False
7579,11,1,piece,False
7579,68,500,g,False
7579,96,1,tbsp,True
7579,113,2,piece,False
7560,5,4,tbsp,False
7560,6,1,pinch,False
7560,7,1,pinch,False
7560,11,1,piece,False
7560,37,3,clove,False
7560,101,2,tsp,False
7560,125,1.5,kg,False
7560,139,1.2,kg,False
7560,231,100,ml,False
7572,5,2,tbsp,False
7572,6,1,pinch,False
7572,7,1,pinch,False
7572,37,3,clove,False
7572,68,4,piece,False
7572,341,200,g,False
7572,511,100,g,False
7575,5,2,tbsp,False
7575,6,1,pinch,False
7575,7,1,pinch,False
7575,37,2,clove,False
7575,68,4,piece,False
7575,279,5,leaf,False
7575,511,100,g,False
7575,512,100,g,False
7590,5,3,tbsp,False
7590,6,1,pinch,False
7590,7,1,pinch,False
7590,10,2,piece,False
7590,11,1,piece,False
7590,37,3,clove,False
7590,80,1,l,False
7590,125,1.2,kg,False
7590,3119,200,g,False
7411,5,3,tbsp,False
7411,6,1,pinch,False
7411,7,1,pinch,False
7411,10,2,piece,False
7411,33,0.5,piece,False
7411,96,10,g,False
7411,126,2,tbsp,False
7411,144,1,tsp,False
7411,308,1,piece,False
7411,511,100,g,False
7411,689,400,g,False
7411,3039,50,g,False
7295,5,2,tbsp,False
7295,6,1,pinch,False
7295,7,1,pinch,False
7295,11,1,piece,False
7295,37,2,clove,False
7295,59,1,tsp,False
7295,126,1,tbsp,True
7295,155,1,tsp,False
7295,341,200,g,False
7295,498,1,l,False
7295,689,400,g,False
7725,5,2,tbsp,False
7725,6,1,pinch,False
7725,7,1,pinch,False
7725,8,150,g,False
7725,11,1,piece,False
7725,37,2,clove,False
7725,96,1,tbsp,True
7725,101,1,tsp,False
7725,113,1,piece,False
7725,114,2,tbsp,False
7725,151,1,piece,False
7725,486,1,piece,False
7725,689,400,g,False
8097,25,100,g,True
8097,29,2,piece,True
8097,64,500,ml,True
8097,80,200,ml,False
8097,128,200,g,False
8097,335,1,tsp,True
8097,1260,250,g,True
8097,1319,50,g,True
8097,3160,5,g,False
7937,25,225,g,False
7937,80,240,ml,False
7937,95,120,ml,False
7937,126,30,ml,False
7937,128,150,g,False
7937,312,1,tsp,False
7937,333,150,g,False
7937,335,2,tsp,False
7937,618,3,tbsp,False
7937,1319,100,g,False
7937,2906,450,g,False
4040,6,1,pinch,False
4040,25,50,g,False
4040,26,250,g,False
4040,29,2,piece,False
4040,30,1,l,False
4040,128,50,g,False
4040,258,7,g,False
4040,541,100,g,False
4040,572,15,ml,True
4040,775,1,tbsp,False
3892,6,1,pinch,False
3892,25,50,g,False
3892,26,50,g,False
3892,41,150,g,False
3892,64,500,ml,False
3892,66,1,pinch,False
3892,191,50,g,False
3892,242,1,pinch,False
3892,994,1,piece,False
3515,5,2,tbsp,False
3515,6,1,pinch,False
3515,7,1,pinch,False
3515,11,1,piece,False
3515,37,2,clove,False
3515,96,1,bunch,False
3515,101,1,tsp,False
3515,190,100,ml,False
3515,191,50,g,False
3515,498,1,cup,False
3515,994,600,g,False
4052,26,250,g,False
4052,95,100,g,False
4052,128,150,g,False
4052,155,5,g,False
4052,223,100,ml,False
4052,258,5,g,False
4052,1304,100,g,False
4052,2146,10,g,False
3311,5,2,tbsp,False
3311,6,1,pinch,False
3311,7,1,pinch,False
3311,11,1,piece,False
3311,37,3,clove,False
3311,191,50,g,False
3311,232,400,g,False
3311,279,5,leaf,False
3311,318,1,tsp,False
3311,1994,400,g,False
3311,1995,250,g,False
3289,5,3,tbsp,False
3289,6,1,pinch,False
3289,7,1,pinch,False
3289,37,3,clove,False
3289,96,1,bunch,False
3289,134,1,tsp,True
3289,231,150,ml,False
3289,454,500,g,False
3289,487,150,g,True
3289,1971,400,g,False
3979,5,50,ml,False
3979,6,1,tsp,False
3979,7,1,tsp,False
3979,80,750,ml,False
3979,138,1,sprig,True
3979,1403,250,g,False
4100,6,1,pinch,False
4100,25,20,g,False
4100,26,100,g,False
4100,29,3,piece,False
4100,64,250,ml,False
4100,128,100,g,False
4100,312,1,tsp,False
4100,806,500,g,False
4109,6,1,pinch,False
4109,25,30,g,False
4109,26,50,g,False
4109,29,2,piece,False
4109,64,300,ml,False
4109,80,100,ml,False
4109,128,1,tbsp,False
4109,312,1,tsp,True
4109,2150,150,g,False
4106,128,80,g,False
4106,190,250,ml,False
4106,312,1,tsp,False
4106,997,300,g,False
8956,126,15,ml,False
8956,128,100,g,False
8956,893,10,g,False
8956,1416,500,ml,False
8852,128,15,g,False
8852,190,100,ml,False
8852,309,4,slice,False
8852,542,4,piece,False
8852,571,0.5,piece,False
8852,1318,1,piece,False
8585,128,1,tsp,False
8585,151,50,g,True
8585,177,3,tbsp,False
8585,272,2,tbsp,False
8585,1247,4,piece,True
8585,3215,500,ml,False
8585,3392,150,g,False
8605,80,1.5,l,False
8605,111,2,piece,False
8605,1247,100,g,False
8605,1484,200,g,False
8605,3222,10,g,False
8605,3227,15,g,False
8605,3320,150,g,True
8605,3400,100,g,False
8605,3401,100,ml,False
8605,3408,500,g,False
9150,80,500,ml,True
9150,111,1,piece,False
9150,1483,100,g,True
9150,3229,50,g,True
9150,3230,1,bunch,True
9150,3270,4,leaf,True
9150,3401,50,ml,False
9150,3444,20,g,True
9150,3605,200,g,False
9150,3606,50,g,True
8735,111,1,bunch,True
8735,1587,30,g,True
8735,3401,30,ml,True
8735,3443,150,g,False
8735,3444,10,g,True
9089,111,1,bunch,False
9089,177,2,tbsp,False
9089,239,300,g,False
9089,272,1,tbsp,False
9089,273,2,ml,False
9089,399,500,g,False
9089,3215,600,ml,False
9089,3237,1,tsp,True
8616,128,1,tbsp,False
8616,177,2,tbsp,False
8616,272,2,tbsp,False
8616,273,1,ml,False
8616,322,1,tbsp,True
8616,3215,300,ml,False
8616,3230,1,sprig,True
8616,3409,300,g,False
8746,6,10,g,False
8746,104,100,ml,True
8746,128,50,g,False
8746,177,100,ml,False
8746,272,50,ml,False
8746,302,10,g,False
8746,308,100,g,False
8746,507,100,g,False
8746,1587,200,g,False
8746,1862,150,g,False
8655,6,1,pinch,False
8655,26,100,g,False
8655,29,1,piece,False
8655,30,1,l,False
8655,66,1,pinch,False
8655,163,150,g,False
8655,168,1,piece,True
8655,172,100,g,False
8655,183,8,piece,False
8655,430,200,g,False
8655,507,100,g,False
8655,610,100,g,False
8655,3375,100,ml,False
4984,6,1,pinch,False
4984,7,1,pinch,False
4984,11,1,piece,False
4984,14,100,g,False
4984,37,3,clove,False
4984,38,1,bunch,False
4984,60,1,piece,True
4984,80,1,cup,False
4984,96,1,bunch,False
4984,120,4,piece,True
4984,121,1,piece,True
4984,147,150,g,False
4984,224,500,g,False
4330,6,1,tsp,False
4330,11,1,piece,False
4330,14,100,g,False
4330,30,2,tbsp,False
4330,37,3,clove,False
4330,38,10,leaf,False
4330,80,1.5,cup,False
4330,111,2,piece,False
4330,121,1,piece,False
4330,147,250,g,False
4330,221,1,piece,False
4330,224,500,g,False
4612,6,1,pinch,False
4612,7,1,pinch,False
4612,11,1,piece,False
4612,30,2,tbsp,False
4612,37,3,clove,False
4612,59,2,tsp,False
4612,113,1,piece,False
4612,115,500,ml,False
4612,144,1,tsp,False
4612,221,1,piece,False
4612,229,1,kg,False
4612,307,400,ml,False
4644,5,2,tbsp,False
4644,6,1,pinch,False
4644,7,1,pinch,False
4644,10,2,piece,False
4644,11,1,piece,False
4644,37,2,clove,False
4644,38,1,bunch,True
4644,650,1,l,False
4644,1812,500,g,False
4644,2220,1,piece,True
4706,6,1,tbsp,False
4706,11,1,piece,True
4706,30,100,ml,False
4706,37,1,clove,False
4706,38,1,bunch,True
4706,80,2,cup,False
4706,120,8,piece,True
4706,121,1,piece,True
4706,221,1,piece,False
4706,240,100,ml,True
4706,336,1,tbsp,False
4706,2251,1,kg,False
4654,6,1,tbsp,False
4654,11,1,piece,False
4654,37,3,clove,False
4654,38,1,bunch,True
4654,61,1.5,kg,False
4654,80,500,ml,False
4654,120,8,piece,True
4654,121,1,piece,True
4654,221,1,piece,False
4654,317,250,ml,False
4654,319,1,piece,False
4654,344,1,piece,False
4654,385,100,g,False
4705,6,1,tsp,False
4705,7,1,tsp,False
4705,11,1,piece,False
4705,30,3,tbsp,False
4705,37,3,clove,False
4705,38,0.25,bunch,False
4705,39,0.25,cup,False
4705,61,1.5,kg,False
4705,120,8,piece,False
4705,121,1,piece,False
4705,144,1,tsp,False
4705,221,2,leaf,False
4705,240,0.5,cup,True
4705,257,1,cup,False
4705,317,0.5,cup,False
4705,2294,1,piece,True
5214,6,1,pinch,False
5214,7,1,pinch,False
5214,25,30,g,False
5214,30,50,ml,False
5214,120,20,piece,False
5214,139,500,g,False
5214,381,50,ml,True
5214,527,400,g,False
5214,981,100,ml,True
5214,2392,200,g,True
5214,2554,150,g,True
5218,6,1,pinch,False
5218,38,1,bunch,True
5218,80,200,ml,False
5218,121,1,piece,True
5218,236,100,g,True
5218,240,100,ml,True
5218,384,250,g,False
5218,527,100,g,True
5218,2282,150,g,False
5219,2,100,g,True
5219,6,1,pinch,False
5219,11,1,piece,False
5219,38,5,leaf,False
5219,80,150,ml,False
5219,121,1,piece,True
5219,236,150,g,False
5219,384,200,g,False
5219,981,100,ml,True
5219,2228,50,g,True
5219,2259,50,ml,True
5219,2263,50,g,True
9653,5,2,tbsp,False
9653,6,1,pinch,False
9653,7,1,pinch,False
9653,11,1,piece,False
9653,37,2,clove,False
9653,151,500,g,False
9653,155,1,bunch,False
9653,498,1,l,False
9694,5,2,tbsp,False
9694,6,1,pinch,False
9694,7,1,pinch,False
9694,10,400,g,False
9694,11,1,piece,False
9694,37,3,clove,False
9694,51,2,tsp,False
9694,61,500,g,False
9694,96,1,bunch,False
9694,211,1,piece,False
9694,221,1,piece,False
9694,231,150,ml,False
9694,2255,150,g,False
10085,5,2,tbsp,False
10085,6,1,pinch,False
10085,7,1,pinch,False
10085,11,1,piece,False
10085,37,2,clove,False
10085,96,1,sprig,True
10085,498,750,ml,False
10085,994,500,g,False
9923,6,1,pinch,False
9923,25,125,g,False
9923,26,300,g,False
9923,29,1,piece,False
9923,64,50,ml,False
9923,128,100,g,False
9923,531,2,piece,False
9674,6,1,pinch,False
9674,7,1,pinch,False
9674,11,1,piece,False
9674,25,30,g,False
9674,139,200,g,False
9674,190,100,ml,False
9674,498,1,l,False
9674,1013,500,g,False
9797,5,3,tbsp,False
9797,6,1,pinch,False
9797,7,1,pinch,False
9797,95,1,tbsp,False
9797,96,1,bunch,False
9797,126,2,tbsp,False
9797,182,3,piece,False
9797,643,2,piece,False
9662,5,2,tbsp,False
9662,6,1,pinch,False
9662,11,1,piece,False
9662,37,2,clove,False
9662,66,1,pinch,False
9662,96,1,sprig,True
9662,182,300,g,False
9662,498,1,l,False
9662,643,2,piece,False
9753,1,250,g,False
9753,5,3,tbsp,False
9753,6,1,pinch,False
9753,7,1,pinch,False
9753,11,1,piece,False
9753,26,2,cup,False
9753,30,500,ml,False
9753,37,2,clove,False
9753,58,0.5,tsp,False
9753,59,1,tsp,False
9753,139,1,piece,False
9753,331,0.5,tsp,False
9753,650,0.75,cup,False
9753,1108,1,tsp,False
10163,5,3,tbsp,False
10163,6,1,pinch,False
10163,7,1,pinch,False
10163,11,1,piece,False
10163,37,6,clove,False
10163,80,250,ml,True
10163,87,1,tsp,False
10163,221,2,leaf,False
10163,223,500,ml,False
10163,2074,1.5,kg,False
10125,6,1,pinch,False
10125,7,1,pinch,False
10125,8,1,cup,False
10125,29,1,piece,False
10125,53,2,cup,False
10125,64,0.25,cup,False
10125,96,2,tbsp,False
5532,5,4,tbsp,False
5532,6,1,pinch,False
5532,7,1,pinch,False
5532,10,2,piece,False
5532,11,1,piece,False
5532,28,2,tsp,False
5532,37,4,clove,False
5532,96,1,bunch,True
5532,139,2,piece,False
5532,151,2,piece,False
5532,197,1,sprig,False
5532,210,1,piece,False
5532,221,1,piece,False
5532,231,150,ml,False
5532,1121,1,l,False
5532,3691,1.5,kg,False
5327,6,1,tsp,False
5327,7,1,tsp,False
5327,10,2,piece,False
5327,11,1,piece,False
5327,30,3,tbsp,False
5327,37,3,clove,False
5327,96,1,bunch,False
5327,101,1,tsp,False
5327,113,1,piece,False
5327,114,2,tbsp,False
5327,115,500,ml,False
5327,139,2,piece,False
5327,151,2,piece,False
5327,221,2,leaf,False
5327,223,200,ml,False
5327,872,100,g,False
5327,3691,1,kg,False
5525,5,3,tbsp,False
5525,6,1,pinch,False
5525,7,1,pinch,False
5525,10,3,piece,False
5525,11,1,piece,False
5525,37,3,clove,False
5525,96,1,bunch,True
5525,101,1,tsp,False
5525,113,1,piece,False
5525,114,2,tbsp,False
5525,139,3,piece,False
5525,221,1,piece,False
5525,223,250,ml,False
5525,1146,500,ml,False
5525,1153,1,kg,False
5323,5,3,tbsp,False
5323,6,1,pinch,False
5323,10,3,piece,False
5323,11,1,piece,False
5323,28,2,tsp,False
5323,37,3,clove,False
5323,66,1,pinch,False
5323,80,500,ml,False
5323,96,1,bunch,True
5323,105,1,kg,False
5323,139,2,piece,False
5323,221,1,piece,False
5323,231,150,ml,False
5323,656,1,piece,False
5325,5,3,tbsp,False
5325,6,1,pinch,False
5325,7,1,pinch,False
5325,10,2,piece,False
5325,11,1,piece,False
5325,37,3,clove,False
5325,51,2,tsp,False
5325,80,1.5,l,False
5325,96,1,bunch,False
5325,139,300,g,False
5325,211,1,piece,False
5325,216,1,piece,False
5325,221,1,piece,False
6107,5,3,tbsp,False
6107,6,1,pinch,False
6107,7,1,pinch,False
6107,10,2,piece,False
6107,11,1,piece,False
6107,37,3,clove,False
6107,96,1,bunch,False
6107,139,2,piece,False
6107,216,1.5,kg,False
6107,231,150,ml,False
6107,656,1,piece,False
6107,1107,1,pinch,False
6107,1173,1,l,False
5331,5,3,tbsp,False
5331,6,1,pinch,False
5331,10,400,g,False
5331,11,1,piece,False
5331,37,3,clove,False
5331,51,2,tsp,False
5331,66,1,pinch,False
5331,96,2,tbsp,False
5331,105,1,kg,False
5331,139,2,piece,False
5331,210,1,piece,False
5331,221,1,piece,False
5331,223,200,ml,False
5331,1146,500,ml,False
6038,5,3,tbsp,False
6038,6,1,pinch,False
6038,10,2,piece,False
6038,11,1,piece,False
6038,37,3,clove,False
6038,51,2,tsp,False
6038,66,1,pinch,False
6038,80,500,ml,False
6038,96,1,bunch,False
6038,101,1,tsp,False
6038,105,800,g,False
6038,139,2,piece,False
6038,151,2,piece,False
6038,211,1,piece,False
6038,221,1,piece,False
6038,223,200,ml,False
6074,5,3,tbsp,False
6074,6,1,pinch,False
6074,10,2,piece,False
6074,11,1,piece,False
6074,37,4,clove,False
6074,80,2,l,False
6074,96,1,bunch,False
6074,239,300,g,False
6074,1107,1,pinch,False
6074,1177,300,g,False
6074,1181,500,g,False
6074,1195,200,g,False
5347,6,1,tsp,False
5347,7,0.5,tsp,False
5347,10,1,piece,False
5347,11,1,piece,False
5347,37,3,clove,False
5347,80,3,l,False
5347,121,1,piece,True
5347,139,2,piece,False
5347,151,2,piece,False
5347,155,1,bunch,False
5347,221,1,leaf,False
5347,450,2,piece,False
5347,569,1,kg,False
5347,2240,1,piece,True
3026,37,1,tbsp,True
3026,121,0.5,piece,True
3026,177,1,tbsp,False
3026,286,1,tsp,True
3026,320,1,tbsp,True
3026,345,1,tsp,False
3026,385,1,tsp,True
3026,407,1,pinch,False
3026,577,1,tsp,False
3026,1482,100,g,False
3026,1504,150,g,False
3026,1520,50,g,True
3073,29,2,piece,False
3073,30,2,tbsp,False
3073,37,3,clove,False
3073,68,150,g,False
3073,111,1,bunch,False
3073,128,1,tsp,False
3073,177,2,tbsp,False
3073,299,1,tbsp,False
3073,407,1,tsp,False
3073,1437,10,leaf,False
3073,1504,200,g,False
2529,30,2,tbsp,False
2529,37,3,clove,False
2529,68,150,g,False
2529,111,2,piece,False
2529,128,1,tsp,False
2529,177,1,tbsp,False
2529,299,1.5,tbsp,False
2529,407,1,pinch,False
2529,1505,50,g,False
2529,1508,200,g,False
3139,37,2,clove,False
3139,80,2,cup,False
3139,111,1,bunch,True
3139,128,1,tsp,False
3139,1507,2,tbsp,False
3139,1508,200,g,False
3071,37,3,clove,False
3071,38,1,bunch,True
3071,80,2,cup,False
3071,90,500,g,False
3071,111,2,piece,True
3071,121,1,piece,True
3071,128,1,pinch,False
3071,213,2,piece,False
3071,286,1,tsp,True
3071,407,1,tsp,False
3071,686,1,piece,True
3071,1159,3,tbsp,False
3071,1504,200,g,False
3197,37,1,tbsp,True
3197,38,1,bunch,False
3197,111,2,piece,False
3197,121,1,piece,False
3197,128,1,tsp,False
3197,177,1,tbsp,False
3197,286,1,tsp,True
3197,363,1,l,False
3197,367,200,g,False
3197,407,1,tsp,False
3197,1159,3,tbsp,False
3197,1439,100,g,True
3197,1466,1,piece,True
3197,1602,150,g,False
3197,1926,100,g,True
2683,6,1,pinch,False
2683,37,1,clove,True
2683,39,3,tbsp,True
2683,80,2,cup,False
2683,128,1,pinch,True
2683,686,1,piece,True
2683,1159,2,tbsp,True
2683,1683,500,g,False
2372,30,2,tbsp,False
2372,37,3,clove,False
2372,38,1,bunch,True
2372,80,50,ml,False
2372,213,1,piece,False
2372,399,500,g,False
2372,1159,1.5,tbsp,False
2372,1531,2,tbsp,False
2371,30,2,tbsp,False
2371,37,3,clove,False
2371,38,1,bunch,False
2371,80,50,ml,False
2371,128,1,tsp,False
2371,399,500,g,False
2371,1159,2,tbsp,False
2371,1192,2,piece,False
3072,30,2,tbsp,False
3072,37,3,clove,False
3072,38,1,bunch,False
3072,121,1,piece,True
3072,122,150,g,False
3072,128,1,tsp,False
3072,454,1,kg,False
3072,686,2,piece,False
3072,1159,2,tbsp,False
3072,1494,100,g,False
6403,6,1,tsp,False
6403,7,1,tsp,False
6403,11,1,piece,False
6403,25,20,g,False
6403,80,1,l,False
6403,126,2,tbsp,False
6403,239,30,g,False
6403,531,1,piece,False
6403,845,1,tbsp,True
6403,1099,1,piece,False
6403,2893,50,g,False
7039,5,1,tbsp,False
7039,6,1,tsp,False
7039,7,1,pinch,False
7039,37,2,clove,False
7039,308,1,piece,False
7039,328,2,cup,False
7039,2890,1,tsp,False
6815,5,3,tbsp,False
6815,6,1,tbsp,False
6815,7,1,tsp,False
6815,10,3,piece,True
6815,11,2,piece,False
6815,656,3,piece,True
6815,659,6,piece,True
6815,1153,1.5,kg,False
7072,5,2,tbsp,False
7072,6,1,tsp,False
7072,7,0.5,tsp,False
7072,28,1,tsp,False
7072,59,1,tsp,False
7072,73,0.25,tsp,False
7072,95,1,tbsp,False
7072,96,2,tbsp,False
7072,335,0.5,tsp,False
7072,775,1,tbsp,False
7072,1321,300,g,False
7206,25,100,g,False
7206,80,300,ml,False
7206,128,300,g,False
7206,236,250,g,False
7206,1260,200,g,False
6779,6,200,g,False
6779,7,10,g,False
6779,28,50,g,False
6779,37,20,clove,False
6779,80,100,ml,False
6779,134,30,g,False
6779,176,2,kg,False
6779,2996,50,g,False
6740,6,5,g,False
6740,25,75,g,False
6740,26,500,g,False
6740,29,1,piece,False
6740,30,50,ml,False
6740,128,100,g,False
6740,335,2,tsp,False
6740,650,200,ml,False
6740,657,10,g,False
6740,2958,100,g,False
6445,5,15,ml,False
6445,6,1,pinch,False
6445,25,20,g,False
6445,80,400,ml,False
6445,151,150,g,False
6445,239,200,g,False
7076,5,1,tbsp,True
7076,6,1,pinch,False
7076,37,1,clove,False
7076,151,2,piece,False
7076,328,200,g,False
7076,2890,1,pinch,True
7044,6,1,pinch,False
7044,7,1,pinch,False
7044,37,1,clove,False
7044,151,2,piece,False
7044,328,200,g,False
7044,2890,1,pinch,True
858,6,1,pinch,False
858,26,120,g,False
858,29,2,piece,False
858,74,115,g,False
858,128,200,g,False
858,258,1,tsp,False
858,312,1,tsp,False
858,573,400,g,False
858,618,30,g,False
858,734,30,g,True
858,761,1,piece,True
858,779,100,g,True
858,803,60,ml,False
858,814,60,ml,True
890,25,0.5,cup,False
890,54,1,cup,False
890,312,1,tsp,False
890,539,2,tbsp,False
890,541,3,cup,False
890,798,2,cup,False
174,8,200,g,False
174,68,300,g,False
174,150,100,g,True
174,151,1,piece,True
174,159,225,g,False
174,182,2,piece,True
174,268,120,ml,False
174,269,120,ml,False
1028,6,1,pinch,True
1028,7,1,pinch,True
1028,8,2,cup,False
1028,25,3,tbsp,False
1028,26,3,tbsp,False
1028,64,3,cup,False
1028,68,2,piece,False
1028,159,120,g,False
1028,161,250,g,False
1028,184,0.5,cup,False
1028,269,0.5,cup,False
606,33,0.25,piece,True
606,96,1,bunch,True
606,179,1,piece,False
606,180,150,g,False
606,182,50,g,True
606,269,50,ml,False
606,282,200,g,False
606,658,100,ml,False
169,6,1,pinch,False
169,7,1,pinch,False
169,25,50,g,False
169,90,1,kg,False
169,182,2,piece,True
169,184,100,ml,False
169,266,100,ml,True
683,8,30,g,True
683,9,50,g,False
683,10,40,g,False
683,180,30,g,True
683,182,20,g,False
683,235,1,piece,False
683,266,30,ml,True
683,269,30,ml,True
683,658,60,ml,False
683,2304,150,g,False
968,6,1,pinch,False
968,22,0.5,tsp,False
968,25,60,g,False
968,73,1,tsp,False
968,124,5,ml,False
968,184,120,ml,False
968,364,15,ml,False
61,6,1,tbsp,False
61,7,1,tbsp,False
61,12,2,slice,True
61,16,1,cup,False
61,22,1,tsp,False
61,23,1,tsp,False
61,28,1,tbsp,False
61,73,0.5,tsp,False
61,75,0.25,cup,False
61,79,1,tbsp,False
61,109,1.5,kg,False
61,110,2,tbsp,False
61,111,1,bunch,True
462,1,200,g,False
462,5,1,tbsp,False
462,6,1,pinch,False
462,7,1,pinch,False
462,9,50,g,False
462,10,1,piece,False
462,11,0.5,piece,False
462,28,1,tsp,False
462,34,0.5,piece,False
462,37,1,clove,False
462,38,5,g,False
462,58,1,tsp,False
462,59,1,tsp,False
462,72,100,g,False
462,121,0.5,piece,True
462,141,2,tbsp,True
462,236,50,g,False
462,239,150,g,False
462,538,50,g,False
2226,6,1,pinch,False
2226,11,1,piece,False
2226,25,50,g,False
2226,26,50,g,False
2226,80,2,cup,False
2226,96,1,bunch,False
2226,125,1.5,kg,False
2226,151,1,piece,False
2226,182,1,piece,False
2226,190,150,ml,False
2226,197,1,sprig,False
2226,407,1,pinch,False
2226,531,2,piece,False
2226,623,2,piece,False
1383,2,150,g,True
1383,5,2,tbsp,False
1383,6,1,pinch,False
1383,7,1,pinch,False
1383,11,1,piece,False
1383,26,2,tbsp,False
1383,37,2,clove,False
1383,68,500,g,False
1383,87,1,tsp,False
1383,96,1,bunch,True
1383,139,300,g,False
1383,151,2,piece,False
1383,182,2,piece,False
1383,257,500,ml,False
1328,5,2,tbsp,False
1328,6,1,pinch,False
1328,11,1,piece,False
1328,25,30,g,False
1328,26,2,tbsp,False
1328,37,2,clove,False
1328,66,1,pinch,False
1328,96,2,tbsp,False
1328,125,1.5,kg,False
1328,151,1,piece,False
1328,182,1,piece,False
1328,190,100,ml,False
1328,197,2,sprig,False
1328,221,1,piece,False
1328,231,125,ml,False
1328,257,500,ml,False
1242,6,1,tsp,False
1242,7,0.5,tsp,False
1242,29,1,piece,False
1242,53,50,g,False
1242,68,1,piece,False
1242,90,2,piece,False
1242,96,1,tbsp,False
1242,122,200,g,False
1242,197,1,tsp,False
1242,257,500,ml,False
1242,282,200,g,False
1242,342,1,piece,False
1242,1042,1,piece,False
1242,1043,1,piece,False
1370,5,500,ml,True
1370,6,20,g,False
1370,7,1,tsp,False
1370,37,4,clove,False
1370,130,4,piece,False
1370,197,3,sprig,True
1370,221,1,leaf,True
1370,1008,500,g,True
1183,5,2,tbsp,False
1183,6,1,pinch,False
1183,7,1,pinch,False
1183,11,1,piece,False
1183,37,2,clove,False
1183,87,1,tsp,False
1183,190,100,ml,False
1183,1003,60,ml,False
1183,1014,500,g,False
1327,2,150,g,False
1327,5,2,tbsp,False
1327,6,1,pinch,False
1327,37,2,clove,False
1327,66,1,pinch,False
1327,96,1,bunch,True
1327,102,4,piece,False
1327,142,400,g,False
1327,197,1,sprig,False
1327,213,1,piece,False
1327,221,1,piece,False
1327,231,100,ml,False
1327,257,150,ml,False
1326,2,200,g,False
1326,5,2,tbsp,False
1326,6,1,pinch,False
1326,7,1,pinch,False
1326,11,1,piece,False
1326,37,2,clove,False
1326,68,4,piece,False
1326,96,1,tbsp,False
1326,190,100,ml,False
1326,231,100,ml,False
1326,257,150,ml,False
1388,5,2,tbsp,False
1388,6,1,pinch,False
1388,25,30,g,False
1388,66,1,pinch,False
1388,68,4,piece,False
1388,190,100,ml,False
1388,213,1,piece,False
1388,231,100,ml,False
1388,257,200,ml,False
1321,6,1,pinch,False
1321,7,1,pinch,False
1321,25,30,g,False
1321,96,1,bunch,False
1321,102,6,piece,False
1321,190,150,ml,False
1321,213,1,piece,False
1321,643,1,piece,False
1321,1079,250,ml,False
7951,5,100,ml,False
7951,6,1,pinch,False
7951,25,50,g,False
7951,26,200,g,False
7951,29,3,piece,False
7951,128,150,g,False
7951,190,100,ml,False
7951,258,1,tsp,False
7951,312,1,tsp,False
7951,618,50,g,False
7951,619,0.5,tsp,False
7951,682,125,ml,False
7951,799,100,g,False
7976,25,250,g,False
7976,26,300,g,False
7976,303,100,g,False
7976,312,1,tsp,False
7976,541,150,g,False
7976,799,100,g,False
7976,832,100,g,False
7985,190,150,ml,False
7985,618,1,tsp,True
7985,682,200,g,False
7985,799,150,g,False
8199,25,200,g,False
8199,80,250,ml,False
8199,95,150,ml,False
8199,126,30,ml,False
8199,128,300,g,False
8199,242,1,tsp,False
8199,303,100,g,False
8199,319,1,piece,False
8199,333,150,g,False
8199,335,2,tsp,False
8199,344,1,piece,False
8199,623,1,tsp,False
8199,1319,150,g,False
8199,2906,500,g,False
8197,25,150,g,False
8197,29,3,piece,False
8197,64,1,l,False
8197,80,250,ml,False
8197,126,30,ml,False
8197,128,250,g,False
8197,312,1,tsp,False
8197,344,1,piece,False
8197,1260,100,g,False
8197,3060,12,piece,False
8195,5,2,tbsp,False
8195,6,1,tbsp,False
8195,7,1,tsp,False
8195,37,4,clove,False
8195,87,1,tsp,False
8195,354,1.5,kg,False
7851,6,1,tsp,False
7851,26,500,g,False
7851,29,2,piece,False
7851,64,150,ml,False
7851,74,100,g,False
7851,128,100,g,False
7851,319,1,tbsp,False
7851,333,100,g,False
7851,335,2,tsp,False
7851,574,100,g,False
7851,623,1,tsp,False
7851,650,150,ml,False
7851,657,7,g,False
7369,5,3,tbsp,False
7369,6,1,pinch,False
7369,7,1,pinch,False
7369,11,1,piece,False
7369,37,3,clove,False
7369,96,1,bunch,False
7369,101,1,tsp,False
7369,114,2,tbsp,False
7369,223,500,ml,False
7369,1218,1,kg,False
7647,5,3,tbsp,False
7647,6,1,pinch,False
7647,7,1,pinch,False
7647,10,400,g,False
7647,11,1,piece,False
7647,37,2,clove,False
7647,96,1,bunch,False
7647,101,1,tsp,False
7647,223,100,ml,True
7647,1218,500,g,False
7647,2818,250,g,False
7370,5,3,tbsp,False
7370,6,1,pinch,False
7370,10,400,g,False
7370,11,1,piece,False
7370,37,3,clove,False
7370,66,1,pinch,False
7370,96,1,bunch,False
7370,101,1,tsp,False
7370,114,2,tbsp,False
7370,442,400,g,False
7370,1218,600,g,False
4036,6,1,pinch,False
4036,25,30,g,False
4036,26,250,g,False
4036,30,1,l,False
4036,128,50,g,False
4036,231,60,ml,False
4036,531,3,piece,False
4036,541,30,g,False
4036,775,1,piece,False
3567,2,200,g,False
3567,5,3,tbsp,False
3567,6,1,pinch,False
3567,7,1,pinch,False
3567,11,1,piece,False
3567,37,3,clove,False
3567,87,1,tsp,False
3567,96,2,tbsp,False
3567,101,1,tsp,False
3567,113,1,piece,False
3567,114,2,tbsp,False
3567,125,1.2,kg,False
3567,223,150,ml,False
3567,232,400,g,False
3575,5,60,ml,False
3575,6,1,pinch,False
3575,7,1,pinch,False
3575,26,100,g,False
3575,29,1,piece,False
3575,53,100,g,False
3575,68,2,piece,False
3575,80,15,ml,False
3575,96,1,sprig,True
3575,168,1,piece,True
3575,191,50,g,False
3568,5,3,tbsp,False
3568,6,1,pinch,False
3568,7,1,pinch,False
3568,26,0.5,cup,False
3568,29,2,piece,False
3568,53,1,cup,False
3568,68,4,piece,False
3568,180,200,g,False
3568,191,0.25,cup,False
3568,279,1,tbsp,True
3568,307,1,cup,False
3577,5,2,tbsp,False
3577,6,1,pinch,False
3577,7,1,pinch,False
3577,25,2,tbsp,False
3577,68,2,piece,False
3577,231,100,ml,False
3577,248,4,slice,False
3577,388,2,leaf,False
3645,5,2,tbsp,False
3645,6,1,tsp,False
3645,7,1,tsp,False
3645,125,1,piece,False
3645,138,1,tbsp,False
3645,168,1,piece,False
3576,5,3,tbsp,False
3576,6,1,tsp,False
3576,7,1,tsp,False
3576,37,3,clove,False
3576,96,1,tbsp,True
3576,102,4,piece,False
3576,138,1,tbsp,False
3576,168,1,piece,False
3576,197,1,tbsp,False
3585,5,3,tbsp,False
3585,6,1,pinch,False
3585,7,1,pinch,False
3585,11,1,piece,False
3585,37,2,clove,False
3585,96,2,tbsp,False
3585,102,4,piece,False
3585,231,150,ml,False
3585,257,200,ml,False
3585,280,2,tbsp,False
3585,872,100,g,False
3571,5,2,tbsp,False
3571,6,1,pinch,False
3571,7,1,pinch,False
3571,11,1,piece,False
3571,37,2,clove,False
3571,68,500,g,False
3571,96,1,bunch,False
3571,113,2,piece,False
3571,114,2,tbsp,False
3571,257,100,ml,False
3812,6,1,tsp,False
3812,7,1,tsp,False
3812,30,500,ml,False
3812,80,750,ml,False
3812,96,10,g,False
3812,1403,250,g,False
9050,6,1,tsp,False
9050,128,1,tsp,False
9050,274,3,tbsp,False
9050,3223,2,tbsp,True
9050,3262,1,piece,False
8469,80,2.25,cup,False
8469,239,1.5,cup,False
8469,3361,2,tbsp,False
8331,6,5,g,False
8331,128,30,g,False
8331,151,1,piece,False
8331,177,30,ml,True
8331,300,60,ml,False
8331,308,1,piece,False
8331,448,20,g,True
8331,1247,50,g,False
8331,2042,300,g,False
8331,3244,5,g,True
8331,3266,1,piece,False
8331,3280,1,slice,False
8331,3281,50,g,False
9222,6,1,pinch,True
9222,102,300,g,False
9222,111,2,piece,False
9222,151,100,g,False
9222,177,3,tbsp,False
9222,272,3,tbsp,False
9222,273,2,ml,False
9222,1247,150,g,False
9222,1483,300,g,False
9222,1484,300,g,False
9222,1587,150,g,False
9222,3215,1200,ml,False
9222,3343,100,g,True
8794,6,1,pinch,False
8794,7,1,pinch,False
8794,29,1,piece,False
8794,30,500,ml,False
8794,111,30,g,False
8794,151,50,g,False
8794,177,1,tbsp,False
8794,1247,30,g,False
8794,1509,300,g,False
8794,1862,30,g,False
8794,3225,30,g,False
8794,3240,20,g,False
8591,26,2,tbsp,False
8591,29,1,piece,False
8591,30,2,tbsp,False
8591,111,1,piece,False
8591,128,1,tsp,False
8591,151,50,g,False
8591,177,2,tbsp,False
8591,272,2,tbsp,False
8591,1247,30,g,False
8591,1483,300,g,False
8591,3215,400,ml,False
8591,3225,50,g,False
8743,6,1,tsp,False
8743,80,60,ml,False
8743,128,75,g,False
8743,300,120,ml,False
8743,302,150,g,False
8459,6,1,pinch,False
8459,7,1,pinch,False
8459,30,2,tbsp,False
8459,37,6,clove,False
8459,111,1,bunch,True
8459,239,2,cup,False
9072,9,1,bunch,True
9072,11,1,piece,False
9072,30,1,tbsp,False
9072,37,2,clove,False
9072,105,500,g,False
9072,113,1,piece,False
9072,128,1,tbsp,False
9072,177,60,ml,False
9072,239,200,g,True
9072,272,30,ml,False
9072,273,30,ml,False
9072,302,1,tsp,False
8308,6,1,pinch,False
8308,7,1,pinch,False
8308,11,1,piece,False
8308,38,1,bunch,True
8308,111,1,bunch,True
8308,151,1,piece,False
8308,257,1,l,False
8308,301,1,tbsp,False
8308,302,30,g,False
8308,367,300,g,False
5220,6,1,pinch,False
5220,9,100,g,False
5220,30,100,ml,False
5220,37,2,clove,False
5220,80,250,ml,False
5220,139,300,g,False
5220,141,100,g,False
5220,144,1,tsp,False
5220,376,5,piece,False
5220,378,4,piece,True
5220,469,100,g,False
5220,2255,200,g,False
5220,2380,4,piece,False
5286,6,1,tsp,False
5286,11,1,piece,False
5286,13,50,ml,False
5286,25,30,g,False
5286,26,250,g,False
5286,38,1,bunch,False
5286,46,50,g,False
5286,58,1,tsp,False
5286,80,250,ml,False
5286,121,1,piece,False
5286,128,100,g,False
5286,236,150,g,True
5286,240,100,ml,False
5286,335,10,g,False
5286,367,500,g,False
5286,527,150,g,True
5286,534,50,g,False
5286,538,300,g,False
5286,875,100,ml,False
5286,897,50,g,False
5286,1730,50,g,True
5286,2223,1,sprig,False
5286,2261,100,g,False
5286,2293,400,g,False
5286,2584,2,tbsp,False
5286,2585,50,g,True
5222,6,1,pinch,False
5222,7,1,pinch,False
5222,13,3,tbsp,False
5222,25,2,tbsp,False
5222,30,1,tbsp,False
5222,37,1,clove,False
5222,38,1,bunch,False
5222,39,1,tbsp,False
5222,58,1,tsp,False
5222,60,1,piece,True
5222,121,1,piece,True
5222,257,100,ml,False
5222,537,50,g,False
5222,538,400,g,False
5222,2223,1,sprig,True
5215,9,30,g,False
5215,13,1,tbsp,False
5215,34,0.5,piece,False
5215,469,30,g,True
5215,626,5,slice,True
5215,976,1,piece,False
5215,981,2,tbsp,True
5215,2555,1,piece,False
4863,5,2,tbsp,False
4863,6,1,pinch,False
4863,7,1,pinch,True
4863,111,12,piece,False
4863,126,1,tbsp,True
4609,6,1,tsp,False
4609,30,1,tbsp,False
4609,37,2,clove,False
4609,38,1,bunch,True
4609,79,15,ml,False
4609,144,1,tsp,False
4609,1460,3,piece,False
4609,1812,300,g,False
4988,6,1,pinch,False
4988,10,0.5,piece,False
4988,11,0.25,piece,False
4988,34,1,piece,False
4988,38,1,bunch,False
4988,39,2,tbsp,False
4988,120,2,piece,True
4988,1812,200,g,False
4590,10,1,piece,False
4590,34,1,piece,False
4590,154,150,g,True
4590,274,1,tbsp,False
4590,694,100,g,False
4590,2375,1,piece,False
4590,2376,150,g,True
4590,2377,5,leaf,False
4709,6,1,tsp,False
4709,7,1,tsp,False
4709,11,1,piece,False
4709,30,2,tbsp,False
4709,37,2,clove,False
4709,38,10,g,False
4709,61,500,g,False
4709,114,2,tbsp,False
4709,257,250,ml,False
4709,1585,1,piece,False
4709,2410,100,ml,False
4692,6,1,tsp,False
4692,7,1,tsp,False
4692,11,1,piece,False
4692,37,3,clove,False
4692,38,1,bunch,False
4692,46,1,piece,False
4692,58,2,tsp,False
4692,59,1,tsp,False
4692,61,1,kg,False
4692,120,12,piece,False
4692,121,2,piece,True
4692,144,1,tsp,False
4692,364,60,ml,False
4692,875,150,ml,False
4692,2245,3,tbsp,False
9738,6,1,tsp,False
9738,25,30,g,False
9738,26,300,g,False
9738,29,1,piece,False
9738,64,150,ml,False
9738,128,1,tbsp,False
9738,236,150,g,False
9738,657,7,g,False
9749,26,100,g,False
9749,29,2,piece,False
9749,30,500,ml,False
9749,53,150,g,False
9749,236,200,g,False
9867,46,100,g,True
9867,95,50,ml,True
9867,303,30,g,True
9867,333,30,g,True
9867,394,150,g,False
9867,534,100,g,True
9867,768,100,g,False
9867,1788,50,g,True
9867,3736,150,g,False
9871,159,120,g,False
9871,393,12,piece,False
9871,675,6,slice,True
9762,6,1,tsp,False
9762,8,150,g,False
9762,14,150,g,False
9762,25,50,g,False
9762,26,250,g,False
9762,29,1,piece,False
9762,64,200,ml,False
9762,258,2,tsp,False
9866,8,100,g,False
9866,306,4,slice,False
9866,2255,100,g,False
9873,5,2,tbsp,False
9873,279,10,leaf,True
9873,461,1,piece,False
9873,2033,150,g,False
9873,2102,0.5,cup,False
9746,6,1,tsp,False
9746,8,150,g,False
9746,25,100,g,False
9746,26,400,g,False
9746,29,1,piece,False
9746,64,240,ml,False
9746,258,2,tsp,False
9746,3727,1,tbsp,False
9875,5,1,tbsp,False
9875,6,1,pinch,False
9875,7,1,pinch,False
9875,8,100,g,False
9875,29,6,piece,False
9875,64,60,ml,False
9875,96,2,tbsp,False
9875,160,2,tbsp,False
9868,95,50,ml,False
9868,159,200,g,False
9868,197,1,bunch,True
9868,246,1,piece,False
9868,394,100,g,False
5305,6,1,pinch,False
5305,7,1,pinch,False
5305,61,300,g,False
5305,80,2,l,False
5305,139,300,g,False
5305,172,150,g,False
5305,552,200,g,False
5305,772,200,g,False
5305,2255,150,g,False
5969,6,1,pinch,False
5969,7,1,pinch,False
5969,80,2,l,False
5969,103,150,g,False
5969,139,300,g,False
5969,552,150,g,False
5969,554,250,g,False
5969,772,250,g,False
5969,2255,150,g,False
5969,2602,1,piece,False
5575,5,3,tbsp,False
5575,6,1,pinch,False
5575,7,1,pinch,False
5575,11,1,piece,False
5575,37,3,clove,False
5575,51,1,tsp,False
5575,80,1,l,False
5575,96,1,bunch,False
5575,101,1,tsp,False
5575,114,2,tbsp,False
5575,210,1,piece,False
5575,221,1,piece,False
5575,689,200,g,False
5575,1065,500,g,False
5575,2255,150,g,False
5470,5,3,tbsp,False
5470,6,1,pinch,False
5470,7,1,pinch,False
5470,11,1,piece,False
5470,37,3,clove,False
5470,51,2,tsp,False
5470,73,0.5,tsp,False
5470,96,1,bunch,True
5470,114,2,tbsp,False
5470,115,1.5,l,False
5470,221,1,piece,False
5470,689,200,g,False
5470,1065,500,g,False
5470,2255,150,g,False
5470,2591,150,g,False
5470,2647,300,g,False
5572,5,3,tbsp,False
5572,6,1,pinch,False
5572,7,1,pinch,False
5572,11,1,piece,False
5572,37,3,clove,False
5572,51,2,tsp,False
5572,96,2,tbsp,True
5572,115,1.5,l,False
5572,221,2,piece,False
5572,508,400,g,False
5572,656,1,piece,False
5572,689,200,g,False
5572,1065,1,kg,False
5572,2255,150,g,False
5572,2590,150,g,False
5572,2647,0.5,kg,True
6073,5,3,tbsp,False
6073,6,1,pinch,False
6073,7,1,pinch,False
6073,11,1,piece,False
6073,37,3,clove,False
6073,51,2,tsp,False
6073,114,2,tbsp,False
6073,221,1,piece,False
6073,689,250,g,False
6073,1065,500,g,False
6073,2255,150,g,False
6073,2591,100,g,False
6143,5,100,ml,False
6143,10,2,piece,False
6143,37,2,clove,False
6143,51,1,tsp,False
6143,174,300,g,True
6143,303,50,g,False
6143,306,1,slice,False
6143,324,2,tbsp,False
6143,1153,500,g,True
6143,2107,3,piece,False
6143,2767,20,piece,False
6197,5,100,ml,False
6197,6,1,pinch,False
6197,10,2,piece,False
6197,37,1,clove,False
6197,134,1,tsp,False
6197,303,50,g,False
6197,306,2,slice,False
6197,324,2,tbsp,False
6197,1328,50,g,False
6197,2767,20,piece,False
6010,5,120,ml,False
6010,6,1,pinch,False
6010,7,1,pinch,False
6010,37,2,clove,False
6010,232,100,g,False
6010,303,50,g,False
6010,306,2,slice,False
6010,1022,2,tbsp,False
6010,1328,50,g,False
6010,2594,2,piece,False
6010,2619,1,tsp,False
6010,2767,20,piece,False
6198,5,3,tbsp,False
6198,6,1,pinch,False
6198,10,2,piece,False
6198,11,1,piece,False
6198,25,30,g,False
6198,28,1,tsp,False
6198,37,4,clove,False
6198,59,1,tsp,False
6198,95,1,tbsp,True
6198,125,300,g,False
6198,139,500,g,False
6198,176,300,g,False
6198,211,1,piece,False
6198,221,1,leaf,False
6198,257,250,ml,False
6198,305,2,tbsp,False
6198,307,200,ml,False
6198,324,1,tbsp,False
6198,367,300,g,False
6198,394,100,g,True
6198,656,1,piece,False
6198,689,200,g,False
6198,1585,1,piece,False
2685,37,2,clove,False
2685,38,1,tbsp,True
2685,39,3,tbsp,False
2685,128,1,tsp,False
2685,213,1,piece,True
2685,457,12,piece,False
2685,861,2,piece,True
2685,1159,2,tbsp,False
2685,1466,1,piece,False
2377,30,2,tbsp,False
2377,37,4,clove,False
2377,80,50,ml,False
2377,213,2,piece,False
2377,454,500,g,False
2377,1159,2,tbsp,False
2377,1435,3,leaf,False
2377,1436,1,tsp,False
2377,1466,3,piece,False
2377,1486,1,bunch,False
2377,1534,30,g,False
2680,6,1,pinch,False
2680,30,200,ml,False
2680,80,200,ml,False
2680,155,1,bunch,False
2680,324,15,ml,False
2680,432,50,ml,False
2680,457,100,g,False
2680,686,1,piece,False
2680,769,50,g,False
2680,1589,100,g,False
2711,6,1,pinch,False
2711,7,1,pinch,False
2711,29,2,piece,False
2711,30,200,ml,False
2711,80,150,ml,False
2711,111,1,bunch,False
2711,121,1,piece,True
2711,155,1,bunch,False
2711,381,50,ml,True
2711,454,200,g,False
2711,1589,100,g,False
3009,30,60,ml,False
3009,80,200,ml,False
3009,111,2,piece,False
3009,381,1,tbsp,True
3009,407,1,pinch,False
3009,457,150,g,False
3009,1159,1,tbsp,False
3009,1589,100,g,False
2888,30,1,l,False
2888,128,2,tbsp,False
2888,335,1,tsp,False
2888,573,500,g,False
2888,803,4,tbsp,True
2888,806,8,piece,True
2888,817,2,cup,False
2975,6,1,tbsp,False
2975,37,6,clove,False
2975,39,2,tbsp,False
2975,86,1,piece,False
2975,286,1,tsp,True
2975,407,1,tsp,False
2975,577,1,tbsp,False
2975,1159,3,tbsp,False
2975,1442,2,piece,False
2975,1530,2,tbsp,True
2612,10,1,piece,False
2612,33,1,piece,False
2612,38,1,bunch,False
2612,39,3,tbsp,False
2612,172,200,g,False
2612,320,30,g,False
2612,1159,2,tbsp,False
2612,1463,150,g,False
2612,1466,1,piece,False
2612,1530,2,tbsp,False
3169,6,1,pinch,False
3169,80,250,ml,False
3169,1436,150,g,False
3169,1770,300,g,False
2927,80,300,ml,False
2927,128,30,g,False
2927,153,300,g,False
2927,460,100,g,False
7008,6,1,tsp,False
7008,25,50,g,False
7008,26,300,g,False
7008,29,1,piece,False
7008,30,1,l,False
7008,64,120,ml,False
7008,128,50,g,False
7008,541,10,g,True
7008,657,7,g,False
7058,5,3,tbsp,False
7058,6,1,tsp,False
7058,7,1,tsp,False
7058,10,2,piece,False
7058,11,1,piece,False
7058,37,2,clove,False
7058,80,500,ml,False
7058,96,1,bunch,True
7058,114,2,tbsp,False
7058,176,500,g,False
7058,994,1,piece,False
6560,80,1.5,l,False
6560,909,3,tbsp,False
6689,5,1,tbsp,True
6689,10,100,g,True
6689,96,1,sprig,True
6689,306,2,slice,True
6689,308,100,g,True
6689,503,50,g,True
6689,2970,150,g,False
6451,5,5,tbsp,False
6451,6,1,tsp,False
6451,11,1,piece,False
6451,37,2,clove,False
6451,80,200,ml,False
6451,126,2,tbsp,False
6451,128,1,tsp,False
6451,2904,500,g,False
7161,6,1,pinch,False
7161,25,100,g,False
7161,26,75,g,False
7161,29,3,piece,False
7161,128,150,g,False
7161,799,150,g,False
6381,6,1,pinch,False
6381,25,50,g,False
6381,80,1,l,False
6381,239,100,g,False
6381,328,200,ml,False
6381,2107,1,tsp,False
6495,5,3,tbsp,False
6495,6,1,pinch,False
6495,7,1,pinch,False
6495,10,2,piece,False
6495,11,1,piece,False
6495,96,1,bunch,False
6495,126,2,tbsp,False
6495,308,1,piece,False
6495,2918,1,piece,True
6650,80,125,ml,False
6650,126,1,tbsp,False
6650,128,250,g,False
6650,335,1,tsp,False
6650,2407,300,g,False
7138,128,100,g,False
7138,333,300,g,False
7138,335,2,tsp,False
7138,2748,500,ml,False
7138,3056,1,piece,False
528,6,1,pinch,False
528,7,1,pinch,False
528,11,1,piece,False
528,14,150,g,False
528,37,2,clove,False
528,80,2,cup,False
528,96,1,bunch,True
528,182,1,piece,False
528,184,1,tbsp,True
528,601,500,g,False
35,1,180,g,False
35,6,1,pinch,False
35,7,1,pinch,False
35,15,1,piece,False
35,25,1,tbsp,False
35,31,1,slice,False
217,6,1,pinch,False
217,25,50,g,False
217,37,3,clove,False
217,38,2,tbsp,False
217,51,1,tsp,False
217,58,0.5,tsp,False
217,59,1,tsp,False
217,68,500,g,False
217,114,60,g,False
217,155,1,tsp,False
217,190,200,ml,False
217,302,20,g,False
217,330,2,tsp,False
860,6,1,pinch,False
860,25,60,g,False
860,64,250,ml,False
860,128,150,g,False
860,190,500,ml,False
860,312,2,tsp,False
860,578,120,g,False
775,6,1,pinch,True
775,25,4,tbsp,False
775,450,4,piece,False
588,6,1,tsp,False
588,26,2,cup,False
588,69,0.48,l,False
588,74,0.11,kg,False
588,128,1,tbsp,False
588,258,2,tsp,False
588,311,1,tbsp,True
588,619,0.5,tsp,False
163,6,2,tsp,False
163,7,1,tsp,False
163,22,1,tsp,False
163,23,1,tsp,False
163,26,300,g,False
163,28,1,tbsp,False
163,30,1,l,False
163,69,500,ml,False
163,73,0.5,tsp,False
163,125,1.5,kg,False
163,184,15,ml,False
548,26,2,tbsp,False
548,29,3,piece,False
548,69,1,cup,False
548,74,100,g,False
548,128,1,cup,False
548,265,1,piece,False
548,312,1,tsp,False
381,6,1,pinch,False
381,7,2,tsp,False
381,25,3,tbsp,False
381,281,400,g,False
381,1959,150,g,False
962,5,120,ml,False
962,6,1,pinch,False
962,7,1,pinch,False
962,37,1,clove,False
962,80,15,ml,True
962,124,1,tsp,False
962,126,2,tbsp,False
962,191,50,g,False
962,215,1,tsp,False
962,531,1,piece,False
962,914,2,piece,False
1214,6,1,pinch,False
1214,11,1,piece,False
1214,25,30,g,False
1214,26,2,tbsp,False
1214,29,1,piece,False
1214,64,100,ml,False
1214,66,1,pinch,False
1214,96,1,tbsp,False
1214,242,1,pinch,False
1214,246,250,g,False
1214,257,250,ml,False
1214,282,200,g,False
1395,6,1,pinch,False
1395,25,50,g,False
1395,66,1,pinch,False
1395,96,1,bunch,False
1395,125,1.2,kg,False
1395,139,300,g,False
1395,151,1,piece,False
1395,182,2,slice,False
1395,190,150,ml,False
1395,213,1,piece,False
1395,257,1.5,cup,False
1395,531,3,piece,False
1395,993,1,piece,False
1324,5,2,tbsp,False
1324,6,1,pinch,False
1324,7,1,pinch,False
1324,37,2,clove,False
1324,68,4,piece,False
1324,96,1,tbsp,False
1324,190,200,ml,False
1324,231,100,ml,False
1376,5,3,tbsp,False
1376,6,1,pinch,False
1376,7,1,pinch,False
1376,11,1,piece,False
1376,37,3,clove,False
1376,125,1.2,kg,False
1376,221,1,piece,False
1376,257,250,ml,False
1376,364,120,ml,False
1384,5,2,tbsp,False
1384,6,1,pinch,False
1384,11,1,piece,False
1384,37,2,clove,False
1384,66,1,pinch,False
1384,96,1,bunch,False
1384,125,800,g,False
1384,231,250,ml,False
1384,257,200,ml,False
1385,5,2,tbsp,False
1385,6,1,pinch,False
1385,7,1,pinch,False
1385,11,1,piece,False
1385,37,2,clove,False
1385,96,1,bunch,False
1385,102,4,piece,False
1385,231,100,ml,False
1385,257,200,ml,False
1385,975,300,g,False
1390,5,2,tbsp,False
1390,6,1,pinch,False
1390,7,1,pinch,False
1390,68,2,piece,False
1390,96,1,sprig,True
1390,215,1,tbsp,False
1390,1112,150,g,False
1333,5,3,tbsp,False
1333,6,1,pinch,False
1333,7,1,pinch,False
1333,10,2,piece,False
1333,11,1,piece,False
1333,37,2,clove,False
1333,96,1,bunch,False
1333,125,1,kg,False
1333,231,150,ml,False
1333,451,500,ml,False
1333,463,300,g,False
1329,5,2,tbsp,False
1329,6,1,pinch,False
1329,7,1,pinch,False
1329,25,30,g,False
1329,96,1,tbsp,False
1329,102,4,piece,False
1329,190,50,ml,False
1329,197,1,sprig,False
1329,213,1,piece,False
1329,231,100,ml,False
1329,257,200,ml,False
1329,1082,200,g,False
1331,5,2,tbsp,False
1331,6,1,pinch,False
1331,10,2,piece,False
1331,11,1,piece,False
1331,37,2,clove,False
1331,66,1,pinch,False
1331,96,2,tbsp,False
1331,125,4,piece,False
1331,197,2,sprig,False
1331,257,250,ml,False
1331,692,100,g,False
7366,5,3,tbsp,False
7366,6,1,tsp,False
7366,7,1,tsp,False
7366,37,3,clove,False
7366,96,1,bunch,False
7366,126,2,tbsp,False
7366,1218,1,kg,False
7368,5,3,tbsp,False
7368,6,1,pinch,False
7368,7,1,pinch,False
7368,10,400,g,False
7368,11,2,piece,False
7368,37,3,clove,False
7368,80,500,ml,False
7368,96,1,bunch,False
7368,114,2,tbsp,False
7368,221,2,leaf,False
7368,223,250,ml,False
7368,344,1,piece,False
7368,623,3,piece,False
7368,1218,1.5,kg,False
7646,5,3,tbsp,False
7646,6,1,tbsp,False
7646,7,1,tsp,False
7646,80,3,l,False
7646,96,1,bunch,False
7646,168,1,piece,False
7646,1218,1,kg,False
7997,6,1,pinch,False
7997,26,250,g,False
7997,30,1,l,False
7997,80,300,ml,False
7997,95,100,ml,False
7997,128,30,g,False
7997,333,30,g,True
7997,335,1,tsp,False
7997,344,1,piece,False
7997,657,7,g,False
7983,6,1,pinch,False
7983,25,30,g,False
7983,26,200,g,False
7983,29,1,piece,False
7983,30,500,ml,False
7983,64,125,ml,False
7983,128,50,g,False
7983,258,2,tsp,False
7983,335,2,tsp,False
8066,5,2,tbsp,False
8066,6,1,pinch,False
8066,7,1,pinch,False
8066,11,1,piece,False
8066,37,2,clove,False
8066,128,1,pinch,False
8066,232,400,g,False
8066,279,4,leaf,True
8066,335,1,tsp,False
7658,5,3,tbsp,False
7658,6,1,pinch,False
7658,7,1,pinch,False
7658,10,400,g,False
7658,11,1,piece,False
7658,37,3,clove,False
7658,96,1,bunch,False
7658,399,1,kg,False
7658,3122,100,ml,False
8204,30,100,ml,False
8204,80,500,ml,False
8204,128,250,g,False
8204,333,50,g,False
8204,344,1,piece,False
8204,1260,200,g,False
8204,1768,1,tbsp,True
8208,6,10,g,False
8208,11,100,g,False
8208,37,2,clove,False
8208,80,500,ml,False
8208,96,2,tbsp,False
8208,128,30,g,False
8208,151,150,g,False
8208,167,2,tbsp,False
8208,182,100,g,False
8208,252,1,tsp,False
8208,308,150,g,False
8208,336,1,tsp,False
8208,499,100,g,False
8208,912,250,ml,False
8208,3197,100,g,False
8205,5,2,tbsp,False
8205,6,1,pinch,False
8205,7,1,pinch,False
8205,10,2,piece,False
8205,11,1,piece,False
8205,37,3,clove,False
8205,80,1.5,l,False
8205,96,2,tbsp,False
8205,168,1,piece,False
8205,221,1,piece,True
8205,479,600,g,False
3787,5,2,tbsp,False
3787,6,1,pinch,False
3787,7,1,pinch,False
3787,10,2,piece,False
3787,33,0.5,piece,False
3787,96,0.25,bunch,False
3787,101,1,tsp,False
3787,113,1,piece,False
3787,126,2,tbsp,False
3787,308,1,piece,False
3787,689,400,g,False
3516,5,2,tbsp,False
3516,6,1,pinch,False
3516,7,1,pinch,False
3516,11,1,piece,False
3516,37,2,clove,False
3516,138,1,tsp,False
3516,151,1,piece,False
3516,498,1,cup,False
3516,689,400,g,False
3903,5,2,tbsp,False
3903,6,1,pinch,False
3903,7,1,pinch,False
3903,37,2,clove,False
3903,126,1,tbsp,True
3903,138,2,sprig,False
3903,689,400,g,False
3860,5,2,tbsp,False
3860,6,1,pinch,False
3860,7,1,pinch,False
3860,37,3,clove,False
3860,126,1,tbsp,False
3860,318,1,tsp,False
3860,1017,500,g,False
4017,25,100,g,False
4017,26,200,g,False
4017,29,1,piece,False
4017,128,100,g,False
4017,618,30,g,False
4017,2143,200,g,False
4289,128,100,g,False
4289,190,200,ml,False
4289,530,4,piece,False
4289,531,4,piece,False
4289,618,1,tsp,True
4289,799,200,g,False
4289,845,1,sprig,True
4074,25,100,g,False
4074,29,2,piece,False
4074,128,100,g,False
4074,387,200,g,False
4074,572,30,ml,False
4074,618,2,tbsp,False
4074,734,100,g,False
4074,799,200,g,False
3946,5,2,tbsp,True
3946,6,2,tsp,False
3946,26,500,g,False
3946,80,400,ml,False
3946,128,1,tsp,False
3946,657,7,g,False
3838,5,3,tbsp,False
3838,6,1,pinch,False
3838,7,1,pinch,False
3838,10,3,piece,False
3838,11,1,piece,False
3838,37,3,clove,False
3838,113,1,piece,False
3838,139,2,piece,False
3838,279,1,bunch,False
3838,318,1,pinch,True
3838,486,2,piece,False
3838,498,500,ml,False
3838,507,1,piece,False
3381,5,150,ml,False
3381,6,1,pinch,False
3381,37,2,clove,False
3381,80,1,cup,False
3381,96,1,bunch,True
3381,689,200,g,False
3381,2019,200,g,False
8660,6,1,pinch,False
8660,30,500,ml,False
8660,3225,200,g,False
8607,30,1,tbsp,False
8607,128,1,tsp,False
8607,177,2,tbsp,False
8607,272,1,tbsp,False
8607,273,1,ml,False
8607,1092,200,g,False
8607,3225,150,g,False
8700,128,10,g,False
8700,151,30,g,True
8700,177,15,ml,False
8700,274,5,g,False
8700,300,15,ml,False
8700,301,10,ml,False
8700,324,5,ml,False
8700,3225,150,g,False
8418,80,1.2,cup,False
8418,325,1,cup,False
8792,177,10,ml,True
8792,3238,300,ml,False
8792,3244,5,g,True
8792,3462,15,g,False
8792,3463,100,g,False
8676,128,1,tsp,False
8676,177,1.5,tbsp,False
8676,272,1,tbsp,False
8676,274,2,tbsp,False
8676,341,200,g,False
9044,128,1,tsp,False
9044,177,3,tbsp,False
9044,272,1,tbsp,False
9044,274,4,tbsp,False
9044,300,1,tbsp,False
9044,3238,2,tbsp,False
8466,30,1,tbsp,False
8466,111,1,piece,True
8466,151,70,g,False
8466,177,2,tbsp,False
8466,239,300,g,False
8466,272,1,tbsp,False
8466,273,1,ml,False
8466,1247,50,g,False
8466,3215,360,ml,False
8466,3231,50,g,False
8466,3266,1,piece,True
8408,6,1,pinch,False
8408,7,1,pinch,False
8408,11,0.5,piece,False
8408,30,2,tbsp,False
8408,37,1,clove,False
8408,124,2,tbsp,False
8408,151,50,g,False
8408,172,100,g,False
8408,299,1,tbsp,False
8408,367,150,g,False
8408,1505,50,g,False
8408,2650,200,g,False
9141,6,1,pinch,False
9141,7,1,pinch,False
9141,29,2,piece,False
9141,30,2,tbsp,False
9141,177,1,tbsp,False
9141,367,150,g,False
9141,1483,150,g,False
9141,1502,300,g,False
4811,6,1,pinch,False
4811,7,1,pinch,False
4811,10,1,piece,False
4811,33,0.25,piece,False
4811,34,0.5,piece,True
4811,38,10,leaf,False
4811,121,6,piece,False
4811,308,0.25,piece,False
4811,473,200,g,False
4811,686,1,piece,True
4765,6,1,pinch,False
4765,7,1,pinch,False
4765,10,1,piece,False
4765,33,1,piece,False
4765,38,1,bunch,False
4765,39,250,ml,False
4765,60,1,piece,False
4765,596,400,g,False
4767,5,2,tbsp,True
4767,6,1,pinch,False
4767,7,1,pinch,False
4767,10,2,piece,False
4767,33,1,piece,False
4767,38,1,bunch,False
4767,59,1,pinch,True
4767,121,8,piece,False
4767,1218,500,g,False
4767,1585,1,piece,False
4768,6,1,tsp,False
4768,7,1,tsp,False
4768,10,2,piece,False
4768,11,1,piece,False
4768,38,1,bunch,False
4768,121,10,piece,False
4768,308,1,piece,False
4768,478,500,g,False
4768,2220,1,piece,False
4766,6,1,pinch,False
4766,7,1,pinch,False
4766,10,1,piece,False
4766,11,0.5,piece,False
4766,34,1,piece,False
4766,121,10,piece,False
4766,144,1,bunch,False
4766,308,0.5,piece,False
4766,430,400,g,False
4766,2294,1,piece,False
4766,2418,60,ml,False
4532,6,1,pinch,False
4532,9,1,bunch,False
4532,10,2,piece,False
4532,30,500,ml,False
4532,60,1,piece,False
4532,61,300,g,False
4532,67,1,piece,False
4532,72,200,g,False
4532,80,180,ml,False
4532,372,5,piece,False
4532,384,250,g,False
4532,2296,100,g,False
4532,2359,1,tsp,False
4687,5,2,tbsp,False
4687,6,1,tsp,False
4687,7,1,tsp,False
4687,11,1,piece,False
4687,37,3,clove,False
4687,87,1,tsp,False
4687,96,1,tbsp,True
4687,101,1,tsp,False
4687,114,2,tbsp,False
4687,115,500,ml,False
4687,151,1,piece,False
4687,221,1,piece,False
4687,223,250,ml,False
4687,362,1,kg,False
4631,6,1,pinch,False
4631,10,2,piece,False
4631,11,1,piece,False
4631,30,2,tbsp,False
4631,37,3,clove,False
4631,66,1,pinch,False
4631,96,1,bunch,True
4631,115,1.5,cup,False
4631,139,3,piece,False
4631,151,2,piece,False
4631,569,1.5,kg,False
5037,46,200,g,False
5037,58,1,tsp,False
5037,121,1,piece,False
5037,308,100,g,True
5037,902,1,piece,False
5037,2490,100,ml,False
4923,64,2,cup,False
4923,80,2,cup,False
4923,128,1,tbsp,True
4923,344,1,piece,False
4923,384,70,g,False
4923,2312,60,g,False
4923,2319,100,g,False
10168,144,1,tsp,False
10168,236,100,g,False
10168,306,4,slice,False
9872,6,1,pinch,False
9872,26,120,g,False
9872,29,2,piece,False
9872,30,1,tbsp,False
9872,64,250,ml,False
9872,96,1,sprig,True
9872,236,100,g,False
9872,3706,100,g,False
9894,5,1,tbsp,False
9894,6,1,pinch,False
9894,7,1,pinch,False
9894,29,1,piece,False
9894,37,1,clove,False
9894,246,250,g,False
9894,341,200,g,False
9894,511,100,g,False
9894,1947,100,g,False
10126,6,1,pinch,False
10126,7,1,pinch,False
10126,8,150,g,False
10126,10,2,piece,False
10126,29,1,piece,False
10126,101,1,tsp,True
10126,581,1,piece,False
9959,64,125,ml,False
9959,128,50,g,False
9959,190,200,ml,False
9959,997,500,g,False
9502,5,2,tbsp,False
9502,6,1,tsp,False
9502,7,1,tsp,False
9502,25,50,g,False
9502,28,1,tsp,False
9502,37,3,clove,False
9502,68,500,g,False
9502,96,2,tbsp,False
9502,190,300,ml,False
9502,191,100,g,False
9502,476,400,g,False
10049,5,2,tbsp,False
10049,6,1,pinch,False
10049,7,1,pinch,False
10049,68,4,piece,False
10049,236,150,g,False
10049,341,100,g,False
9506,5,1,tbsp,False
9506,6,1,pinch,False
9506,18,1,tbsp,False
9506,29,1,piece,False
9506,66,1,pinch,False
9506,68,1,piece,False
9506,341,50,g,False
9506,1031,1,piece,False
10046,5,2,tbsp,False
10046,6,1,pinch,False
10046,25,2,tbsp,False
10046,37,2,clove,False
10046,66,1,pinch,False
10046,68,2,piece,False
10046,96,1,tbsp,True
10046,190,150,ml,False
9500,5,2,tbsp,False
9500,6,1,pinch,False
9500,7,1,pinch,False
9500,37,1,clove,False
9500,68,2,piece,False
9500,96,1,tbsp,False
9500,126,1,tbsp,False
9500,280,15,g,False
9500,503,100,g,False
5783,6,1,pinch,False
5783,30,100,ml,False
5783,335,1,pinch,True
5783,507,500,g,False
5783,845,3,leaf,True
5783,2720,100,ml,False
6025,1,250,g,False
6025,6,1,pinch,False
6025,11,1,piece,False
6025,25,50,g,False
6025,26,50,g,False
6025,37,2,clove,False
6025,64,500,ml,False
6025,66,1,pinch,False
6025,122,250,g,False
6025,191,50,g,False
6025,231,100,ml,False
6025,242,1,pinch,False
6025,307,200,ml,False
6025,1992,12,piece,False
5964,6,1,pinch,False
5964,25,100,g,False
5964,26,250,g,False
5964,27,40,g,False
5964,64,500,ml,False
5964,80,100,ml,False
5964,128,100,g,False
5964,531,4,piece,False
5964,541,20,g,True
5964,935,1,piece,False
6116,6,1,pinch,False
6116,25,100,g,False
6116,26,200,g,False
6116,29,1,piece,False
6116,128,50,g,False
6065,5,50,ml,False
6065,6,1,pinch,False
6065,10,2,piece,False
6065,11,1,piece,False
6065,37,2,clove,False
6065,51,1,tbsp,False
6065,80,2,l,False
6065,96,1,bunch,True
6065,321,1,piece,False
6065,556,500,g,False
6065,656,1,piece,False
5675,5,2,tbsp,False
5675,6,1,pinch,False
5675,7,1,pinch,False
5675,96,1,tbsp,False
5675,168,1,piece,False
5675,2690,8,piece,False
5615,5,100,ml,False
5615,6,1,tsp,False
5615,7,1,tsp,False
5615,28,2,tsp,False
5615,37,4,clove,False
5615,96,1,bunch,False
5615,138,1,sprig,False
5615,231,100,ml,False
5615,1006,1,kg,False
6270,29,2,piece,False
6270,30,100,ml,False
6270,64,500,ml,False
6270,128,100,g,False
6270,306,4,slice,False
6270,335,2,tsp,False
6270,775,1,tsp,False
5851,80,50,ml,False
5851,128,150,g,False
5851,303,200,g,False
5851,530,2,piece,False
5851,775,1,tsp,False
6133,6,1,tbsp,False
6133,11,1,piece,False
6133,25,50,g,False
6133,26,2,tbsp,False
6133,37,2,clove,False
6133,53,50,g,False
6133,64,500,ml,False
6133,66,1,pinch,False
6133,80,2,l,False
6133,126,1,tbsp,False
6133,191,100,g,False
6133,242,1,pinch,False
6133,1253,1,kg,False
2794,37,5,clove,False
2794,274,1,tbsp,False
2794,1159,3,tbsp,False
2794,1436,2,tbsp,False
2794,1654,2,tbsp,False
2794,1659,50,g,False
2794,1725,30,g,False
2970,37,3,clove,False
2970,213,2,piece,False
2970,302,1,slice,False
2970,1159,30,ml,False
2970,1435,2,leaf,False
2970,1436,30,g,False
2970,1465,50,g,False
2970,1560,2,tbsp,False
3130,2,150,g,False
3130,38,2,tbsp,False
3130,61,300,g,False
3130,80,2,cup,False
3130,121,1,piece,False
3130,172,150,g,False
3130,286,1,tsp,False
3130,558,100,g,False
3130,1159,3,tbsp,False
3130,1435,4,leaf,False
3130,1441,2,sprig,False
3130,1456,30,g,False
3130,1520,100,g,False
2536,6,1,pinch,False
2536,37,3,clove,False
2536,80,2,cup,False
2536,128,1,pinch,False
2536,1159,2,tbsp,False
2536,1435,3,leaf,False
2536,1441,2,piece,False
2536,1456,30,g,False
2536,1465,2,piece,False
2536,1615,2,piece,False
3117,6,1,pinch,False
3117,78,500,g,False
3117,96,1,sprig,True
3117,111,1,bunch,True
3117,128,1,tsp,False
3117,177,2,tbsp,False
3117,302,20,g,False
3117,1503,3,piece,True
3117,1899,5,piece,False
2949,6,1,tbsp,False
2949,37,2,clove,False
2949,367,500,g,False
2949,520,100,g,False
2950,6,1,pinch,False
2950,37,3,clove,False
2950,38,1,bunch,True
2950,39,2,tbsp,False
2950,213,1,piece,True
2950,1159,1,tbsp,False
2950,1192,2,piece,False
2950,1812,200,g,False
2448,6,1,pinch,False
2448,29,1,piece,False
2448,38,1,bunch,True
2448,111,1,bunch,True
2448,239,100,g,False
2448,257,1,cup,False
2448,407,1,pinch,False
3196,27,1,tsp,True
3196,37,3,clove,False
3196,38,1,bunch,False
3196,80,1500,ml,False
3196,111,2,piece,False
3196,122,200,g,False
3196,239,150,g,False
3196,302,3,slice,False
3196,407,1,pinch,False
3196,1159,1,tbsp,False
2449,6,1,pinch,False
2449,38,1,bunch,False
2449,80,1.5,cup,False
2449,111,1,bunch,False
2449,122,150,g,False
2449,239,100,g,False
2449,301,1,tsp,True
2449,302,1,slice,False
2449,407,1,dash,False
2449,1159,1,tbsp,False
6591,80,600,ml,False
6591,95,2,tbsp,True
6591,333,150,g,False
6661,80,300,ml,False
6661,128,200,g,False
6661,333,200,g,False
6610,80,250,ml,False
6610,128,250,g,False
6610,151,500,g,False
6610,333,100,g,False
6610,1912,50,g,False
6795,80,100,ml,False
6795,128,300,g,False
6795,151,500,g,False
6795,1766,200,g,False
6581,80,250,ml,False
6581,95,1,tbsp,True
6581,168,1,slice,True
6581,2939,2,tbsp,False
7234,5,3,tbsp,False
7234,6,1,tsp,False
7234,7,1,tsp,False
7234,10,1,piece,True
7234,11,1,piece,True
7234,37,3,clove,False
7234,59,1,tsp,False
7234,96,1,bunch,False
7234,507,1,kg,False
7233,10,1,piece,True
7233,29,2,piece,True
7233,95,2,tbsp,True
7233,96,1,bunch,True
7233,236,200,g,False
7233,306,2,slice,False
7233,308,1,piece,True
7233,692,50,g,True
7233,1276,2,tbsp,True
6519,8,150,g,False
6519,40,100,g,False
6519,138,1,sprig,True
6519,303,30,g,True
6519,306,100,g,True
6519,394,150,g,False
6519,640,50,g,True
6519,643,1,piece,True
6519,692,50,g,True
6519,1102,50,g,True
6519,1152,30,g,True
6519,2033,150,g,False
6444,5,2,tbsp,False
6444,6,1,tsp,False
6444,7,1,pinch,False
6444,25,30,g,False
6444,239,2,cup,False
6444,257,3,cup,False
6444,997,200,g,False
6450,5,2,tbsp,False
6450,6,1,tsp,False
6450,7,1,tsp,False
6450,10,1,piece,False
6450,11,1,piece,False
6450,68,250,g,False
6450,96,1,bunch,True
6450,114,1,tbsp,False
6450,257,2,cup,False
6450,2875,1,cup,False
1031,6,1,tsp,False
1031,25,2,tbsp,False
1031,26,3,cup,False
1031,29,1,piece,False
1031,30,1,l,False
1031,64,2,cup,False
1031,80,1,cup,False
1031,128,2,tbsp,False
1031,541,0.5,cup,False
1031,661,7,g,False
1031,896,1,cup,False
508,5,1,tbsp,False
508,6,1,pinch,False
508,7,1,pinch,False
508,18,2,tbsp,True
508,22,1,tsp,False
508,28,1,tsp,False
508,96,1,tbsp,True
508,185,2,tsp,False
508,391,300,g,False
511,6,3,tbsp,False
511,22,1,tsp,False
511,23,1,tsp,False
511,73,1,tsp,False
511,80,3,cup,False
511,185,2,tbsp,False
511,833,500,g,False
1086,6,1,tsp,False
1086,7,1,tsp,False
1086,26,0.5,cup,False
1086,29,2,piece,False
1086,30,2,cup,False
1086,168,1,piece,True
1086,185,2,tbsp,False
1086,425,0.5,cup,True
1086,426,1,cup,False
1086,435,4,piece,False
494,5,2,tbsp,False
494,6,1,pinch,False
494,7,1,pinch,False
494,25,2,tbsp,False
494,37,2,clove,False
494,68,2,piece,False
494,96,1,tbsp,False
494,185,2,tbsp,False
494,190,250,ml,False
494,191,100,g,False
494,283,300,g,False
397,5,2,tbsp,False
397,6,1,pinch,False
397,7,1,pinch,True
397,11,1,piece,False
397,25,1,tbsp,False
397,37,2,clove,False
397,68,400,g,False
397,96,1,bunch,True
397,113,1,piece,False
397,185,2,tbsp,False
397,190,200,ml,False
397,191,50,g,False
397,257,150,ml,False
397,442,300,g,False
499,6,1,tsp,False
499,7,0.5,tsp,False
499,10,1,piece,False
499,11,1,piece,False
499,25,2,tbsp,False
499,30,2,tbsp,False
499,37,2,clove,False
499,51,1,tsp,False
499,73,0.5,tsp,False
499,111,2,piece,False
499,113,1,piece,False
499,182,1,piece,False
499,257,0.25,cup,False
499,412,4,cup,False
473,6,100,g,False
473,25,100,g,True
473,80,5,ml,False
473,139,500,g,False
473,168,2,piece,False
473,185,3,tbsp,False
473,221,3,piece,False
473,412,4,piece,False
473,555,2,kg,False
509,6,1,tsp,False
509,7,1,tsp,False
509,26,0.5,cup,False
509,29,1,piece,False
509,30,500,ml,False
509,69,0.5,cup,False
509,168,1,piece,True
509,185,2,tsp,False
509,426,1,cup,False
509,435,4,piece,False
2454,6,1,pinch,False
2454,37,2,tbsp,True
2454,38,1,bunch,False
2454,80,1.5,cup,False
2454,111,1,bunch,False
2454,121,1,piece,True
2454,301,1,tsp,True
2454,407,1,pinch,False
2454,430,200,g,False
2454,1159,1,tbsp,False
2454,1438,1,cup,False
