recipe_id,uuid,name,local_image,image_url
100000,7e39d901-3441-5fef-9214-19acfca40ce7,Jollof Rice,food_dataset_v2\recipe_images\100000_jollof_rice.jpg,cloudflare_url/recipe_images/7e39d901-3441-5fef-9214-19acfca40ce7.jpg
100001,103946b3-5d54-5c47-8621-19d04b586e1a,Egusi Soup,food_dataset_v2\recipe_images\100001_egusi_soup.jpg,cloudflare_url/recipe_images/103946b3-5d54-5c47-8621-19d04b586e1a.jpg
100002,e1be011d-cd0c-5269-b176-aeca02e62605,Fufu,food_dataset_v2\recipe_images\100002_fufu.jpg,cloudflare_url/recipe_images/e1be011d-cd0c-5269-b176-aeca02e62605.jpg
100003,51cf7135-c53c-55e1-8724-9abb76dc8e25,Pounded Yam,food_dataset_v2\recipe_images\100003_pounded_yam.jpg,cloudflare_url/recipe_images/51cf7135-c53c-55e1-8724-9abb76dc8e25.jpg
100004,d21d99b4-45aa-56b3-8ff8-a4764c6a2d2d,Eba,,
100005,3a25b9f3-0f85-5af3-861d-98140b7d735b,Amala,food_dataset_v2\recipe_images\100005_amala.jpg,cloudflare_url/recipe_images/3a25b9f3-0f85-5af3-861d-98140b7d735b.jpg
100006,eadac0f4-97eb-52ae-a245-4d1da0a21da2,Suya,food_dataset_v2\recipe_images\100006_suya.jpg,cloudflare_url/recipe_images/eadac0f4-97eb-52ae-a245-4d1da0a21da2.jpg
100007,fca462ad-5b0e-5cc0-8300-fd954681fc51,Puff Puff,food_dataset_v2\recipe_images\100007_puff_puff.jpg,cloudflare_url/recipe_images/fca462ad-5b0e-5cc0-8300-fd954681fc51.jpg
100008,54931ab7-5019-5553-8dcf-bc22ad94a3cf,Moi Moi,food_dataset_v2\recipe_images\100008_moi_moi.jpg,cloudflare_url/recipe_images/54931ab7-5019-5553-8dcf-bc22ad94a3cf.jpg
100009,0550dca8-be1d-5727-bf2b-811bea5eda4b,Akara,food_dataset_v2\recipe_images\100009_akara.jpg,cloudflare_url/recipe_images/0550dca8-be1d-5727-bf2b-811bea5eda4b.jpg
100010,5de48572-b809-5ef3-a83d-f0303c0a2a93,Bunny Chow,food_dataset_v2\recipe_images\100010_bunny_chow.jpg,cloudflare_url/recipe_images/5de48572-b809-5ef3-a83d-f0303c0a2a93.jpg
100011,ec7482f2-faa8-5f69-8c28-1bdb2fd85a00,Bobotie,,
100012,c4137c9c-f663-5eab-9bde-6270c6ed7dee,Biltong,food_dataset_v2\recipe_images\100012_biltong.jpg,cloudflare_url/recipe_images/c4137c9c-f663-5eab-9bde-6270c6ed7dee.jpg
100013,a41da0bd-3481-51f4-bf53-6e89705dc2e9,Pap en Vleis,food_dataset_v2\recipe_images\100013_pap_en_vleis.jpg,cloudflare_url/recipe_images/a41da0bd-3481-51f4-bf53-6e89705dc2e9.jpg
100014,7769b2d3-7173-559a-b860-65f29ee21294,Potjiekos,,
100015,edc9e790-2f94-54af-bfb0-7c954ead2d1e,Malva Pudding,food_dataset_v2\recipe_images\100015_malva_pudding.jpg,cloudflare_url/recipe_images/edc9e790-2f94-54af-bfb0-7c954ead2d1e.jpg
100016,454cd7a2-1ad8-56a1-a7ad-4ae3d6aad2b5,Koeksisters,,
100017,624700fa-ad32-52b0-9616-4497b1601245,Chakalaka,,
100018,3eba67d4-f681-50a9-9a3d-2a03b882f313,Samp and Beans,food_dataset_v2\recipe_images\100018_samp_and_beans.jpg,cloudflare_url/recipe_images/3eba67d4-f681-50a9-9a3d-2a03b882f313.jpg
100019,444dee9d-5f7d-5cc8-b2ae-f4a0746f77f5,Melktert,,
100020,b9e95c28-0eaf-54ae-bb53-0a50451d91ee,Injera,,
100021,15cfbc73-831d-5e9a-ad52-90bbaf475daf,Doro Wat,food_dataset_v2\recipe_images\100021_doro_wat.jpg,cloudflare_url/recipe_images/15cfbc73-831d-5e9a-ad52-90bbaf475daf.jpg
100022,01e980f5-b54e-5207-808c-78f2296a84c2,Kitfo,,
100023,12d15f6f-05c0-5d77-8aa2-5b526fabfe7d,Tibs,,
100024,ccba579a-ceb6-5b0b-a9b8-8e5ff7975834,Berbere Sauce,food_dataset_v2\recipe_images\100024_berbere_sauce.jpg,cloudflare_url/recipe_images/ccba579a-ceb6-5b0b-a9b8-8e5ff7975834.jpg
100025,eebb1f69-c67f-53c7-8e65-fd652beee313,Shiro,food_dataset_v2\recipe_images\100025_shiro.jpg,cloudflare_url/recipe_images/eebb1f69-c67f-53c7-8e65-fd652beee313.jpg
100026,2c7af0ca-f80c-5621-b497-e0d8a57d44cb,Misir Wot,,
100027,122b751a-7966-5eae-a082-9ff92d7e744a,Firfir,,
100028,b588e87f-b760-5c08-8d29-6d1dc6dce99a,Couscous,food_dataset_v2\recipe_images\100028_couscous.jpg,cloudflare_url/recipe_images/b588e87f-b760-5c08-8d29-6d1dc6dce99a.jpg
100029,50038f47-c044-5762-80d9-64ef47f801cb,Tagine,food_dataset_v2\recipe_images\100029_tagine.jpg,cloudflare_url/recipe_images/50038f47-c044-5762-80d9-64ef47f801cb.jpg
100030,4f0853ee-afac-5fa6-95ca-cd3e50a0bd39,Harira,food_dataset_v2\recipe_images\100030_harira.jpg,cloudflare_url/recipe_images/4f0853ee-afac-5fa6-95ca-cd3e50a0bd39.jpg
100031,10d326ed-c819-52f4-87f3-da0ad7fe9e67,Pastilla,food_dataset_v2\recipe_images\100031_pastilla.jpg,cloudflare_url/recipe_images/10d326ed-c819-52f4-87f3-da0ad7fe9e67.jpg
100032,fb49b1c0-a219-5aee-850b-54921c0bf899,Mechoui,,
100033,a658be43-6560-5bdd-bb6b-73cd796bdaf4,Zaalouk,,
100034,eaaf8531-6433-53bc-9038-4e2584e3f962,Bissara,food_dataset_v2\recipe_images\100034_bissara.jpg,cloudflare_url/recipe_images/eaaf8531-6433-53bc-9038-4e2584e3f962.jpg
100035,23c3765d-2e5f-5cd9-ae39-121abb31f3a8,Msemen,,
100036,b1608057-25f2-5923-91d0-38f8294daebd,Koshari,,
100037,2fcc20b4-1513-510b-8555-e11f265ba733,Ful Medames,food_dataset_v2\recipe_images\100037_ful_medames.jpg,cloudflare_url/recipe_images/2fcc20b4-1513-510b-8555-e11f265ba733.jpg
100038,b0bb35c8-c26c-5fee-92d9-83a3770c945d,Taameya,,
100039,a800ad52-b579-5bae-b01c-eb76f824e27a,Hawawshi,,
100040,c1d45f88-6f6e-5fcd-9b35-10b972f262a1,Mahshi,,
100041,ce0bf787-d67d-580c-8263-118492948519,Basbousa,,
100042,ee406f47-f74d-5422-af05-5a14ace47842,Om Ali,food_dataset_v2\recipe_images\100042_om_ali.jpg,cloudflare_url/recipe_images/ee406f47-f74d-5422-af05-5a14ace47842.jpg
100043,b609c144-c920-5a74-b9ab-3e0cd0fb9e43,Chicken Yassa,food_dataset_v2\recipe_images\100043_chicken_yassa.jpg,cloudflare_url/recipe_images/b609c144-c920-5a74-b9ab-3e0cd0fb9e43.jpg
100044,3a61b23c-8bca-55e5-a49a-90a8d2de8b67,Thieboudienne,,
100045,9f07d035-b5ec-563c-ae2c-e827fd90f04f,Maafe,,
100046,0c947e56-52d2-5211-aa17-b5b7db2b9c50,Fonio,,
100047,083a627d-1a35-5dfb-bc25-74082a7e0e3c,Alloco,food_dataset_v2\recipe_images\100047_alloco.jpg,cloudflare_url/recipe_images/083a627d-1a35-5dfb-bc25-74082a7e0e3c.jpg
100048,507dcda5-fd96-5983-b03d-8a46bae85813,Garba,food_dataset_v2\recipe_images\100048_garba.jpg,cloudflare_url/recipe_images/507dcda5-fd96-5983-b03d-8a46bae85813.jpg
100049,75227b06-11f3-5f98-a5f0-d22e798cca16,Nyama Choma,food_dataset_v2\recipe_images\100049_nyama_choma.jpg,cloudflare_url/recipe_images/75227b06-11f3-5f98-a5f0-d22e798cca16.jpg
100050,24137f35-d7d2-525d-8600-27ea72a6883d,Ugali,food_dataset_v2\recipe_images\100050_ugali.jpg,cloudflare_url/recipe_images/24137f35-d7d2-525d-8600-27ea72a6883d.jpg
100051,1dedd098-cea7-5c20-9f2b-660bbdb5e872,Sukuma Wiki,food_dataset_v2\recipe_images\100051_sukuma_wiki.jpg,cloudflare_url/recipe_images/1dedd098-cea7-5c20-9f2b-660bbdb5e872.jpg
100052,47a7dd71-688d-554c-9e07-2f7d6f01343f,Chapati,food_dataset_v2\recipe_images\100052_chapati.jpg,cloudflare_url/recipe_images/47a7dd71-688d-554c-9e07-2f7d6f01343f.jpg
100053,77ee05ff-1ef9-5303-8349-62c60aa378ef,Mandazi,,
100054,a96f6c36-2893-5b01-b82f-ee945e2a757d,Pilau,food_dataset_v2\recipe_images\100054_pilau.jpg,cloudflare_url/recipe_images/a96f6c36-2893-5b01-b82f-ee945e2a757d.jpg
100055,0b6e4586-fd6f-5275-9a52-e3863c2c10b0,Mutura,,
100056,5bf33790-eab6-5583-ba9f-a5f47c5b9b46,Moambe Chicken,food_dataset_v2\recipe_images\100056_moambe_chicken.jpg,cloudflare_url/recipe_images/5bf33790-eab6-5583-ba9f-a5f47c5b9b46.jpg
100057,91e9b3ac-d91a-518a-8dcd-4779b8b58cdc,Saka Saka,food_dataset_v2\recipe_images\100057_saka_saka.jpg,cloudflare_url/recipe_images/91e9b3ac-d91a-518a-8dcd-4779b8b58cdc.jpg
100058,47d82e76-f12e-5ec0-a0c8-c2f43e3afe91,Pondu,,
100059,4c793a6c-17e8-549e-b97d-d02d8d749d44,Kwanga,,
100060,760d2b2a-602f-559a-83ad-5e2140df34e3,Chikwanga,,
100061,b6e042af-c061-595f-84a7-4fc7d1c42372,Feijoada,food_dataset_v2\recipe_images\100061_feijoada.jpg,cloudflare_url/recipe_images/b6e042af-c061-595f-84a7-4fc7d1c42372.jpg
100062,2947dc0a-db8d-53cb-83bf-59896b0666d9,Acaraje,,
100063,630353d6-72cf-5fb7-a100-6fb486bb323f,Vatapa,,
100064,1c7ed28d-8d1c-5fda-88a9-cd948973fb02,Moqueca,food_dataset_v2\recipe_images\100064_moqueca.jpg,cloudflare_url/recipe_images/1c7ed28d-8d1c-5fda-88a9-cd948973fb02.jpg
100065,c9f3fe20-c7d4-58b2-8467-fe72d58ce346,Pao de Queijo,food_dataset_v2\recipe_images\100065_pao_de_queijo.jpg,cloudflare_url/recipe_images/c9f3fe20-c7d4-58b2-8467-fe72d58ce346.jpg
100066,5ac61361-c66f-51ae-883d-df3b19f0f6bd,Brigadeiro,food_dataset_v2\recipe_images\100066_brigadeiro.jpg,cloudflare_url/recipe_images/5ac61361-c66f-51ae-883d-df3b19f0f6bd.jpg
100067,33a3820f-1e9c-5562-a569-2023a1fce40d,Coxinha,food_dataset_v2\recipe_images\100067_coxinha.jpg,cloudflare_url/recipe_images/33a3820f-1e9c-5562-a569-2023a1fce40d.jpg
100068,b8fc0e4e-5306-58c3-8adb-d8185a9f762d,Picanha,food_dataset_v2\recipe_images\100068_picanha.jpg,cloudflare_url/recipe_images/b8fc0e4e-5306-58c3-8adb-d8185a9f762d.jpg
100069,ffc319ca-8678-533f-a3a1-9716c68a97f0,Aca Bowl,food_dataset_v2\recipe_images\100069_aca_bowl.jpg,cloudflare_url/recipe_images/ffc319ca-8678-533f-a3a1-9716c68a97f0.jpg
100070,cdae49a6-bef1-5c9c-8783-fdf1c1d09964,Tapioca Crepe,food_dataset_v2\recipe_images\100070_tapioca_crepe.jpg,cloudflare_url/recipe_images/cdae49a6-bef1-5c9c-8783-fdf1c1d09964.jpg
100071,3a1b7f77-c673-533a-af06-c2334d44a209,Ropa Vieja,food_dataset_v2\recipe_images\100071_ropa_vieja.jpg,cloudflare_url/recipe_images/3a1b7f77-c673-533a-af06-c2334d44a209.jpg
100072,95d5a773-7f53-5c99-8916-43ca91ae0a78,Arroz Con Pollo,food_dataset_v2\recipe_images\100072_arroz_con_pollo.jpg,cloudflare_url/recipe_images/95d5a773-7f53-5c99-8916-43ca91ae0a78.jpg
100073,373003f4-e470-50a9-9a89-168ee7eb91a8,Moros y Cristianos,food_dataset_v2\recipe_images\100073_moros_y_cristianos.jpg,cloudflare_url/recipe_images/373003f4-e470-50a9-9a89-168ee7eb91a8.jpg
100074,9d29ceca-2e04-50d2-a30f-3aaee844641c,Rellenos,food_dataset_v2\recipe_images\100074_rellenos.jpg,cloudflare_url/recipe_images/9d29ceca-2e04-50d2-a30f-3aaee844641c.jpg
100075,b4202975-5fe8-57e7-878b-66292ca76ad3,Tostones,food_dataset_v2\recipe_images\100075_tostones.jpg,cloudflare_url/recipe_images/b4202975-5fe8-57e7-878b-66292ca76ad3.jpg
100076,9d3c6f3b-61a3-5b53-a6bf-a8260ed735df,Mofongo,,
100077,c45cc0fe-e387-5f56-9060-092b8c0c69b7,Asopao,,
100078,a3b25e9a-d7ed-5d7e-864a-3cf43487ad83,Mofongo De Camarones,food_dataset_v2\recipe_images\100078_mofongo_de_camarones.jpg,cloudflare_url/recipe_images/a3b25e9a-d7ed-5d7e-864a-3cf43487ad83.jpg
100079,5470e724-109e-5ae6-a4b9-85b7c9540d52,Tres Leches Cake,food_dataset_v2\recipe_images\100079_tres_leches_cake.jpg,cloudflare_url/recipe_images/5470e724-109e-5ae6-a4b9-85b7c9540d52.jpg
100080,054fbb56-33c5-5d3e-8088-1711c6997b4b,Flan De Caramelo,food_dataset_v2\recipe_images\100080_flan_de_caramelo.jpg,cloudflare_url/recipe_images/054fbb56-33c5-5d3e-8088-1711c6997b4b.jpg
100081,c8cb64f9-4367-5adf-bbc6-486bd41c8db5,Jerk Chicken,food_dataset_v2\recipe_images\100081_jerk_chicken.jpg,cloudflare_url/recipe_images/c8cb64f9-4367-5adf-bbc6-486bd41c8db5.jpg
100082,97ba3171-a2a6-50ca-9fb7-e6d18ae687b2,Rice and Peas,food_dataset_v2\recipe_images\100082_rice_and_peas.jpg,cloudflare_url/recipe_images/97ba3171-a2a6-50ca-9fb7-e6d18ae687b2.jpg
100083,2c5d23c0-d812-50c8-8391-a45420efb815,Ackee and Saltfish,food_dataset_v2\recipe_images\100083_ackee_and_saltfish.jpg,cloudflare_url/recipe_images/2c5d23c0-d812-50c8-8391-a45420efb815.jpg
100084,b9800f80-9abc-5017-a1ba-26c255bad4fd,Curry Goat,food_dataset_v2\recipe_images\100084_curry_goat.jpg,cloudflare_url/recipe_images/b9800f80-9abc-5017-a1ba-26c255bad4fd.jpg
100085,00a62d34-6804-58aa-bb17-5df768074746,Festival,food_dataset_v2\recipe_images\100085_festival.jpg,cloudflare_url/recipe_images/00a62d34-6804-58aa-bb17-5df768074746.jpg
100086,d220c246-d124-5b75-b8e1-ef063b866228,Fried Plantains,food_dataset_v2\recipe_images\100086_fried_plantains.jpg,cloudflare_url/recipe_images/d220c246-d124-5b75-b8e1-ef063b866228.jpg
100087,b56d8751-c24b-5107-95a2-0dd46eef1a68,Callaloo,,
100088,93945984-9949-5f5c-ae96-d9442253b3d5,Doubles,food_dataset_v2\recipe_images\100088_doubles.jpg,cloudflare_url/recipe_images/93945984-9949-5f5c-ae96-d9442253b3d5.jpg
100089,1290a6ad-92a7-55a2-9733-0e26326fbfa2,Roti Canai,food_dataset_v2\recipe_images\100089_roti_canai.jpg,cloudflare_url/recipe_images/1290a6ad-92a7-55a2-9733-0e26326fbfa2.jpg
100090,f2df1d07-0793-5f02-9d3f-72a714fe5f8e,Pelau,,
100091,27014d8a-9365-5052-a06d-53239ebee1f8,Ceviche,food_dataset_v2\recipe_images\100091_ceviche.jpg,cloudflare_url/recipe_images/27014d8a-9365-5052-a06d-53239ebee1f8.jpg
100092,677806d5-44fe-5ef7-b6b3-5f1ec815693d,Empanadas,food_dataset_v2\recipe_images\100092_empanadas.jpg,cloudflare_url/recipe_images/677806d5-44fe-5ef7-b6b3-5f1ec815693d.jpg
100093,52aeb3d1-9bf4-588f-bc8a-5d4e64c6b88f,Chimichurri,food_dataset_v2\recipe_images\100093_chimichurri.jpg,cloudflare_url/recipe_images/52aeb3d1-9bf4-588f-bc8a-5d4e64c6b88f.jpg
100094,3e338348-3890-5ddc-a4eb-b20dc4974135,Dulce De Leche,food_dataset_v2\recipe_images\100094_dulce_de_leche.jpg,cloudflare_url/recipe_images/3e338348-3890-5ddc-a4eb-b20dc4974135.jpg
100095,62a757c4-eaec-5a63-a3a2-54d90ff7b0ba,Humita,,
100096,6ea42ff4-d706-525a-b4d0-bae8b2e4f353,Pastel De Choclo,food_dataset_v2\recipe_images\100096_pastel_de_choclo.jpg,cloudflare_url/recipe_images/6ea42ff4-d706-525a-b4d0-bae8b2e4f353.jpg
100097,5a177227-297c-5067-b623-dceb77c32f9c,Cazuela,food_dataset_v2\recipe_images\100097_cazuela.jpg,cloudflare_url/recipe_images/5a177227-297c-5067-b623-dceb77c32f9c.jpg
100098,6a2120c0-2bb1-5fb2-b31a-a3e5ae8262e6,Chorrillana,,
100099,e2abda44-7b02-54b6-af0c-32bdb3e4d854,Sopaipillas,,
100100,b3a8c964-460d-549d-9901-97bf2d4169c9,Alfajores De Maizena,food_dataset_v2\recipe_images\100100_alfajores_de_maizena.jpg,cloudflare_url/recipe_images/b3a8c964-460d-549d-9901-97bf2d4169c9.jpg
1106,1a65a58c-ac59-58d7-933c-8bfa08254681,Acai Bowl,food_dataset_v2\recipe_images\1106_acai_bowl.jpg,cloudflare_url/recipe_images/1a65a58c-ac59-58d7-933c-8bfa08254681.jpg
1034,478d47b2-8287-546d-87f0-0e659076f68f,Acai Bowl American Style,food_dataset_v2\recipe_images\1034_acai_bowl_american_style.jpg,cloudflare_url/recipe_images/478d47b2-8287-546d-87f0-0e659076f68f.jpg
323,13421e11-8e8e-5cf8-acf3-c3fd6ff92046,Ahi Tuna Poke Bowl,food_dataset_v2\recipe_images\323_ahi_tuna_poke_bowl.jpg,cloudflare_url/recipe_images/13421e11-8e8e-5cf8-acf3-c3fd6ff92046.jpg
988,71b8dc01-c14e-522f-ace8-d959b384af62,Aioli Garlic Sauce,food_dataset_v2\recipe_images\988_aioli_garlic_sauce.jpg,cloudflare_url/recipe_images/71b8dc01-c14e-522f-ace8-d959b384af62.jpg
1135,053d1281-5a02-54c5-8f8f-b98db76bb5c5,Aioli Garlic Sauce,food_dataset_v2\recipe_images\1135_aioli_garlic_sauce.jpg,cloudflare_url/recipe_images/053d1281-5a02-54c5-8f8f-b98db76bb5c5.jpg
960,e4e4b556-6abd-5195-b096-c3ebe61fb7cb,Alabama White BBQ Sauce,food_dataset_v2\recipe_images\960_alabama_white_bbq_sauce.jpg,cloudflare_url/recipe_images/e4e4b556-6abd-5195-b096-c3ebe61fb7cb.jpg
69,6a495837-c0c6-57de-b79b-001850ad7666,Alabama White Sauce Chicken,food_dataset_v2\recipe_images\69_alabama_white_sauce_chicken.jpg,cloudflare_url/recipe_images/6a495837-c0c6-57de-b79b-001850ad7666.jpg
984,5857c395-5469-54d3-a7f3-36638456a9d5,Alfredo Sauce Homemade,food_dataset_v2\recipe_images\984_alfredo_sauce_homemade.jpg,cloudflare_url/recipe_images/5857c395-5469-54d3-a7f3-36638456a9d5.jpg
785,3ebbd885-3639-58c1-973a-64154ea06dbd,Ambrosia Salad,food_dataset_v2\recipe_images\785_ambrosia_salad.jpg,cloudflare_url/recipe_images/3ebbd885-3639-58c1-973a-64154ea06dbd.jpg
136,f9fe282e-1828-5eea-abc3-e86012d57e57,American Beef Stroganoff,food_dataset_v2\recipe_images\136_american_beef_stroganoff.jpg,cloudflare_url/recipe_images/f9fe282e-1828-5eea-abc3-e86012d57e57.jpg
2021,81def886-12c2-5743-9231-9eeccd3f6ff0,Albuféra Sauce,food_dataset_v2\recipe_images\2021_albuféra_sauce.jpg,cloudflare_url/recipe_images/81def886-12c2-5743-9231-9eeccd3f6ff0.jpg
1613,9927a545-d457-5ebb-8f8d-c3f5465e5e35,Aligot,food_dataset_v2\recipe_images\1613_aligot.jpg,cloudflare_url/recipe_images/9927a545-d457-5ebb-8f8d-c3f5465e5e35.jpg
1950,eae8e593-a9e4-5595-8057-fafd3a34144d,Almond Cake,food_dataset_v2\recipe_images\1950_almond_cake.jpg,cloudflare_url/recipe_images/eae8e593-a9e4-5595-8057-fafd3a34144d.jpg
2165,7dd8787d-7756-539e-b8f0-08c8d26b8146,Almond Croissant,food_dataset_v2\recipe_images\2165_almond_croissant.jpg,cloudflare_url/recipe_images/7dd8787d-7756-539e-b8f0-08c8d26b8146.jpg
1890,9688bf8e-a5f1-59d5-8c24-396a936d59dc,Almond Succès Cake,food_dataset_v2\recipe_images\1890_almond_succès_cake.jpg,cloudflare_url/recipe_images/9688bf8e-a5f1-59d5-8c24-396a936d59dc.jpg
1504,42287e9b-d220-597d-b923-95d68dd1dd69,Almond Trout,food_dataset_v2\recipe_images\1504_almond_trout.jpg,cloudflare_url/recipe_images/42287e9b-d220-597d-b923-95d68dd1dd69.jpg
1881,738bd44c-a848-5840-a9b1-57204a7b515f,Almond Tuile Cookie,food_dataset_v2\recipe_images\1881_almond_tuile_cookie.jpg,cloudflare_url/recipe_images/738bd44c-a848-5840-a9b1-57204a7b515f.jpg
2115,7c9eb780-0736-5943-9470-baf811f68d0e,Alpine Tourton,food_dataset_v2\recipe_images\2115_alpine_tourton.jpg,cloudflare_url/recipe_images/7c9eb780-0736-5943-9470-baf811f68d0e.jpg
2087,e6b15963-67db-5380-ae42-bf59c25def42,Alsatian Knack Sausages,food_dataset_v2\recipe_images\2087_alsatian_knack_sausages.jpg,cloudflare_url/recipe_images/e6b15963-67db-5380-ae42-bf59c25def42.jpg
1697,16633d19-5acb-5319-a961-5ceb1bff4f5b,Alsatian Spatzle,food_dataset_v2\recipe_images\1697_alsatian_spatzle.jpg,cloudflare_url/recipe_images/16633d19-5acb-5319-a961-5ceb1bff4f5b.jpg
8150,d6dc2f6b-3237-5240-8e34-6a55ca47c64d,Aegean Island Fish Plaki,food_dataset_v2\recipe_images\8150_aegean_island_fish_plaki.jpg,cloudflare_url/recipe_images/d6dc2f6b-3237-5240-8e34-6a55ca47c64d.jpg
8129,55bd4068-c5d3-5ad9-8297-13e3de2a5c38,Aegina Pistachio Sweets,food_dataset_v2\recipe_images\8129_aegina_pistachio_sweets.jpg,cloudflare_url/recipe_images/55bd4068-c5d3-5ad9-8297-13e3de2a5c38.jpg
7801,7dc60f45-984c-5c10-8e00-6adea5786948,Aginares Me Koukia,food_dataset_v2\recipe_images\7801_aginares_me_koukia.jpg,cloudflare_url/recipe_images/7dc60f45-984c-5c10-8e00-6adea5786948.jpg
7709,3370700a-2758-5ffc-803b-4a38d84cfb41,Aginares a La Polita,food_dataset_v2\recipe_images\7709_aginares_a_la_polita.jpg,cloudflare_url/recipe_images/3370700a-2758-5ffc-803b-4a38d84cfb41.jpg
7286,22192892-e210-5e9d-8295-85a097207dea,Agioritiki Soupa,food_dataset_v2\recipe_images\7286_agioritiki_soupa.jpg,cloudflare_url/recipe_images/22192892-e210-5e9d-8295-85a097207dea.jpg
8253,fa69b11e-71c4-54b8-960d-b988e26cac85,Agios Dimitrios Day Feast,food_dataset_v2\recipe_images\8253_agios_dimitrios_day_feast.jpg,cloudflare_url/recipe_images/fa69b11e-71c4-54b8-960d-b988e26cac85.jpg
8181,04a92a62-0eaf-582b-b89c-e8b334f2d556,Agrinio Salami Dishes,food_dataset_v2\recipe_images\8181_agrinio_salami_dishes.jpg,cloudflare_url/recipe_images/04a92a62-0eaf-582b-b89c-e8b334f2d556.jpg
7761,2e64b5e0-5dae-58b4-b1c1-6c5a9af8ba36,Alevropita,,
7950,94440129-8ce4-5dc3-9d4e-0ea81626939e,Almond Cake Greek-style,food_dataset_v2\recipe_images\7950_almond_cake_greek_style.jpg,cloudflare_url/recipe_images/94440129-8ce4-5dc3-9d4e-0ea81626939e.jpg
8010,26f1b4b7-18fe-573b-bba2-552fbb6c66bb,Almond Praline Greek-style,food_dataset_v2\recipe_images\8010_almond_praline_greek_style.jpg,cloudflare_url/recipe_images/26f1b4b7-18fe-573b-bba2-552fbb6c66bb.jpg
3559,2d09e102-21fd-515b-8ab1-e15752f1fb1e,Abbacchio Alla Romana,food_dataset_v2\recipe_images\3559_abbacchio_alla_romana.jpg,cloudflare_url/recipe_images/2d09e102-21fd-515b-8ab1-e15752f1fb1e.jpg
3495,0124b7a6-2c49-5a4c-964d-225ba4320f7d,Acquacotta,,
3778,861295a0-db6e-5bd1-b3b1-dab698f4f0bb,Affettati Misti,food_dataset_v2\recipe_images\3778_affettati_misti.jpg,cloudflare_url/recipe_images/861295a0-db6e-5bd1-b3b1-dab698f4f0bb.jpg
3995,4709b011-3025-52c1-9b94-c2582aa4d714,Affogato,food_dataset_v2\recipe_images\3995_affogato.jpg,cloudflare_url/recipe_images/4709b011-3025-52c1-9b94-c2582aa4d714.jpg
4144,7550c353-3e63-536c-b1f6-f053f861779a,Agliata,,
3560,f9cd245d-c164-5226-bc2f-2f7c502cfeaa,Agnello Al Forno,food_dataset_v2\recipe_images\3560_agnello_al_forno.jpg,cloudflare_url/recipe_images/f9cd245d-c164-5226-bc2f-2f7c502cfeaa.jpg
3356,ecd43609-bdc3-5f4b-a8e6-a7243af77978,Agnolotti Del Plin,food_dataset_v2\recipe_images\3356_agnolotti_del_plin.jpg,cloudflare_url/recipe_images/ecd43609-bdc3-5f4b-a8e6-a7243af77978.jpg
4217,583979c7-059d-58b4-9ad9-f85a07cde747,Agnolotti Del Plin,food_dataset_v2\recipe_images\4217_agnolotti_del_plin.jpg,cloudflare_url/recipe_images/583979c7-059d-58b4-9ad9-f85a07cde747.jpg
3894,ba6b8315-7b48-5869-81f0-03e7440e2f5a,Agretti with Lemon,food_dataset_v2\recipe_images\3894_agretti_with_lemon.jpg,cloudflare_url/recipe_images/ba6b8315-7b48-5869-81f0-03e7440e2f5a.jpg
4157,eefe556c-09e2-567f-a9d3-047e4ba4fc62,Agrodolce Sauce,food_dataset_v2\recipe_images\4157_agrodolce_sauce.jpg,cloudflare_url/recipe_images/eefe556c-09e2-567f-a9d3-047e4ba4fc62.jpg
8365,297a7fd1-7262-5246-8670-565b9dc7db4f,Abura Soba,food_dataset_v2\recipe_images\8365_abura_soba.jpg,cloudflare_url/recipe_images/297a7fd1-7262-5246-8670-565b9dc7db4f.jpg
8304,0d43a235-d306-5ec2-a0e9-5fe7aa446e1f,Abura-age Miso Soup,food_dataset_v2\recipe_images\8304_abura_age_miso_soup.jpg,cloudflare_url/recipe_images/0d43a235-d306-5ec2-a0e9-5fe7aa446e1f.jpg
8781,35666332-c24b-5b6b-b9b7-94aceb58893a,Aburaage Stuffed with Natto,food_dataset_v2\recipe_images\8781_aburaage_stuffed_with_natto.jpg,cloudflare_url/recipe_images/35666332-c24b-5b6b-b9b7-94aceb58893a.jpg
8344,1834dfab-3d31-5355-a329-d4d06cf74504,Aburi Sushi,food_dataset_v2\recipe_images\8344_aburi_sushi.jpg,cloudflare_url/recipe_images/1834dfab-3d31-5355-a329-d4d06cf74504.jpg
8694,cefdef5a-445f-57a3-8dd4-764c44f53ba4,Aemono,,
8663,8d516dff-8118-54ad-b9f2-2e19f648d565,Age Dashi Nasu,food_dataset_v2\recipe_images\8663_age_dashi_nasu.jpg,cloudflare_url/recipe_images/8d516dff-8118-54ad-b9f2-2e19f648d565.jpg
8667,f047a7e1-2165-59c8-b4be-fd249695cd1c,Age Gyoza,food_dataset_v2\recipe_images\8667_age_gyoza.jpg,cloudflare_url/recipe_images/f047a7e1-2165-59c8-b4be-fd249695cd1c.jpg
8648,d611abeb-374f-54ee-b1dc-cca77bed0056,Age Mochi,food_dataset_v2\recipe_images\8648_age_mochi.jpg,cloudflare_url/recipe_images/d611abeb-374f-54ee-b1dc-cca77bed0056.jpg
8670,a48fe5de-3917-5d77-85e6-624d7a2dd879,Age Pan,food_dataset_v2\recipe_images\8670_age_pan.jpg,cloudflare_url/recipe_images/a48fe5de-3917-5d77-85e6-624d7a2dd879.jpg
8563,ff308259-1d65-5517-be60-7813dfc4a852,Age Shumai,food_dataset_v2\recipe_images\8563_age_shumai.jpg,cloudflare_url/recipe_images/ff308259-1d65-5517-be60-7813dfc4a852.jpg
4814,6c4ba017-1af3-57eb-82d7-7580cb3dbbc6,Abulon,,
4886,6460b397-29d7-5b8f-a18e-36f857afbf5e,Adobo Paste,food_dataset_v2\recipe_images\4886_adobo_paste.jpg,cloudflare_url/recipe_images/6460b397-29d7-5b8f-a18e-36f857afbf5e.jpg
4671,099a36a6-cc2e-56ca-95fb-063992addd44,Adobo Pork Chop,food_dataset_v2\recipe_images\4671_adobo_pork_chop.jpg,cloudflare_url/recipe_images/099a36a6-cc2e-56ca-95fb-063992addd44.jpg
4497,533eac14-c6fb-5f61-af8e-3341ec3c9681,Adobo Rojo,food_dataset_v2\recipe_images\4497_adobo_rojo.jpg,cloudflare_url/recipe_images/533eac14-c6fb-5f61-af8e-3341ec3c9681.jpg
4507,b6531cc4-c3ca-58af-ab1b-7126e963408f,Adobo Sauce with Guajillo Chili,food_dataset_v2\recipe_images\4507_adobo_sauce_with_guajillo_chili.jpg,cloudflare_url/recipe_images/b6531cc4-c3ca-58af-ab1b-7126e963408f.jpg
4494,3c6d5886-0c22-5b07-9520-e1e9aaa86cf5,Adobo with Ancho Chile,food_dataset_v2\recipe_images\4494_adobo_with_ancho_chile.jpg,cloudflare_url/recipe_images/3c6d5886-0c22-5b07-9520-e1e9aaa86cf5.jpg
4937,0f5e720b-a1fe-515d-8029-3d7afc6e6087,Agua De Jamaica,food_dataset_v2\recipe_images\4937_agua_de_jamaica.jpg,cloudflare_url/recipe_images/0f5e720b-a1fe-515d-8029-3d7afc6e6087.jpg
4938,87de4629-b936-53b1-afe5-21834c9f30c8,Agua De Tamarindo,food_dataset_v2\recipe_images\4938_agua_de_tamarindo.jpg,cloudflare_url/recipe_images/87de4629-b936-53b1-afe5-21834c9f30c8.jpg
4770,757ea95d-96a4-5a4e-a2c2-c3f536536301,Aguachile Negro,food_dataset_v2\recipe_images\4770_aguachile_negro.jpg,cloudflare_url/recipe_images/757ea95d-96a4-5a4e-a2c2-c3f536536301.jpg
4769,70e1db0c-d84c-550e-8c30-56aa92091e32,Aguachile Rojo,food_dataset_v2\recipe_images\4769_aguachile_rojo.jpg,cloudflare_url/recipe_images/70e1db0c-d84c-550e-8c30-56aa92091e32.jpg
9406,42e4d0a1-6eef-5166-95f3-44c3dcda70b7,Alcatra Beef Stew,food_dataset_v2\recipe_images\9406_alcatra_beef_stew.jpg,cloudflare_url/recipe_images/42e4d0a1-6eef-5166-95f3-44c3dcda70b7.jpg
9929,1feccd2a-e6d1-58a2-a713-4b3fa4cfcdb5,Aletria Vermicelli Pudding,food_dataset_v2\recipe_images\9929_aletria_vermicelli_pudding.jpg,cloudflare_url/recipe_images/1feccd2a-e6d1-58a2-a713-4b3fa4cfcdb5.jpg
9557,bfeea10f-e187-5217-9237-5f32a82c8df2,Alheira Baked in the Oven,food_dataset_v2\recipe_images\9557_alheira_baked_in_the_oven.jpg,cloudflare_url/recipe_images/bfeea10f-e187-5217-9237-5f32a82c8df2.jpg
9589,82869c35-9193-5d9c-ac52-8640ff8e13d1,Alheira Croquettes,food_dataset_v2\recipe_images\9589_alheira_croquettes.jpg,cloudflare_url/recipe_images/82869c35-9193-5d9c-ac52-8640ff8e13d1.jpg
9651,d8bc2737-1177-5162-8c18-75fbd9102e71,Alheira Stuffed Mushrooms,food_dataset_v2\recipe_images\9651_alheira_stuffed_mushrooms.jpg,cloudflare_url/recipe_images/d8bc2737-1177-5162-8c18-75fbd9102e71.jpg
10129,63b4eed6-056a-5517-bf6f-eb1b9960450f,Alheira and Cheese Sandwich,food_dataset_v2\recipe_images\10129_alheira_and_cheese_sandwich.jpg,cloudflare_url/recipe_images/63b4eed6-056a-5517-bf6f-eb1b9960450f.jpg
10066,1963abed-ef9b-5a8e-bb3c-9e37773a5095,Alheira with Fried Egg and Fries,food_dataset_v2\recipe_images\10066_alheira_with_fried_egg_and_fries.jpg,cloudflare_url/recipe_images/1963abed-ef9b-5a8e-bb3c-9e37773a5095.jpg
9964,a7c93aec-b49d-5498-a346-5b5671ae7ccb,Almond Blancmange,food_dataset_v2\recipe_images\9964_almond_blancmange.jpg,cloudflare_url/recipe_images/a7c93aec-b49d-5498-a346-5b5671ae7ccb.jpg
9956,1f9fd129-e06b-5862-9776-294051eb4e02,Almond Brittle,food_dataset_v2\recipe_images\9956_almond_brittle.jpg,cloudflare_url/recipe_images/1f9fd129-e06b-5862-9776-294051eb4e02.jpg
9982,b31a8e37-8b17-5145-aa89-11fa6dbc772f,Almond Cream Tart,food_dataset_v2\recipe_images\9982_almond_cream_tart.jpg,cloudflare_url/recipe_images/b31a8e37-8b17-5145-aa89-11fa6dbc772f.jpg
5389,aab2a08e-326c-5d73-9de0-daf635d6a89f,Aceitunas Aliñadas,food_dataset_v2\recipe_images\5389_aceitunas_aliñadas.jpg,cloudflare_url/recipe_images/aab2a08e-326c-5d73-9de0-daf635d6a89f.jpg
5465,d9f3eebb-ed2d-52f4-8c44-35885d3c7a58,Adobo De Pollo,food_dataset_v2\recipe_images\5465_adobo_de_pollo.jpg,cloudflare_url/recipe_images/d9f3eebb-ed2d-52f4-8c44-35885d3c7a58.jpg
6007,c9ed60c3-929d-533a-a5e6-75fe80f795ca,Agua De Valencia,food_dataset_v2\recipe_images\6007_agua_de_valencia.jpg,cloudflare_url/recipe_images/c9ed60c3-929d-533a-a5e6-75fe80f795ca.jpg
5436,afa92504-a7b2-56ab-a6c7-1c9fd2da4664,Ajo Arriero,food_dataset_v2\recipe_images\5436_ajo_arriero.jpg,cloudflare_url/recipe_images/afa92504-a7b2-56ab-a6c7-1c9fd2da4664.jpg
5297,e8290bc9-4522-50a2-98dd-59e252285fb6,Ajo Blanco,food_dataset_v2\recipe_images\5297_ajo_blanco.jpg,cloudflare_url/recipe_images/e8290bc9-4522-50a2-98dd-59e252285fb6.jpg
6022,d28ffa57-5e1d-5afc-9711-4e36eb838104,Ajo Blanco Malagueno,food_dataset_v2\recipe_images\6022_ajo_blanco_malagueno.jpg,cloudflare_url/recipe_images/d28ffa57-5e1d-5afc-9711-4e36eb838104.jpg
5787,77160256-e8fc-5562-8fd8-b365d1b867ac,Ajoaceite,,
5343,267a7fc7-b08a-53b1-afbb-67c801b7983c,Ajoblanco De Habas,food_dataset_v2\recipe_images\5343_ajoblanco_de_habas.jpg,cloudflare_url/recipe_images/267a7fc7-b08a-53b1-afbb-67c801b7983c.jpg
6211,5def3058-61a4-5eb6-8530-a4699f2e75c3,Albariño Wine and Seafood Galicia,food_dataset_v2\recipe_images\6211_albariño_wine_and_seafood_galicia.jpg,cloudflare_url/recipe_images/5def3058-61a4-5eb6-8530-a4699f2e75c3.jpg
5553,18cec3ab-f2d2-539c-8ba6-9d3df1167540,Albóndigas De Bacalao,food_dataset_v2\recipe_images\5553_albóndigas_de_bacalao.jpg,cloudflare_url/recipe_images/18cec3ab-f2d2-539c-8ba6-9d3df1167540.jpg
2942,dd5110ff-ef2c-5ed2-93c9-337ace530bae,Aep Pla,food_dataset_v2\recipe_images\2942_aep_pla.jpg,cloudflare_url/recipe_images/dd5110ff-ef2c-5ed2-93c9-337ace530bae.jpg
2803,f7708a7b-abf6-51fd-b436-a9a280961ecb,Ajad Cucumber Relish,food_dataset_v2\recipe_images\2803_ajad_cucumber_relish.jpg,cloudflare_url/recipe_images/f7708a7b-abf6-51fd-b436-a9a280961ecb.jpg
2926,9d640494-b512-5e0b-87a4-941b60857d17,Avocado Shake Thai Style,food_dataset_v2\recipe_images\2926_avocado_shake_thai_style.jpg,cloudflare_url/recipe_images/9d640494-b512-5e0b-87a4-941b60857d17.jpg
2554,6ef9a93a-0e49-595b-980d-605cfc568b06,Ba Mee Moo Daeng,food_dataset_v2\recipe_images\2554_ba_mee_moo_daeng.jpg,cloudflare_url/recipe_images/6ef9a93a-0e49-595b-980d-605cfc568b06.jpg
2502,d46e3c78-e837-5d5f-ad2d-ed282dedb8dd,Ba Mee Nam,food_dataset_v2\recipe_images\2502_ba_mee_nam.jpg,cloudflare_url/recipe_images/d46e3c78-e837-5d5f-ad2d-ed282dedb8dd.jpg
2920,9b3b2c97-4188-5bee-ad9f-0751bd01099d,Bael Fruit Juice,food_dataset_v2\recipe_images\2920_bael_fruit_juice.jpg,cloudflare_url/recipe_images/9b3b2c97-4188-5bee-ad9f-0751bd01099d.jpg
2729,ddaa538e-4ecc-5738-81bd-8f9510964a1d,Bah Chang,food_dataset_v2\recipe_images\2729_bah_chang.jpg,cloudflare_url/recipe_images/ddaa538e-4ecc-5738-81bd-8f9510964a1d.jpg
3020,61bcb8a9-4d8a-5076-a6bf-7e4fadcff4f2,Baked Mussel with Herb Sauce,food_dataset_v2\recipe_images\3020_baked_mussel_with_herb_sauce.jpg,cloudflare_url/recipe_images/61bcb8a9-4d8a-5076-a6bf-7e4fadcff4f2.jpg
2525,c4fd0109-4287-59d5-b927-fea7a8cff69a,Bamee Haeng,food_dataset_v2\recipe_images\2525_bamee_haeng.jpg,cloudflare_url/recipe_images/c4fd0109-4287-59d5-b927-fea7a8cff69a.jpg
2534,da187812-1809-5ace-af8a-419d7ac2a977,Bamee Kiao Goong,food_dataset_v2\recipe_images\2534_bamee_kiao_goong.jpg,cloudflare_url/recipe_images/da187812-1809-5ace-af8a-419d7ac2a977.jpg
6632,1dbc4b94-6f67-5d68-a20e-72d6c23b388a,Acibadem Kurabiyesi,,
6466,6293dbe8-06e1-5f2f-8990-beff7df266b9,Acili Ezme,food_dataset_v2\recipe_images\6466_acili_ezme.jpg,cloudflare_url/recipe_images/6293dbe8-06e1-5f2f-8990-beff7df266b9.jpg
6996,3d5340d6-409d-54bc-857c-00fc8e8d7533,Acma,,
6696,5d887be0-634c-503b-b839-4db75eb959c2,Acma Peynirli,,
6640,cfb530cf-507d-5296-bb4a-5e79a3df560d,Acma Sweet Soft Bread Roll,food_dataset_v2\recipe_images\6640_acma_sweet_soft_bread_roll.jpg,cloudflare_url/recipe_images/cfb530cf-507d-5296-bb4a-5e79a3df560d.jpg
6582,2c8503b8-02b6-5984-ad67-8dc245385794,Acı Kahve Bitter Turkish Coffee,food_dataset_v2\recipe_images\6582_acı_kahve_bitter_turkish_coffee.jpg,cloudflare_url/recipe_images/2c8503b8-02b6-5984-ad67-8dc245385794.jpg
6798,817678a5-d9cc-5c8a-bdbe-f1d3687f0c8d,Adana Analı Kizli,food_dataset_v2\recipe_images\6798_adana_analı_kizli.jpg,cloudflare_url/recipe_images/817678a5-d9cc-5c8a-bdbe-f1d3687f0c8d.jpg
6678,bce4e1ec-88cd-5f79-a7b5-cbe54b1a4e6f,Adana Bici Bici,food_dataset_v2\recipe_images\6678_adana_bici_bici.jpg,cloudflare_url/recipe_images/bce4e1ec-88cd-5f79-a7b5-cbe54b1a4e6f.jpg
6280,a60f053c-971d-5a9e-a498-1a706d6b829f,Adana Kebab,food_dataset_v2\recipe_images\6280_adana_kebab.jpg,cloudflare_url/recipe_images/a60f053c-971d-5a9e-a498-1a706d6b829f.jpg
6826,f9a42b25-1f3c-5715-af05-5fee9cb81710,Adana Kebab Full Plate,food_dataset_v2\recipe_images\6826_adana_kebab_full_plate.jpg,cloudflare_url/recipe_images/f9a42b25-1f3c-5715-af05-5fee9cb81710.jpg
213,929f26f2-30d6-55f3-90eb-951a4dd83c53,American Chicken Fried Rice,food_dataset_v2\recipe_images\213_american_chicken_fried_rice.jpg,cloudflare_url/recipe_images/929f26f2-30d6-55f3-90eb-951a4dd83c53.jpg
206,6683ff14-09e5-50d5-becc-a5654ee8a693,American Chicken Stir Fry,food_dataset_v2\recipe_images\206_american_chicken_stir_fry.jpg,cloudflare_url/recipe_images/6683ff14-09e5-50d5-becc-a5654ee8a693.jpg
804,0f939159-e2c4-58c6-bde9-e2e449e96bbf,American Fried Rice,food_dataset_v2\recipe_images\804_american_fried_rice.jpg,cloudflare_url/recipe_images/0f939159-e2c4-58c6-bde9-e2e449e96bbf.jpg
709,ba08b2e0-cd5e-551d-a623-825acf8670cc,American Frittata,food_dataset_v2\recipe_images\709_american_frittata.jpg,cloudflare_url/recipe_images/ba08b2e0-cd5e-551d-a623-825acf8670cc.jpg
784,f993092d-becd-5fb0-939a-69b8335ad9ed,American House Salad,food_dataset_v2\recipe_images\784_american_house_salad.jpg,cloudflare_url/recipe_images/f993092d-becd-5fb0-939a-69b8335ad9ed.jpg
24,321f1c43-ccd6-5114-ab62-c2b2bfb6e2e5,American Lamb Burger,food_dataset_v2\recipe_images\24_american_lamb_burger.jpg,cloudflare_url/recipe_images/321f1c43-ccd6-5114-ab62-c2b2bfb6e2e5.jpg
603,255b22ea-01e8-500a-b48b-20d189deecde,American Margherita Pizza,food_dataset_v2\recipe_images\603_american_margherita_pizza.jpg,cloudflare_url/recipe_images/255b22ea-01e8-500a-b48b-20d189deecde.jpg
264,cf73ece6-06b3-58af-ae9f-7ee256381a0f,American Pork Dumplings,food_dataset_v2\recipe_images\264_american_pork_dumplings.jpg,cloudflare_url/recipe_images/cf73ece6-06b3-58af-ae9f-7ee256381a0f.jpg
258,8c4d5197-62c9-5df4-9925-66ed7eb9eed3,American Pork Fried Rice,food_dataset_v2\recipe_images\258_american_pork_fried_rice.jpg,cloudflare_url/recipe_images/8c4d5197-62c9-5df4-9925-66ed7eb9eed3.jpg
254,84d31585-0a18-5799-8b0f-2463a8c1170d,American Pork Stir Fry,food_dataset_v2\recipe_images\254_american_pork_stir_fry.jpg,cloudflare_url/recipe_images/84d31585-0a18-5799-8b0f-2463a8c1170d.jpg
1215,b336c26c-125b-5ded-9725-207265811fb6,Anchovy Dip,food_dataset_v2\recipe_images\1215_anchovy_dip.jpg,cloudflare_url/recipe_images/b336c26c-125b-5ded-9725-207265811fb6.jpg
1769,9d687bfe-32db-5efe-ba52-f9f539589691,Andouille Sausage Galette,food_dataset_v2\recipe_images\1769_andouille_sausage_galette.jpg,cloudflare_url/recipe_images/9d687bfe-32db-5efe-ba52-f9f539589691.jpg
1906,79b26504-12c0-5007-870b-5b7e2fb9586f,Apple Croustade,food_dataset_v2\recipe_images\1906_apple_croustade.jpg,cloudflare_url/recipe_images/79b26504-12c0-5007-870b-5b7e2fb9586f.jpg
1900,833c7a4d-cddd-5ca5-92f2-19699054d319,Apple Flognarde,food_dataset_v2\recipe_images\1900_apple_flognarde.jpg,cloudflare_url/recipe_images/833c7a4d-cddd-5ca5-92f2-19699054d319.jpg
1807,08b8fb99-4d7b-5fae-a0d9-257e4a929b79,Apple Tart,food_dataset_v2\recipe_images\1807_apple_tart.jpg,cloudflare_url/recipe_images/08b8fb99-4d7b-5fae-a0d9-257e4a929b79.jpg
1862,c9a09a43-bedb-5898-a934-5148316c6764,Apple Turnover,food_dataset_v2\recipe_images\1862_apple_turnover.jpg,cloudflare_url/recipe_images/c9a09a43-bedb-5898-a934-5148316c6764.jpg
1923,b4b4f892-e211-5b40-9854-2c0f3e5a0f31,Applesauce,food_dataset_v2\recipe_images\1923_applesauce.jpg,cloudflare_url/recipe_images/b4b4f892-e211-5b40-9854-2c0f3e5a0f31.jpg
1869,73eef5ed-d95d-5f3b-9c74-93800fe88d94,Apricot Puff Pastry,food_dataset_v2\recipe_images\1869_apricot_puff_pastry.jpg,cloudflare_url/recipe_images/73eef5ed-d95d-5f3b-9c74-93800fe88d94.jpg
1796,1a4e52c8-7732-50dd-b678-22d182ce4074,Apricot Tart,food_dataset_v2\recipe_images\1796_apricot_tart.jpg,cloudflare_url/recipe_images/1a4e52c8-7732-50dd-b678-22d182ce4074.jpg
2114,cb0e721b-0ade-5f8d-93c0-f17965bf6515,Ardeche Caillettes,food_dataset_v2\recipe_images\2114_ardeche_caillettes.jpg,cloudflare_url/recipe_images/cb0e721b-0ade-5f8d-93c0-f17965bf6515.jpg
8023,923ab35a-f5a4-595a-8264-3632a4d9def5,Almond and Orange Blossom Cookies,food_dataset_v2\recipe_images\8023_almond_and_orange_blossom_cookies.jpg,cloudflare_url/recipe_images/923ab35a-f5a4-595a-8264-3632a4d9def5.jpg
8159,045347e3-5b5b-5701-91dc-918ade45752c,Alonissos Fish Soup,food_dataset_v2\recipe_images\8159_alonissos_fish_soup.jpg,cloudflare_url/recipe_images/045347e3-5b5b-5701-91dc-918ade45752c.jpg
8170,77571d6b-f0ec-5e60-8fd5-3e02d21a36b7,Amorgos Patatato,food_dataset_v2\recipe_images\8170_amorgos_patatato.jpg,cloudflare_url/recipe_images/77571d6b-f0ec-5e60-8fd5-3e02d21a36b7.jpg
7907,70e1889e-4a3a-576b-9718-4a528b028f7d,Amygdalota,,
8162,e35546e6-66f0-54c6-a6ba-48806dc89683,Andros Froutalia Omelette,,
7470,81c63187-abc7-5927-be5f-f2150335a206,Antikristo,,
7528,acc76f93-e8dd-57e9-88c7-e32231affa9a,Apaki,,
8231,a447d90c-b9d0-5d97-aa96-bfd1625bcbd2,Apokries Carnival Feast,food_dataset_v2\recipe_images\8231_apokries_carnival_feast.jpg,cloudflare_url/recipe_images/a447d90c-b9d0-5d97-aa96-bfd1625bcbd2.jpg
7704,50ce103a-ea79-518a-8632-c69c2e8b89ea,Arakas Laderos,food_dataset_v2\recipe_images\7704_arakas_laderos.jpg,cloudflare_url/recipe_images/50ce103a-ea79-518a-8632-c69c2e8b89ea.jpg
7802,ab3fa77b-3641-5e94-b0e2-207e0619ca47,Arakas Nistisimos,,
4089,d5950de1-8a71-51fe-b212-a9920dc8cdcf,Almond Granita,food_dataset_v2\recipe_images\4089_almond_granita.jpg,cloudflare_url/recipe_images/d5950de1-8a71-51fe-b212-a9920dc8cdcf.jpg
4022,8f59eb85-ea9f-5895-a718-e8d59a631ed8,Amaretti,food_dataset_v2\recipe_images\4022_amaretti.jpg,cloudflare_url/recipe_images/8f59eb85-ea9f-5895-a718-e8d59a631ed8.jpg
4183,75ef344a-d7b5-53c1-babf-36954354167a,Amaretto Sour,food_dataset_v2\recipe_images\4183_amaretto_sour.jpg,cloudflare_url/recipe_images/75ef344a-d7b5-53c1-babf-36954354167a.jpg
4136,f4f6aeba-e2aa-53eb-867e-24089dfaa912,Amatriciana Sauce,food_dataset_v2\recipe_images\4136_amatriciana_sauce.jpg,cloudflare_url/recipe_images/f4f6aeba-e2aa-53eb-867e-24089dfaa912.jpg
4181,c2341d86-019d-5022-9f14-df36a96eeaca,Americano Cocktail,food_dataset_v2\recipe_images\4181_americano_cocktail.jpg,cloudflare_url/recipe_images/c2341d86-019d-5022-9f14-df36a96eeaca.jpg
4016,aaed1078-f7cd-5b16-ae07-3d7c2fe90803,Amor Polenta Cake,food_dataset_v2\recipe_images\4016_amor_polenta_cake.jpg,cloudflare_url/recipe_images/aaed1078-f7cd-5b16-ae07-3d7c2fe90803.jpg
3826,e6d9832d-c889-5420-9328-3390708a5ddb,Anchovies on Toast,food_dataset_v2\recipe_images\3826_anchovies_on_toast.jpg,cloudflare_url/recipe_images/e6d9832d-c889-5420-9328-3390708a5ddb.jpg
3659,5cd8eb23-1442-56c8-8095-250efcc57ea3,Anchovies with Lemon,food_dataset_v2\recipe_images\3659_anchovies_with_lemon.jpg,cloudflare_url/recipe_images/5cd8eb23-1442-56c8-8095-250efcc57ea3.jpg
4151,c1dcd1e8-1827-5e9c-a1f7-98430c83a360,Anchovy Sauce,food_dataset_v2\recipe_images\4151_anchovy_sauce.jpg,cloudflare_url/recipe_images/c1dcd1e8-1827-5e9c-a1f7-98430c83a360.jpg
4214,0f2a9f97-ec03-531f-a3e2-6372a81dbdb8,Anelletti Al Forno,food_dataset_v2\recipe_images\4214_anelletti_al_forno.jpg,cloudflare_url/recipe_images/0f2a9f97-ec03-531f-a3e2-6372a81dbdb8.jpg
8793,133402e0-1989-5d31-b40f-97dc2ce90d23,Age Tofu with Grated Daikon,food_dataset_v2\recipe_images\8793_age_tofu_with_grated_daikon.jpg,cloudflare_url/recipe_images/133402e0-1989-5d31-b40f-97dc2ce90d23.jpg
8548,4d2f5869-d373-5667-8a34-b26cfead331b,Agedashi Tofu,food_dataset_v2\recipe_images\8548_agedashi_tofu.jpg,cloudflare_url/recipe_images/4d2f5869-d373-5667-8a34-b26cfead331b.jpg
9223,9d1ff750-670e-531a-88f7-81d77374b6a5,Agedashi Tofu Izakaya-style,food_dataset_v2\recipe_images\9223_agedashi_tofu_izakaya_style.jpg,cloudflare_url/recipe_images/9d1ff750-670e-531a-88f7-81d77374b6a5.jpg
9011,a1db66fb-b990-5873-8834-2cba1e5b65a1,Agemanju,,
8546,5eed41c7-b6d0-5d43-a5c1-fbaa6fa25c07,Aji Fry,food_dataset_v2\recipe_images\8546_aji_fry.jpg,cloudflare_url/recipe_images/5eed41c7-b6d0-5d43-a5c1-fbaa6fa25c07.jpg
8502,8689561f-8f7d-555f-8121-81942bb04b5e,Aji Shioyake,food_dataset_v2\recipe_images\8502_aji_shioyake.jpg,cloudflare_url/recipe_images/8689561f-8f7d-555f-8121-81942bb04b5e.jpg
8769,687da23b-75ad-5647-8990-2aa7a3df5b72,Ajitsuke Tamago,food_dataset_v2\recipe_images\8769_ajitsuke_tamago.jpg,cloudflare_url/recipe_images/687da23b-75ad-5647-8990-2aa7a3df5b72.jpg
9119,349350cf-dd3e-57a1-ab47-2cd6fce76cb5,Akashiyaki,,
9217,e94dcec0-3ddb-5a6f-9597-c21fc90f99c5,Aki No Takikomi Gohan,food_dataset_v2\recipe_images\9217_aki_no_takikomi_gohan.jpg,cloudflare_url/recipe_images/e94dcec0-3ddb-5a6f-9597-c21fc90f99c5.jpg
8968,c2789cf6-7506-5fbf-91ae-fe4568ef493f,Amanatto,,
4567,560c79b8-e8f3-58cf-b9a0-33725901ac83,Aguachile Tostadas,food_dataset_v2\recipe_images\4567_aguachile_tostadas.jpg,cloudflare_url/recipe_images/560c79b8-e8f3-58cf-b9a0-33725901ac83.jpg
4771,2c4ebc54-7cfb-5c11-ab4f-fe06bc05c31f,Aguachile Verde,food_dataset_v2\recipe_images\4771_aguachile_verde.jpg,cloudflare_url/recipe_images/2c4ebc54-7cfb-5c11-ab4f-fe06bc05c31f.jpg
4981,722d744e-37b0-5571-905e-cac38bd07604,Alambre,food_dataset_v2\recipe_images\4981_alambre.jpg,cloudflare_url/recipe_images/722d744e-37b0-5571-905e-cac38bd07604.jpg
4982,7deeceba-e9d4-50df-8cc2-75e91fc14340,Alambre Al Pastor,food_dataset_v2\recipe_images\4982_alambre_al_pastor.jpg,cloudflare_url/recipe_images/7deeceba-e9d4-50df-8cc2-75e91fc14340.jpg
4980,302c163a-e83f-574e-9bd4-2fca1b95d196,Alambre De Pollo,food_dataset_v2\recipe_images\4980_alambre_de_pollo.jpg,cloudflare_url/recipe_images/302c163a-e83f-574e-9bd4-2fca1b95d196.jpg
4619,62b0f08a-be24-5dd9-a0fb-f7551d7d1e96,Albóndigas Al Vapor,food_dataset_v2\recipe_images\4619_albóndigas_al_vapor.jpg,cloudflare_url/recipe_images/62b0f08a-be24-5dd9-a0fb-f7551d7d1e96.jpg
4617,c4186b00-531d-5a08-a02e-bb0f923be62e,Albóndigas En Chipotle,food_dataset_v2\recipe_images\4617_albóndigas_en_chipotle.jpg,cloudflare_url/recipe_images/c4186b00-531d-5a08-a02e-bb0f923be62e.jpg
4615,18d4d940-8742-5bb9-b721-999646e8ba7d,Albóndigas En Salsa De Tomate,food_dataset_v2\recipe_images\4615_albóndigas_en_salsa_de_tomate.jpg,cloudflare_url/recipe_images/18d4d940-8742-5bb9-b721-999646e8ba7d.jpg
5020,1c39dac4-0631-506d-8d39-2ff0a9173985,Alegría De Amaranto,food_dataset_v2\recipe_images\5020_alegría_de_amaranto.jpg,cloudflare_url/recipe_images/1c39dac4-0631-506d-8d39-2ff0a9173985.jpg
4809,5d3430fa-ef15-559c-9c2f-3b8bf2e14faa,Almeja Pismo,food_dataset_v2\recipe_images\4809_almeja_pismo.jpg,cloudflare_url/recipe_images/5d3430fa-ef15-559c-9c2f-3b8bf2e14faa.jpg
9976,e5089e0f-e384-5350-9be6-bc68d1ca9d26,Almond Paste Figurines from Algarve,food_dataset_v2\recipe_images\9976_almond_paste_figurines_from_algarve.jpg,cloudflare_url/recipe_images/e5089e0f-e384-5350-9be6-bc68d1ca9d26.jpg
9660,3b58b9b6-b066-5cb3-853e-bead27c1874e,Almond Soup Algarve Style,food_dataset_v2\recipe_images\9660_almond_soup_algarve_style.jpg,cloudflare_url/recipe_images/3b58b9b6-b066-5cb3-853e-bead27c1874e.jpg
9965,170bcb3f-5d64-5f82-8d75-a19a459aa5f9,Almond and Orange Cake,food_dataset_v2\recipe_images\9965_almond_and_orange_cake.jpg,cloudflare_url/recipe_images/170bcb3f-5d64-5f82-8d75-a19a459aa5f9.jpg
10148,c8757dc0-8ae1-5245-b1df-5161496ad48c,Arroz Doce,food_dataset_v2\recipe_images\10148_arroz_doce.jpg,cloudflare_url/recipe_images/c8757dc0-8ae1-5245-b1df-5161496ad48c.jpg
9622,ef9b2afd-51fe-539f-b621-aa1a4c93a067,Artichoke Rice,food_dataset_v2\recipe_images\9622_artichoke_rice.jpg,cloudflare_url/recipe_images/ef9b2afd-51fe-539f-b621-aa1a4c93a067.jpg
9790,2a18d4ae-ab50-5e2b-bf89-34879e85e309,Arugula and Presunto Salad,food_dataset_v2\recipe_images\9790_arugula_and_presunto_salad.jpg,cloudflare_url/recipe_images/2a18d4ae-ab50-5e2b-bf89-34879e85e309.jpg
9621,0fcc15c4-8af2-5c72-beb7-da756383065f,Asparagus Rice,food_dataset_v2\recipe_images\9621_asparagus_rice.jpg,cloudflare_url/recipe_images/0fcc15c4-8af2-5c72-beb7-da756383065f.jpg
9798,7c3357f1-513a-5e5e-9bcd-0fe5fd5b8fed,Asparagus and Egg Salad,food_dataset_v2\recipe_images\9798_asparagus_and_egg_salad.jpg,cloudflare_url/recipe_images/7c3357f1-513a-5e5e-9bcd-0fe5fd5b8fed.jpg
10114,a58d36ef-8766-50ac-aa75-3b350fa58d4b,Avocado and Shrimp Salad,food_dataset_v2\recipe_images\10114_avocado_and_shrimp_salad.jpg,cloudflare_url/recipe_images/a58d36ef-8766-50ac-aa75-3b350fa58d4b.jpg
9921,38e70394-5ace-5e32-a425-64f9389c6723,Azevias,food_dataset_v2\recipe_images\9921_azevias.jpg,cloudflare_url/recipe_images/38e70394-5ace-5e32-a425-64f9389c6723.jpg
5551,93714a43-1a31-5821-b3d2-70cbaa2dd891,Albóndigas En Salsa,food_dataset_v2\recipe_images\5551_albóndigas_en_salsa.jpg,cloudflare_url/recipe_images/93714a43-1a31-5821-b3d2-70cbaa2dd891.jpg
5867,025905a3-73b9-5f8b-9d5e-60af93474c12,Alfajores,food_dataset_v2\recipe_images\5867_alfajores.jpg,cloudflare_url/recipe_images/025905a3-73b9-5f8b-9d5e-60af93474c12.jpg
5766,bf3d4de7-3916-55f9-9155-b2bccb0ef339,Alioli,food_dataset_v2\recipe_images\5766_alioli.jpg,cloudflare_url/recipe_images/bf3d4de7-3916-55f9-9155-b2bccb0ef339.jpg
5701,03dfda7d-2232-5e1a-9659-941e855233ce,All I Pebre,food_dataset_v2\recipe_images\5701_all_i_pebre.jpg,cloudflare_url/recipe_images/03dfda7d-2232-5e1a-9659-941e855233ce.jpg
5999,92c63afb-9a98-53f8-8b5e-0f61ea1e0c1e,All I Pebre Valencia,food_dataset_v2\recipe_images\5999_all_i_pebre_valencia.jpg,cloudflare_url/recipe_images/92c63afb-9a98-53f8-8b5e-0f61ea1e0c1e.jpg
5385,0ca450e9-a3b1-5783-b265-e4f8c34e5166,Almejas Al Ajillo,food_dataset_v2\recipe_images\5385_almejas_al_ajillo.jpg,cloudflare_url/recipe_images/0ca450e9-a3b1-5783-b265-e4f8c34e5166.jpg
6252,18645d71-a9ab-57ed-a683-6264474f77b8,Almejas Al Natural,food_dataset_v2\recipe_images\6252_almejas_al_natural.jpg,cloudflare_url/recipe_images/18645d71-a9ab-57ed-a683-6264474f77b8.jpg
5688,adc88175-4fcd-52c7-9dd3-e57cd4cabf2c,Almejas Con Arroz,food_dataset_v2\recipe_images\5688_almejas_con_arroz.jpg,cloudflare_url/recipe_images/adc88175-4fcd-52c7-9dd3-e57cd4cabf2c.jpg
5707,4cb89b83-373f-5c62-9af4-77315fffb4d7,Almejas a La Bulhão Pato,food_dataset_v2\recipe_images\5707_almejas_a_la_bulhão_pato.jpg,cloudflare_url/recipe_images/4cb89b83-373f-5c62-9af4-77315fffb4d7.jpg
5899,78db85b2-5dd7-5175-9fa9-45b9abd8850b,Almendrados,food_dataset_v2\recipe_images\5899_almendrados.jpg,cloudflare_url/recipe_images/78db85b2-5dd7-5175-9fa9-45b9abd8850b.jpg
3038,110ceb78-9151-5757-871d-29de1afecbb0,Bamee Kiew Goong,food_dataset_v2\recipe_images\3038_bamee_kiew_goong.jpg,cloudflare_url/recipe_images/110ceb78-9151-5757-871d-29de1afecbb0.jpg
2521,b07075ec-8789-571b-a9b7-5a9106b4384f,Bamee Kiew Moo,food_dataset_v2\recipe_images\2521_bamee_kiew_moo.jpg,cloudflare_url/recipe_images/b07075ec-8789-571b-a9b7-5a9106b4384f.jpg
3143,319a4e6c-d773-5600-a01e-52dbb887d8e9,Bamee Kiew Moo Daeng,food_dataset_v2\recipe_images\3143_bamee_kiew_moo_daeng.jpg,cloudflare_url/recipe_images/319a4e6c-d773-5600-a01e-52dbb887d8e9.jpg
2526,90e238b5-87a1-57fc-be3b-9234db49d8e7,Bamee Ped,food_dataset_v2\recipe_images\2526_bamee_ped.jpg,cloudflare_url/recipe_images/90e238b5-87a1-57fc-be3b-9234db49d8e7.jpg
2854,e473c923-7fa6-5d7d-92c7-f93680814f47,Banana Fritters,food_dataset_v2\recipe_images\2854_banana_fritters.jpg,cloudflare_url/recipe_images/e473c923-7fa6-5d7d-92c7-f93680814f47.jpg
2808,57c8392c-b201-5590-87a1-c93ae1ac52a8,Banana Satay Sauce,food_dataset_v2\recipe_images\2808_banana_satay_sauce.jpg,cloudflare_url/recipe_images/57c8392c-b201-5590-87a1-c93ae1ac52a8.jpg
2821,7704a2f9-062a-5af0-83a6-0cbe7add0b2d,Banana in Coconut Milk,food_dataset_v2\recipe_images\2821_banana_in_coconut_milk.jpg,cloudflare_url/recipe_images/7704a2f9-062a-5af0-83a6-0cbe7add0b2d.jpg
2629,3e12b478-b18d-52fe-843e-af8efb6c9662,Beef Satay Skewers,food_dataset_v2\recipe_images\2629_beef_satay_skewers.jpg,cloudflare_url/recipe_images/3e12b478-b18d-52fe-843e-af8efb6c9662.jpg
2916,61761fb4-fed3-5067-a7f9-b5ce3887e04b,Black Jelly Drink Nam Chao Kuay,food_dataset_v2\recipe_images\2916_black_jelly_drink_nam_chao_kuay.jpg,cloudflare_url/recipe_images/61761fb4-fed3-5067-a7f9-b5ce3887e04b.jpg
2816,06b8167a-239f-5555-8f11-d03c4200a700,Black Sticky Rice Pudding,food_dataset_v2\recipe_images\2816_black_sticky_rice_pudding.jpg,cloudflare_url/recipe_images/06b8167a-239f-5555-8f11-d03c4200a700.jpg
6703,271dc403-af7a-5e1e-9c4a-1a85a7a87242,Adana Turnip Juice,food_dataset_v2\recipe_images\6703_adana_turnip_juice.jpg,cloudflare_url/recipe_images/271dc403-af7a-5e1e-9c4a-1a85a7a87242.jpg
7217,bff0cb36-c4e6-551b-92c3-7102295049d9,Adapazarı Islama Köfte,food_dataset_v2\recipe_images\7217_adapazarı_islama_köfte.jpg,cloudflare_url/recipe_images/bff0cb36-c4e6-551b-92c3-7102295049d9.jpg
7222,1d52d493-c781-5c40-83f5-e595c517e0e0,Aegean Olive Oil Dishes,food_dataset_v2\recipe_images\7222_aegean_olive_oil_dishes.jpg,cloudflare_url/recipe_images/1d52d493-c781-5c40-83f5-e595c517e0e0.jpg
6793,03134141-f32a-566f-a225-76d738621315,Afyon Kaymak,,
7204,b79c4d25-152a-59b5-9b3b-cf337286e276,Afyon Kaymakli Ekmek Kadayifi,food_dataset_v2\recipe_images\7204_afyon_kaymakli_ekmek_kadayifi.jpg,cloudflare_url/recipe_images/b79c4d25-152a-59b5-9b3b-cf337286e276.jpg
6753,d97dbde6-c9d6-5b85-8c5f-99936f8fdb61,Afyon Sucuk,food_dataset_v2\recipe_images\6753_afyon_sucuk.jpg,cloudflare_url/recipe_images/d97dbde6-c9d6-5b85-8c5f-99936f8fdb61.jpg
7215,07e0eeb2-0d26-57af-a1ef-875037a47e7f,Agri Abdigor Meatball,food_dataset_v2\recipe_images\7215_agri_abdigor_meatball.jpg,cloudflare_url/recipe_images/07e0eeb2-0d26-57af-a1ef-875037a47e7f.jpg
6935,3b447289-cea1-5ae3-a2dc-2049f63696a4,Ahtapot Guvec,,
7266,a1d349e3-ecbe-5ecb-a39d-422395392e55,Ahtapot Izgara,,
6353,931c2a3c-7afd-5865-9d2d-54e4be388dd9,Ahtapot Salatasi,,
1118,e5db3da6-ca4b-5e35-9f94-4c74336e5eb3,American Rice Pilaf,food_dataset_v2\recipe_images\1118_american_rice_pilaf.jpg,cloudflare_url/recipe_images/e5db3da6-ca4b-5e35-9f94-4c74336e5eb3.jpg
662,18ce5814-2ea1-5a6a-a125-fd81e02c425c,American Sandwich Cake,food_dataset_v2\recipe_images\662_american_sandwich_cake.jpg,cloudflare_url/recipe_images/18ce5814-2ea1-5a6a-a125-fd81e02c425c.jpg
371,2b62ffa2-165c-574f-911e-739c1587e32a,American Spaghetti Bolognese,food_dataset_v2\recipe_images\371_american_spaghetti_bolognese.jpg,cloudflare_url/recipe_images/2b62ffa2-165c-574f-911e-739c1587e32a.jpg
752,ba6ce21b-5aba-5a0f-8204-01d8454a8973,American Style Crepes,food_dataset_v2\recipe_images\752_american_style_crepes.jpg,cloudflare_url/recipe_images/ba6ce21b-5aba-5a0f-8204-01d8454a8973.jpg
384,7dbc2f66-44ad-5e9a-9341-37cad5ecf0a2,American Style Goulash,food_dataset_v2\recipe_images\384_american_style_goulash.jpg,cloudflare_url/recipe_images/7dbc2f66-44ad-5e9a-9341-37cad5ecf0a2.jpg
911,a477784b-bc4b-57cb-8e0c-b3bbbcc0feb8,American Style Mojito,food_dataset_v2\recipe_images\911_american_style_mojito.jpg,cloudflare_url/recipe_images/a477784b-bc4b-57cb-8e0c-b3bbbcc0feb8.jpg
461,46304e58-8f8c-551e-923b-93421b36073a,American Style Pozole,food_dataset_v2\recipe_images\461_american_style_pozole.jpg,cloudflare_url/recipe_images/46304e58-8f8c-551e-923b-93421b36073a.jpg
740,4a45de97-ec00-575d-a4aa-b4732c7503cd,American Style Scones,food_dataset_v2\recipe_images\740_american_style_scones.jpg,cloudflare_url/recipe_images/4a45de97-ec00-575d-a4aa-b4732c7503cd.jpg
1071,5b514899-7dac-5613-b5c0-894b6f1fd24e,American Style Spaghetti Bolognese,food_dataset_v2\recipe_images\1071_american_style_spaghetti_bolognese.jpg,cloudflare_url/recipe_images/5b514899-7dac-5613-b5c0-894b6f1fd24e.jpg
367,6b4faaa6-e4c6-51b6-9f5f-eff2b6a8f976,American Style Spaghetti Carbonara,food_dataset_v2\recipe_images\367_american_style_spaghetti_carbonara.jpg,cloudflare_url/recipe_images/6b4faaa6-e4c6-51b6-9f5f-eff2b6a8f976.jpg
1239,7e9e16a6-1a7d-5caf-bc94-0f4319db4d36,Artichokes Barigoule,food_dataset_v2\recipe_images\1239_artichokes_barigoule.jpg,cloudflare_url/recipe_images/7e9e16a6-1a7d-5caf-bc94-0f4319db4d36.jpg
1241,7546e2ec-bcf9-529b-a33a-5b5327e273cb,Asparagus with Mousseline Sauce,food_dataset_v2\recipe_images\1241_asparagus_with_mousseline_sauce.jpg,cloudflare_url/recipe_images/7546e2ec-bcf9-529b-a33a-5b5327e273cb.jpg
2015,06b24236-e8d5-540c-871a-e9cb6861eb42,Aurora Sauce,food_dataset_v2\recipe_images\2015_aurora_sauce.jpg,cloudflare_url/recipe_images/06b24236-e8d5-540c-871a-e9cb6861eb42.jpg
1680,c6cf43ac-a8a0-5b4e-97f8-2b1ecfa6f3e7,Autumn Vegetable Sauté,food_dataset_v2\recipe_images\1680_autumn_vegetable_sauté.jpg,cloudflare_url/recipe_images/c6cf43ac-a8a0-5b4e-97f8-2b1ecfa6f3e7.jpg
2069,b9ce1775-304a-55cc-a083-b8b82bb407f8,Auvergne Pounti,food_dataset_v2\recipe_images\2069_auvergne_pounti.jpg,cloudflare_url/recipe_images/b9ce1775-304a-55cc-a083-b8b82bb407f8.jpg
1473,e5f991d3-4502-584b-8c64-ae84557286e9,Auvergne Stew,food_dataset_v2\recipe_images\1473_auvergne_stew.jpg,cloudflare_url/recipe_images/e5f991d3-4502-584b-8c64-ae84557286e9.jpg
2074,76f270ec-3642-5856-bc1a-32113b7362c2,Auvergne Stuffed Cabbage,food_dataset_v2\recipe_images\2074_auvergne_stuffed_cabbage.jpg,cloudflare_url/recipe_images/76f270ec-3642-5856-bc1a-32113b7362c2.jpg
2082,45ebbb4e-ea0f-5ba7-b426-d8c0723b1975,Auvergne Tripe Rolls,food_dataset_v2\recipe_images\2082_auvergne_tripe_rolls.jpg,cloudflare_url/recipe_images/45ebbb4e-ea0f-5ba7-b426-d8c0723b1975.jpg
1747,57c4c108-c32d-59ca-8df9-9c6813e97fc4,Auvergne Truffade,food_dataset_v2\recipe_images\1747_auvergne_truffade.jpg,cloudflare_url/recipe_images/57c4c108-c32d-59ca-8df9-9c6813e97fc4.jpg
1736,f86c677c-4936-513c-9460-9b222a1dd665,Aveyron Aligot,food_dataset_v2\recipe_images\1736_aveyron_aligot.jpg,cloudflare_url/recipe_images/f86c677c-4936-513c-9460-9b222a1dd665.jpg
7447,5cec7dc6-7a25-5fbc-bac3-cfc5e0efaf77,Arnaki Galatiko,,
7431,2d59f8f1-5ac2-5106-86b2-44b8bee99597,Arni Bouti,food_dataset_v2\recipe_images\7431_arni_bouti.jpg,cloudflare_url/recipe_images/2d59f8f1-5ac2-5106-86b2-44b8bee99597.jpg
7434,5355b292-7e92-5cb1-b6d6-cb04b8a3579e,Arni Exohiko,food_dataset_v2\recipe_images\7434_arni_exohiko.jpg,cloudflare_url/recipe_images/5355b292-7e92-5cb1-b6d6-cb04b8a3579e.jpg
7432,fb2a175a-bc08-5a20-8f3b-7cfadd210605,Arni Fricassee,food_dataset_v2\recipe_images\7432_arni_fricassee.jpg,cloudflare_url/recipe_images/fb2a175a-bc08-5a20-8f3b-7cfadd210605.jpg
7433,d9523907-a722-5f39-812b-ec545bc9bde8,Arni Giouvetsi,food_dataset_v2\recipe_images\7433_arni_giouvetsi.jpg,cloudflare_url/recipe_images/d9523907-a722-5f39-812b-ec545bc9bde8.jpg
7441,c81053cc-0d0b-57d2-869e-c9c23451b178,Arni Kapama,food_dataset_v2\recipe_images\7441_arni_kapama.jpg,cloudflare_url/recipe_images/c81053cc-0d0b-57d2-869e-c9c23451b178.jpg
7425,5da409dc-e0bc-51f3-a982-4bdb49260621,Arni Kleftiko,food_dataset_v2\recipe_images\7425_arni_kleftiko.jpg,cloudflare_url/recipe_images/5da409dc-e0bc-51f3-a982-4bdb49260621.jpg
7444,f7ef8a9a-4a05-5039-870c-355b04e730c6,Arni Kokinisto,food_dataset_v2\recipe_images\7444_arni_kokinisto.jpg,cloudflare_url/recipe_images/f7ef8a9a-4a05-5039-870c-355b04e730c6.jpg
7428,c195f000-10ea-5389-9c0c-d9922656dfca,Arni Lemonato,food_dataset_v2\recipe_images\7428_arni_lemonato.jpg,cloudflare_url/recipe_images/c195f000-10ea-5389-9c0c-d9922656dfca.jpg
7448,ba8df3ec-4c2e-5dc9-b012-9cccea2e52b7,Arni Me Damaskina,food_dataset_v2\recipe_images\7448_arni_me_damaskina.jpg,cloudflare_url/recipe_images/ba8df3ec-4c2e-5dc9-b012-9cccea2e52b7.jpg
3321,95eca6ed-cbd3-5eac-bcf9-8a1c374b8bd3,Anelletti Al Forno,food_dataset_v2\recipe_images\3321_anelletti_al_forno.jpg,cloudflare_url/recipe_images/95eca6ed-cbd3-5eac-bcf9-8a1c374b8bd3.jpg
3357,6a479dad-636c-580b-a867-5cbaedebdd64,Anolini in Broth,food_dataset_v2\recipe_images\3357_anolini_in_broth.jpg,cloudflare_url/recipe_images/6a479dad-636c-580b-a867-5cbaedebdd64.jpg
3745,c807a5fc-0aeb-5a09-89aa-932a6dea28a7,Antipasto Misto Platter,food_dataset_v2\recipe_images\3745_antipasto_misto_platter.jpg,cloudflare_url/recipe_images/c807a5fc-0aeb-5a09-89aa-932a6dea28a7.jpg
4041,10a5c93d-dace-5b82-85e6-e3360151e506,Apple Fritters,food_dataset_v2\recipe_images\4041_apple_fritters.jpg,cloudflare_url/recipe_images/10a5c93d-dace-5b82-85e6-e3360151e506.jpg
4120,fc0cd0b1-b1d2-5c75-8b99-20a9c17cb56a,Apple Strudel,food_dataset_v2\recipe_images\4120_apple_strudel.jpg,cloudflare_url/recipe_images/fc0cd0b1-b1d2-5c75-8b99-20a9c17cb56a.jpg
4255,5804bd8c-e57e-5795-a991-cd69bd95040f,Arancini,food_dataset_v2\recipe_images\4255_arancini.jpg,cloudflare_url/recipe_images/5804bd8c-e57e-5795-a991-cd69bd95040f.jpg
3459,b0917d39-278f-59cf-a49a-a3c2451e2a57,Arancini,food_dataset_v2\recipe_images\3459_arancini.jpg,cloudflare_url/recipe_images/b0917d39-278f-59cf-a49a-a3c2451e2a57.jpg
3750,a717d5a4-4621-57e4-9bed-be7c58451195,Arancini,food_dataset_v2\recipe_images\3750_arancini.jpg,cloudflare_url/recipe_images/a717d5a4-4621-57e4-9bed-be7c58451195.jpg
3554,de548b64-8771-5e53-9d12-9b29154284e2,Arista Di Maiale,food_dataset_v2\recipe_images\3554_arista_di_maiale.jpg,cloudflare_url/recipe_images/de548b64-8771-5e53-9d12-9b29154284e2.jpg
4131,c9e052a8-afc9-5565-9591-b18dd0173ffa,Arrabbiata Sauce,food_dataset_v2\recipe_images\4131_arrabbiata_sauce.jpg,cloudflare_url/recipe_images/c9e052a8-afc9-5565-9591-b18dd0173ffa.jpg
9006,1a875645-13de-5e4c-8606-af198e23bfc5,Amazake,,
8771,169d8459-8b51-5f2c-8afd-6a3761e2faa6,Amazake-zuke,,
9066,f4b027db-e731-578c-ab6d-4bb113cacdfe,Amazu,,
8977,304cefa4-2ee2-5b84-84f2-1415c594a155,Ame,food_dataset_v2\recipe_images\8977_ame.jpg,cloudflare_url/recipe_images/304cefa4-2ee2-5b84-84f2-1415c594a155.jpg
8858,e4fd9ec2-dd4b-50aa-bbbd-8eb64883cb68,An Pan,food_dataset_v2\recipe_images\8858_an_pan.jpg,cloudflare_url/recipe_images/e4fd9ec2-dd4b-50aa-bbbd-8eb64883cb68.jpg
8474,2c7a405d-6bdd-5b1a-b3b5-80c0fc49ce81,Anago Don,food_dataset_v2\recipe_images\8474_anago_don.jpg,cloudflare_url/recipe_images/2c7a405d-6bdd-5b1a-b3b5-80c0fc49ce81.jpg
8310,27d74701-672e-5028-9666-fc6ee006fd78,Anago Nigiri,food_dataset_v2\recipe_images\8310_anago_nigiri.jpg,cloudflare_url/recipe_images/27d74701-672e-5028-9666-fc6ee006fd78.jpg
8645,bcc58977-06e1-55ce-b35b-9728f74ccb26,Anago Tempura,food_dataset_v2\recipe_images\8645_anago_tempura.jpg,cloudflare_url/recipe_images/bcc58977-06e1-55ce-b35b-9728f74ccb26.jpg
8784,503c6a10-0270-5f53-857d-aee110865713,Ankake Tofu,food_dataset_v2\recipe_images\8784_ankake_tofu.jpg,cloudflare_url/recipe_images/503c6a10-0270-5f53-857d-aee110865713.jpg
8409,a99403dd-7995-5904-890c-8cf498d5f59d,Ankake Yakisoba,food_dataset_v2\recipe_images\8409_ankake_yakisoba.jpg,cloudflare_url/recipe_images/a99403dd-7995-5904-890c-8cf498d5f59d.jpg
4798,a58306d8-ab4d-582e-8b15-d8d316026589,Almejas Chocolatas,food_dataset_v2\recipe_images\4798_almejas_chocolatas.jpg,cloudflare_url/recipe_images/a58306d8-ab4d-582e-8b15-d8d316026589.jpg
5018,109d3c12-70a1-5fad-9aac-17993122086a,Ante De Mamey,food_dataset_v2\recipe_images\5018_ante_de_mamey.jpg,cloudflare_url/recipe_images/109d3c12-70a1-5fad-9aac-17993122086a.jpg
5017,08ce6e21-4f5e-5935-abc6-8036ef3bf198,Ante De Pinon,food_dataset_v2\recipe_images\5017_ante_de_pinon.jpg,cloudflare_url/recipe_images/08ce6e21-4f5e-5935-abc6-8036ef3bf198.jpg
5277,0ec68d0f-99a5-5de6-ac27-be0f6aed1397,Antojitos Street Food Spread,food_dataset_v2\recipe_images\5277_antojitos_street_food_spread.jpg,cloudflare_url/recipe_images/0ec68d0f-99a5-5de6-ac27-be0f6aed1397.jpg
5239,5627441c-299c-590b-bad3-5afab0166538,Apple Salad,food_dataset_v2\recipe_images\5239_apple_salad.jpg,cloudflare_url/recipe_images/5627441c-299c-590b-bad3-5afab0166538.jpg
4606,432078c2-da3a-5918-9678-986fce3d298f,Arrachera,food_dataset_v2\recipe_images\4606_arrachera.jpg,cloudflare_url/recipe_images/432078c2-da3a-5918-9678-986fce3d298f.jpg
4823,b8a15e5d-34f8-5043-a721-25df6f590cef,Arroz Blanco,food_dataset_v2\recipe_images\4823_arroz_blanco.jpg,cloudflare_url/recipe_images/b8a15e5d-34f8-5043-a721-25df6f590cef.jpg
4829,b68eb473-da52-5a1e-96c9-0be2f54ee1d3,Arroz Con Chepil,food_dataset_v2\recipe_images\4829_arroz_con_chepil.jpg,cloudflare_url/recipe_images/b68eb473-da52-5a1e-96c9-0be2f54ee1d3.jpg
4831,3c70ba26-33f6-5f87-b44a-243861e81d67,Arroz Con Elote,food_dataset_v2\recipe_images\4831_arroz_con_elote.jpg,cloudflare_url/recipe_images/3c70ba26-33f6-5f87-b44a-243861e81d67.jpg
5000,2e42dae5-1b3c-5c69-a793-63ce397473df,Arroz Con Leche,food_dataset_v2\recipe_images\5000_arroz_con_leche.jpg,cloudflare_url/recipe_images/2e42dae5-1b3c-5c69-a793-63ce397473df.jpg
9645,bcce0047-d39f-5449-b7c3-a101dc8869f3,Açorda Alentejana,food_dataset_v2\recipe_images\9645_açorda_alentejana.jpg,cloudflare_url/recipe_images/bcce0047-d39f-5449-b7c3-a101dc8869f3.jpg
9815,f9f5d5cc-7dae-5c68-b530-b7b35237bd0a,Açorda De Alho,food_dataset_v2\recipe_images\9815_açorda_de_alho.jpg,cloudflare_url/recipe_images/f9f5d5cc-7dae-5c68-b530-b7b35237bd0a.jpg
9678,a8cf07fa-9749-59ec-81db-64daad046f0b,Açorda De Bacalhau,food_dataset_v2\recipe_images\9678_açorda_de_bacalhau.jpg,cloudflare_url/recipe_images/a8cf07fa-9749-59ec-81db-64daad046f0b.jpg
9907,4d55bbaf-76b7-5576-80c2-a8a56344b127,Baba De Camelo,food_dataset_v2\recipe_images\9907_baba_de_camelo.jpg,cloudflare_url/recipe_images/4d55bbaf-76b7-5576-80c2-a8a56344b127.jpg
10174,b7d2d9b7-d5c6-5f2e-9b03-3431d7cf7028,Baked Apple,food_dataset_v2\recipe_images\10174_baked_apple.jpg,cloudflare_url/recipe_images/b7d2d9b7-d5c6-5f2e-9b03-3431d7cf7028.jpg
9832,0d1073a1-ef06-525f-8bef-256eeef9c360,Baked Beans Alentejo Style,food_dataset_v2\recipe_images\9832_baked_beans_alentejo_style.jpg,cloudflare_url/recipe_images/0d1073a1-ef06-525f-8bef-256eeef9c360.jpg
9863,83a448e0-d1e1-54a7-a5fe-3774cf5e1b6d,Baked Camembert Portuguese Style,food_dataset_v2\recipe_images\9863_baked_camembert_portuguese_style.jpg,cloudflare_url/recipe_images/83a448e0-d1e1-54a7-a5fe-3774cf5e1b6d.jpg
10079,09cd8019-d2cc-5a8b-8a0a-894ebc17612b,Baked Crispy Rice with Chorizo,food_dataset_v2\recipe_images\10079_baked_crispy_rice_with_chorizo.jpg,cloudflare_url/recipe_images/09cd8019-d2cc-5a8b-8a0a-894ebc17612b.jpg
10109,7874ea15-2579-52b9-a36d-7be4ce847c4d,Baked Egg Casserole with Vegetables,food_dataset_v2\recipe_images\10109_baked_egg_casserole_with_vegetables.jpg,cloudflare_url/recipe_images/7874ea15-2579-52b9-a36d-7be4ce847c4d.jpg
9844,b3171c04-86aa-5387-bc16-e5580fbfbd34,Baked Onions Stuffed with Meat,food_dataset_v2\recipe_images\9844_baked_onions_stuffed_with_meat.jpg,cloudflare_url/recipe_images/b3171c04-86aa-5387-bc16-e5580fbfbd34.jpg
5782,1d10231d-4516-56a5-a606-579749b868b2,Almogrote,,
6088,973397dc-c84f-569b-9de7-756a7be9473f,Almogrote De La Gomera,food_dataset_v2\recipe_images\6088_almogrote_de_la_gomera.jpg,cloudflare_url/recipe_images/973397dc-c84f-569b-9de7-756a7be9473f.jpg
6206,1063d3e3-3c37-5564-8df4-050ecc2f3cbb,Almond Blossom Festival Cake,,
5591,91bbc0df-a8e5-54f5-9e17-3002d44ba890,Almond Chicken,,
5918,6dfca226-a5d4-5100-8b41-4aedea66bbe2,Almond Ice Cream,food_dataset_v2\recipe_images\5918_almond_ice_cream.jpg,cloudflare_url/recipe_images/6dfca226-a5d4-5100-8b41-4aedea66bbe2.jpg
5307,fcb447e2-cc23-5d4d-a655-a6c652145f4e,Almond Soup,,
5935,8f406707-ed45-5667-baa5-4ed0e50a3c99,Almond and Orange Tart,,
5997,ed521106-eb0a-5fdd-8611-5a7c1eaf3b5e,Alubias De Tolosa,,
5746,eda3a196-0902-57c9-91f6-97a479026523,Alubias De Tolosa,,
6106,bea6e7a9-1c96-5ed1-b7fe-77947b3ad2a8,Anchoas De Santoña,,
3127,0315e83b-9e9e-5583-b80b-bd99c8bf0563,Bu Du Southern Fermented Fish Sauce,,
3103,26185030-5d71-5658-9197-c1fd6d0211dc,Butterfly Pea Flower Tea,,
2923,fc514a86-43c8-588b-9c67-fcc4021e0453,Cha Dam Yen,,
3108,0b152c65-7028-5d1c-bc1a-0b150813ae0f,Cha Manao,,
2919,bff056ae-d94c-559b-b604-6a64fa17b635,Chang Beer Thai-style Beer Cocktail,,
2633,d396b5c3-9aef-5665-a6ae-211f23990305,Chicken Satay with Peanut Sauce,,
2287,82d7b6ec-674f-53f6-8d7c-91c1daff5bc4,Choo Chee Curry with Fish,,
2281,b02e86a0-9477-5ee3-9372-a3216f0c22a2,Choo Chee Curry with Salmon,,
2283,eacdb7ed-61ba-5230-ac32-225036007019,Choo Chee Curry with Shrimp,,
3112,26c672e2-a4db-53ea-b532-c1305f4a60ef,Chrysanthemum Juice Iced,,
6844,efe076f0-e0ca-52f4-93f1-4a3599bd3786,Akcaabat Kofte,,
6770,e4bcdbdf-e257-5342-8180-4585d61efe91,Akcaabat Meatball,,
6651,7287c75a-4da5-5610-ab0f-b3b05650118f,Akide Sugar Hard Candy,,
6729,43480f6d-1445-5805-8e74-9ab43894b395,Aksaray Braided Soup,food_dataset_v2\recipe_images\6729_aksaray_braided_soup.jpg,cloudflare_url/recipe_images/43480f6d-1445-5805-8e74-9ab43894b395.jpg
6934,d9743049-e222-50fa-94a1-f51bd503a8d9,Alabalik Izgara,,
6383,8df6c839-d27b-5dc8-9758-c2ed682f83be,Alaca Corba,,
6528,54662401-98d2-5f6b-812f-406a17ae0dda,Albanian Liver Appetizer,,
6532,458f7280-f02e-5b61-95bd-eeead231ec64,Ali Esinleri Mixed Meze Selection,food_dataset_v2\recipe_images\6532_ali_esinleri_mixed_meze_selection.jpg,cloudflare_url/recipe_images/458f7280-f02e-5b61-95bd-eeead231ec64.jpg
6814,215f5e66-0c08-57a6-a202-4e7be07510a0,Ali Nazik Kebab on Smoked Eggplant Puree,food_dataset_v2\recipe_images\6814_ali_nazik_kebab_on_smoked_eggplant_puree.jpg,cloudflare_url/recipe_images/215f5e66-0c08-57a6-a202-4e7be07510a0.jpg
7091,2a1198f6-c7cb-565d-8f56-4ed87ff443ea,Ali Pasha Pilaf Stew,food_dataset_v2\recipe_images\7091_ali_pasha_pilaf_stew.jpg,cloudflare_url/recipe_images/2a1198f6-c7cb-565d-8f56-4ed87ff443ea.jpg
928,aca53471-3c75-5d44-8a68-7b2b5d572955,American Style Trifle,food_dataset_v2\recipe_images\928_american_style_trifle.jpg,cloudflare_url/recipe_images/aca53471-3c75-5d44-8a68-7b2b5d572955.jpg
684,50ede275-098c-568d-8631-248fa01a681e,American Veggie Wrap,food_dataset_v2\recipe_images\684_american_veggie_wrap.jpg,cloudflare_url/recipe_images/50ede275-098c-568d-8631-248fa01a681e.jpg
313,4a991eb3-75aa-5f21-8fd5-ec4fa944e145,American-style Fish and Chips,food_dataset_v2\recipe_images\313_american_style_fish_and_chips.jpg,cloudflare_url/recipe_images/4a991eb3-75aa-5f21-8fd5-ec4fa944e145.jpg
983,ebd7511f-af6d-5801-8092-206c0ec9367b,American-style Pesto Sauce,food_dataset_v2\recipe_images\983_american_style_pesto_sauce.jpg,cloudflare_url/recipe_images/ebd7511f-af6d-5801-8092-206c0ec9367b.jpg
802,4400d262-5cb3-5780-9f76-0269d16af371,American-style Rice Pilaf,food_dataset_v2\recipe_images\802_american_style_rice_pilaf.jpg,cloudflare_url/recipe_images/4400d262-5cb3-5780-9f76-0269d16af371.jpg
271,c536c345-00c4-524a-97f2-b47acd9836b3,Andouille Sausage Jambalaya,food_dataset_v2\recipe_images\271_andouille_sausage_jambalaya.jpg,cloudflare_url/recipe_images/c536c345-00c4-524a-97f2-b47acd9836b3.jpg
1009,cb9424d6-8ef9-5ef2-b836-a1ade95344ca,Angel Biscuits,food_dataset_v2\recipe_images\1009_angel_biscuits.jpg,cloudflare_url/recipe_images/cb9424d6-8ef9-5ef2-b836-a1ade95344ca.jpg
840,b2f5ebf3-67f6-5d96-95ab-d9b878cf5f9e,Angel Food Cake,food_dataset_v2\recipe_images\840_angel_food_cake.jpg,cloudflare_url/recipe_images/b2f5ebf3-67f6-5d96-95ab-d9b878cf5f9e.jpg
390,1c4ad42a-3b78-5e5f-b1e1-32b03eea7a38,Angel Hair Pasta with Shrimp,food_dataset_v2\recipe_images\390_angel_hair_pasta_with_shrimp.jpg,cloudflare_url/recipe_images/1c4ad42a-3b78-5e5f-b1e1-32b03eea7a38.jpg
40,11ecf86b-755e-5b88-b2ca-9affa4519bae,Animal Style Burger,food_dataset_v2\recipe_images\40_animal_style_burger.jpg,cloudflare_url/recipe_images/11ecf86b-755e-5b88-b2ca-9affa4519bae.jpg
2076,62d293aa-df82-5588-947b-069f63d8f02e,Aveyron Dried Cod Stew,food_dataset_v2\recipe_images\2076_aveyron_dried_cod_stew.jpg,cloudflare_url/recipe_images/62d293aa-df82-5588-947b-069f63d8f02e.jpg
2075,4231021d-b93c-51d0-b18e-bb0023732547,Aveyron Herb Fritters,food_dataset_v2\recipe_images\2075_aveyron_herb_fritters.jpg,cloudflare_url/recipe_images/4231021d-b93c-51d0-b18e-bb0023732547.jpg
1304,1888857c-37f8-5e80-a27b-b5de664aa812,Avignon Beef Daube,food_dataset_v2\recipe_images\1304_avignon_beef_daube.jpg,cloudflare_url/recipe_images/1888857c-37f8-5e80-a27b-b5de664aa812.jpg
2066,ad9d91c4-4b8e-503a-a371-46af595096bf,Azinat,,
2011,0dc2e94c-2ac4-5685-8650-c0fa4ab65b97,Aïoli,food_dataset_v2\recipe_images\2011_aïoli.jpg,cloudflare_url/recipe_images/0dc2e94c-2ac4-5685-8650-c0fa4ab65b97.jpg
1491,72acbed0-740d-59cb-9bdb-aed4d8ed1169,Baeckeoffe,,
1939,fdea5a53-5f02-5a43-b05b-e84d99d518ee,Baked Apples,food_dataset_v2\recipe_images\1939_baked_apples.jpg,cloudflare_url/recipe_images/fdea5a53-5f02-5a43-b05b-e84d99d518ee.jpg
1733,c1b5f159-03a3-5c88-ac72-4866c917518f,Baked Camembert,food_dataset_v2\recipe_images\1733_baked_camembert.jpg,cloudflare_url/recipe_images/c1b5f159-03a3-5c88-ac72-4866c917518f.jpg
1817,b0e7bfea-39c4-5186-915a-3b31c7cdccb0,Baked Egg Custard,food_dataset_v2\recipe_images\1817_baked_egg_custard.jpg,cloudflare_url/recipe_images/b0e7bfea-39c4-5186-915a-3b31c7cdccb0.jpg
1258,e0a2a7d8-d3f5-5696-badf-ce9ac83e1a75,Baked Eggs,food_dataset_v2\recipe_images\1258_baked_eggs.jpg,cloudflare_url/recipe_images/e0a2a7d8-d3f5-5696-badf-ce9ac83e1a75.jpg
7453,f2acae08-1ca3-5ce9-a019-0eea5aa210f4,Arni Me Kydonia,food_dataset_v2\recipe_images\7453_arni_me_kydonia.jpg,cloudflare_url/recipe_images/f2acae08-1ca3-5ce9-a019-0eea5aa210f4.jpg
7440,6a50a6a6-d6d2-561c-8e8a-d0e74cdc2989,Arni Me Melitzanes,food_dataset_v2\recipe_images\7440_arni_me_melitzanes.jpg,cloudflare_url/recipe_images/6a50a6a6-d6d2-561c-8e8a-d0e74cdc2989.jpg
7430,468cc076-10e4-565e-a719-f05f1ec559d7,Arni Me Patates Sto Fourno,food_dataset_v2\recipe_images\7430_arni_me_patates_sto_fourno.jpg,cloudflare_url/recipe_images/468cc076-10e4-565e-a719-f05f1ec559d7.jpg
7426,87e2ad9a-d130-5637-b0b7-9ce40610f96d,Arni Psito,food_dataset_v2\recipe_images\7426_arni_psito.jpg,cloudflare_url/recipe_images/87e2ad9a-d130-5637-b0b7-9ce40610f96d.jpg
7429,311c7f2b-b75f-5ac8-85b1-7b914d0f438b,Arni Souvla,food_dataset_v2\recipe_images\7429_arni_souvla.jpg,cloudflare_url/recipe_images/311c7f2b-b75f-5ac8-85b1-7b914d0f438b.jpg
7449,6f9f9506-4ce9-5ee9-b661-9b92f1633ed1,Arni Sti Ladokolla,food_dataset_v2\recipe_images\7449_arni_sti_ladokolla.jpg,cloudflare_url/recipe_images/6f9f9506-4ce9-5ee9-b661-9b92f1633ed1.jpg
7442,986ee7cf-3f82-5080-a1f1-04621ec95bdb,Arni Stifado,food_dataset_v2\recipe_images\7442_arni_stifado.jpg,cloudflare_url/recipe_images/986ee7cf-3f82-5080-a1f1-04621ec95bdb.jpg
7306,e8301980-5962-549b-8e74-83e0f6306440,Artichoke Avgolemono Soup,food_dataset_v2\recipe_images\7306_artichoke_avgolemono_soup.jpg,cloudflare_url/recipe_images/e8301980-5962-549b-8e74-83e0f6306440.jpg
7822,6ee8f148-51fd-5bf3-bf97-6be554eadfb5,Artichoke Hearts in Olive Oil,,
7415,2faba731-3276-5073-a966-5ea65e5aa6d7,Artichoke Salad with Lemon,food_dataset_v2\recipe_images\7415_artichoke_salad_with_lemon.jpg,cloudflare_url/recipe_images/2faba731-3276-5073-a966-5ea65e5aa6d7.jpg
3634,c1c9ccb5-cd17-5139-a25b-d88e0a5fb2d5,Arrosto Misto,food_dataset_v2\recipe_images\3634_arrosto_misto.jpg,cloudflare_url/recipe_images/c1c9ccb5-cd17-5139-a25b-d88e0a5fb2d5.jpg
3888,4061f149-b663-55b6-8864-838692c73ec5,Artichoke Hearts with Lemon,,
4162,41984a8a-4e9b-5dd2-a364-205a846e89c5,Artichoke Sauce,food_dataset_v2\recipe_images\4162_artichoke_sauce.jpg,cloudflare_url/recipe_images/41984a8a-4e9b-5dd2-a364-205a846e89c5.jpg
3757,4ec81437-c10f-5a79-bd7f-5da1251027d2,Artichokes Roman Style,food_dataset_v2\recipe_images\3757_artichokes_roman_style.jpg,cloudflare_url/recipe_images/4ec81437-c10f-5a79-bd7f-5da1251027d2.jpg
3775,a04aaef6-375d-547f-929e-38b69d3144fc,Arugula Salad with Parmesan,food_dataset_v2\recipe_images\3775_arugula_salad_with_parmesan.jpg,cloudflare_url/recipe_images/a04aaef6-375d-547f-929e-38b69d3144fc.jpg
3526,74012707-477e-579a-8291-4dd4b9ad5ef6,Asparagus Cream Soup,food_dataset_v2\recipe_images\3526_asparagus_cream_soup.jpg,cloudflare_url/recipe_images/74012707-477e-579a-8291-4dd4b9ad5ef6.jpg
3928,6a37aefb-8f4e-55d0-919c-fbf8a100d35b,Asparagus with Fried Eggs,food_dataset_v2\recipe_images\3928_asparagus_with_fried_eggs.jpg,cloudflare_url/recipe_images/6a37aefb-8f4e-55d0-919c-fbf8a100d35b.jpg
3835,d8998e62-b0ec-5554-ab6c-c298e173d5f2,Asparagus with Parmesan,food_dataset_v2\recipe_images\3835_asparagus_with_parmesan.jpg,cloudflare_url/recipe_images/d8998e62-b0ec-5554-ab6c-c298e173d5f2.jpg
3997,98b412d5-6da1-5dd1-ae84-70190863074e,Babà Al Rum,food_dataset_v2\recipe_images\3997_babà_al_rum.jpg,cloudflare_url/recipe_images/98b412d5-6da1-5dd1-ae84-70190863074e.jpg
4274,45b6772e-faca-5d04-bfc2-7abb16548915,Babà Al Rum,food_dataset_v2\recipe_images\4274_babà_al_rum.jpg,cloudflare_url/recipe_images/45b6772e-faca-5d04-bfc2-7abb16548915.jpg
8916,c033b015-340a-5426-bf17-cf4bb09d8eae,Anko Dango,food_dataset_v2\recipe_images\8916_anko_dango.jpg,cloudflare_url/recipe_images/c033b015-340a-5426-bf17-cf4bb09d8eae.jpg
8608,97e0fbbe-8f45-564e-a3a6-ed79ccf67075,Anko Nabe,food_dataset_v2\recipe_images\8608_anko_nabe.jpg,cloudflare_url/recipe_images/97e0fbbe-8f45-564e-a3a6-ed79ccf67075.jpg
8932,ec2ff03d-9d7d-5567-80cd-4b4cf82ef61c,Anmitsu,food_dataset_v2\recipe_images\8932_anmitsu.jpg,cloudflare_url/recipe_images/ec2ff03d-9d7d-5567-80cd-4b4cf82ef61c.jpg
9003,ab3b06ec-1612-53a2-ba14-c9eca33d19cb,Anmitsu Parfait,food_dataset_v2\recipe_images\9003_anmitsu_parfait.jpg,cloudflare_url/recipe_images/ab3b06ec-1612-53a2-ba14-c9eca33d19cb.jpg
9176,a5778c04-413b-5ec9-a0ef-8bf8fcba29eb,Aomori Apple Dessert,food_dataset_v2\recipe_images\9176_aomori_apple_dessert.jpg,cloudflare_url/recipe_images/a5778c04-413b-5ec9-a0ef-8bf8fcba29eb.jpg
9058,e88e1c49-b20e-56f1-81da-f38dfbfad5df,Aonori,,
8934,3c84c532-3722-5cd8-b7fe-4e47cfd59e78,Arare,food_dataset_v2\recipe_images\8934_arare.jpg,cloudflare_url/recipe_images/3c84c532-3722-5cd8-b7fe-4e47cfd59e78.jpg
8260,05433f20-5299-5760-8923-8e3287100b3b,Asari No Misoshiru,food_dataset_v2\recipe_images\8260_asari_no_misoshiru.jpg,cloudflare_url/recipe_images/05433f20-5299-5760-8923-8e3287100b3b.jpg
8756,0de6aff9-9127-56d6-91cc-908542967229,Asazuke,,
8560,4c51085d-b274-5c07-b27c-c668c96a0a6e,Asparagus Pork Roll,food_dataset_v2\recipe_images\8560_asparagus_pork_roll.jpg,cloudflare_url/recipe_images/4c51085d-b274-5c07-b27c-c668c96a0a6e.jpg
4828,9aac1bee-73c3-5c1b-b6be-67b4382b128d,Arroz Con Leche,food_dataset_v2\recipe_images\4828_arroz_con_leche.jpg,cloudflare_url/recipe_images/9aac1bee-73c3-5c1b-b6be-67b4382b128d.jpg
4826,ae0042cc-b2dc-583f-b3ae-85f2a92166d6,Arroz Con Pollo,food_dataset_v2\recipe_images\4826_arroz_con_pollo.jpg,cloudflare_url/recipe_images/ae0042cc-b2dc-583f-b3ae-85f2a92166d6.jpg
4835,8f955d59-6de3-5bfa-8ada-76b3c5de00c9,Arroz Con Rajas,food_dataset_v2\recipe_images\4835_arroz_con_rajas.jpg,cloudflare_url/recipe_images/8f955d59-6de3-5bfa-8ada-76b3c5de00c9.jpg
4833,e20d3996-6861-529c-af7d-18983e8f97f6,Arroz Negro,food_dataset_v2\recipe_images\4833_arroz_negro.jpg,cloudflare_url/recipe_images/e20d3996-6861-529c-af7d-18983e8f97f6.jpg
4825,ed6411de-1e28-5184-8017-05770a486dac,Arroz Rojo,food_dataset_v2\recipe_images\4825_arroz_rojo.jpg,cloudflare_url/recipe_images/ed6411de-1e28-5184-8017-05770a486dac.jpg
4824,cf1ee3de-7045-57d5-a415-46f027d026cf,Arroz Verde,food_dataset_v2\recipe_images\4824_arroz_verde.jpg,cloudflare_url/recipe_images/cf1ee3de-7045-57d5-a415-46f027d026cf.jpg
4827,51d33b0f-a45e-50ee-8800-9808b20475d6,Arroz a La Mexicana,food_dataset_v2\recipe_images\4827_arroz_a_la_mexicana.jpg,cloudflare_url/recipe_images/51d33b0f-a45e-50ee-8800-9808b20475d6.jpg
4805,bc6a751c-0d98-58a8-afd1-7f6d283045d9,Arroz a La Tumbada,food_dataset_v2\recipe_images\4805_arroz_a_la_tumbada.jpg,cloudflare_url/recipe_images/bc6a751c-0d98-58a8-afd1-7f6d283045d9.jpg
5016,bf3f78a6-574a-5763-a112-ab1823b5c66c,Artistic Gelatin,food_dataset_v2\recipe_images\5016_artistic_gelatin.jpg,cloudflare_url/recipe_images/bf3f78a6-574a-5763-a112-ab1823b5c66c.jpg
4643,340f928f-94bf-5f3a-8759-b900ed8808e3,Asado De Boda,food_dataset_v2\recipe_images\4643_asado_de_boda.jpg,cloudflare_url/recipe_images/340f928f-94bf-5f3a-8759-b900ed8808e3.jpg
9628,c8991c72-fe59-556a-8afa-c0a025753e26,Baked Rice with Chicken,food_dataset_v2\recipe_images\9628_baked_rice_with_chicken.jpg,cloudflare_url/recipe_images/c8991c72-fe59-556a-8afa-c0a025753e26.jpg
9870,1afcd67a-60e1-51ef-9fcb-a5d8826e2a41,Baked Ricotta Portuguese Style,food_dataset_v2\recipe_images\9870_baked_ricotta_portuguese_style.jpg,cloudflare_url/recipe_images/1afcd67a-60e1-51ef-9fcb-a5d8826e2a41.jpg
9994,178b551f-7447-5077-a549-b76b955f2edb,Baked Sea Bass with Vegetables,food_dataset_v2\recipe_images\9994_baked_sea_bass_with_vegetables.jpg,cloudflare_url/recipe_images/178b551f-7447-5077-a549-b76b955f2edb.jpg
9276,d19030b8-685e-50bc-aeb2-7106b4688cd8,Baked Sea Bream Algarve Style,food_dataset_v2\recipe_images\9276_baked_sea_bream_algarve_style.jpg,cloudflare_url/recipe_images/d19030b8-685e-50bc-aeb2-7106b4688cd8.jpg
10055,ce55c61e-fdbb-5a60-be06-48e8918a06f3,Barbecued Chicken Portuguese Style,food_dataset_v2\recipe_images\10055_barbecued_chicken_portuguese_style.jpg,cloudflare_url/recipe_images/ce55c61e-fdbb-5a60-be06-48e8918a06f3.jpg
9686,fd9af46f-65be-5b32-92a3-572e376dc076,Barley and Vegetable Soup,food_dataset_v2\recipe_images\9686_barley_and_vegetable_soup.jpg,cloudflare_url/recipe_images/fd9af46f-65be-5b32-92a3-572e376dc076.jpg
9303,9a09def1-f150-59bc-9601-b011e7232296,Barnacles Cooked in Sea Water,food_dataset_v2\recipe_images\9303_barnacles_cooked_in_sea_water.jpg,cloudflare_url/recipe_images/9a09def1-f150-59bc-9601-b011e7232296.jpg
10176,47f99756-d12b-5d23-a7c7-e2b052437131,Barriga De Freira,food_dataset_v2\recipe_images\10176_barriga_de_freira.jpg,cloudflare_url/recipe_images/47f99756-d12b-5d23-a7c7-e2b052437131.jpg
9830,0fd36ccf-3d5c-55c5-be24-7defa3a0b91a,Batatas a Murro,food_dataset_v2\recipe_images\9830_batatas_a_murro.jpg,cloudflare_url/recipe_images/0fd36ccf-3d5c-55c5-be24-7defa3a0b91a.jpg
9643,5f1ef419-97d3-596e-841f-204bceb14fc1,Bean Soup Transmontana,food_dataset_v2\recipe_images\9643_bean_soup_transmontana.jpg,cloudflare_url/recipe_images/5f1ef419-97d3-596e-841f-204bceb14fc1.jpg
5450,9ba46ad2-0e58-59a7-ae2c-722b32fa0457,Anchovy Canapés,food_dataset_v2\recipe_images\5450_anchovy_canapés.jpg,cloudflare_url/recipe_images/9ba46ad2-0e58-59a7-ae2c-722b32fa0457.jpg
5399,d66081bb-4f1c-52fd-aadc-bfecfa9fcbb4,Anchovy and Pepper Toasts,food_dataset_v2\recipe_images\5399_anchovy_and_pepper_toasts.jpg,cloudflare_url/recipe_images/d66081bb-4f1c-52fd-aadc-bfecfa9fcbb4.jpg
6195,ba129dc5-a006-50a1-aea8-83e7928d7aca,Andalusian Feria Dinner,food_dataset_v2\recipe_images\6195_andalusian_feria_dinner.jpg,cloudflare_url/recipe_images/ba129dc5-a006-50a1-aea8-83e7928d7aca.jpg
5698,46da2bfb-3ad2-5859-abbe-0067045a4dc4,Angulas,food_dataset_v2\recipe_images\5698_angulas.jpg,cloudflare_url/recipe_images/46da2bfb-3ad2-5859-abbe-0067045a4dc4.jpg
6274,d4e461ab-b323-5012-832b-ca5935d6c9d3,Anise Fried Rings,food_dataset_v2\recipe_images\6274_anise_fried_rings.jpg,cloudflare_url/recipe_images/d4e461ab-b323-5012-832b-ca5935d6c9d3.jpg
5502,c10bfb6d-a6c8-5456-ab4d-f3b97b598cfc,Arroz Abanda,food_dataset_v2\recipe_images\5502_arroz_abanda.jpg,cloudflare_url/recipe_images/c10bfb6d-a6c8-5456-ab4d-f3b97b598cfc.jpg
5479,1281190f-8b07-5136-884c-82549c45eb78,Arroz Al Horno,food_dataset_v2\recipe_images\5479_arroz_al_horno.jpg,cloudflare_url/recipe_images/1281190f-8b07-5136-884c-82549c45eb78.jpg
6003,04757058-9565-5a50-ab74-8ec46f23f2b9,Arroz Al Horno Valencia,food_dataset_v2\recipe_images\6003_arroz_al_horno_valencia.jpg,cloudflare_url/recipe_images/04757058-9565-5a50-ab74-8ec46f23f2b9.jpg
5490,e2fbe982-e71e-578e-80a1-7e76b646b809,Arroz Brut,food_dataset_v2\recipe_images\5490_arroz_brut.jpg,cloudflare_url/recipe_images/e2fbe982-e71e-578e-80a1-7e76b646b809.jpg
6076,ce8dec53-eb4e-5edb-98a1-60ae531f887a,Arroz Brut Mallorquin,food_dataset_v2\recipe_images\6076_arroz_brut_mallorquin.jpg,cloudflare_url/recipe_images/ce8dec53-eb4e-5edb-98a1-60ae531f887a.jpg
2903,2726f4d0-7292-5272-aa22-bbc38f4bc2f5,Chrysanthemum Tea Nam Dok Gek Huay,food_dataset_v2\recipe_images\2903_chrysanthemum_tea_nam_dok_gek_huay.jpg,cloudflare_url/recipe_images/2726f4d0-7292-5272-aa22-bbc38f4bc2f5.jpg
3014,3e9cdda1-e13e-53ca-9948-434bfe9410f4,Classic Pork Satay,food_dataset_v2\recipe_images\3014_classic_pork_satay.jpg,cloudflare_url/recipe_images/3e9cdda1-e13e-53ca-9948-434bfe9410f4.jpg
2873,3133dfe1-589f-5e16-a70a-843049ac2289,Coconut Cream Brulee Thai Twist,food_dataset_v2\recipe_images\2873_coconut_cream_brulee_thai_twist.jpg,cloudflare_url/recipe_images/3133dfe1-589f-5e16-a70a-843049ac2289.jpg
2819,fab868cb-c938-58d6-89e7-be7302fb5a2b,Coconut Ice Cream in Coconut Shell,food_dataset_v2\recipe_images\2819_coconut_ice_cream_in_coconut_shell.jpg,cloudflare_url/recipe_images/fab868cb-c938-58d6-89e7-be7302fb5a2b.jpg
3084,1a557f15-7e2b-58fa-9a5e-aff5beb209b7,Coconut Jelly Wun Maprao,food_dataset_v2\recipe_images\3084_coconut_jelly_wun_maprao.jpg,cloudflare_url/recipe_images/1a557f15-7e2b-58fa-9a5e-aff5beb209b7.jpg
2932,34e774b7-5dfd-534f-bc92-812bb2676208,Coconut Milk Iced Nam Kati Yen,food_dataset_v2\recipe_images\2932_coconut_milk_iced_nam_kati_yen.jpg,cloudflare_url/recipe_images/34e774b7-5dfd-534f-bc92-812bb2676208.jpg
2850,347c8bc7-a2fc-5240-8e3a-7073d2a868ad,Coconut Milk Popsicle,food_dataset_v2\recipe_images\2850_coconut_milk_popsicle.jpg,cloudflare_url/recipe_images/347c8bc7-a2fc-5240-8e3a-7073d2a868ad.jpg
2813,67bd94f9-2c4e-532a-8be8-49673c668db9,Coconut Sticky Rice,food_dataset_v2\recipe_images\2813_coconut_sticky_rice.jpg,cloudflare_url/recipe_images/67bd94f9-2c4e-532a-8be8-49673c668db9.jpg
2830,d0df818a-226b-5535-8da6-cb9d056ad99b,Coffee Jelly Wun Kafae,food_dataset_v2\recipe_images\2830_coffee_jelly_wun_kafae.jpg,cloudflare_url/recipe_images/d0df818a-226b-5535-8da6-cb9d056ad99b.jpg
3109,f447e459-2c1b-5ff3-a96c-0f130f9735d5,Corn Milk Nam Khao Pod,food_dataset_v2\recipe_images\3109_corn_milk_nam_khao_pod.jpg,cloudflare_url/recipe_images/f447e459-2c1b-5ff3-a96c-0f130f9735d5.jpg
6305,c93abbe6-c0a7-5275-80be-5389496d2e11,Alinazik Eggplant and Yogurt with Kebab,food_dataset_v2\recipe_images\6305_alinazik_eggplant_and_yogurt_with_kebab.jpg,cloudflare_url/recipe_images/c93abbe6-c0a7-5275-80be-5389496d2e11.jpg
6438,d6f62824-508f-5b59-9bf6-e1ed83b98424,Almond Pilaf,food_dataset_v2\recipe_images\6438_almond_pilaf.jpg,cloudflare_url/recipe_images/d6f62824-508f-5b59-9bf6-e1ed83b98424.jpg
6771,444904d8-8ff2-55fe-828b-9ab29fd25fb4,Amasra Town Fish Dish,food_dataset_v2\recipe_images\6771_amasra_town_fish_dish.jpg,cloudflare_url/recipe_images/444904d8-8ff2-55fe-828b-9ab29fd25fb4.jpg
6733,41f105b0-26ab-5596-b705-514586ff32e9,Amasya Fried Pastry,food_dataset_v2\recipe_images\6733_amasya_fried_pastry.jpg,cloudflare_url/recipe_images/41f105b0-26ab-5596-b705-514586ff32e9.jpg
6783,cf260acd-58e2-5446-ab0b-8d45cc4a90f7,Amasya Sesame Ring,food_dataset_v2\recipe_images\6783_amasya_sesame_ring.jpg,cloudflare_url/recipe_images/cf260acd-58e2-5446-ab0b-8d45cc4a90f7.jpg
6761,a1f49a77-c03b-57d7-9473-37796b275f8f,Amasya Sweet Pastry Ring,food_dataset_v2\recipe_images\6761_amasya_sweet_pastry_ring.jpg,cloudflare_url/recipe_images/a1f49a77-c03b-57d7-9473-37796b275f8f.jpg
6849,ec0c2023-bc6e-56af-ab65-fada01318ba1,Analı Kızlı,food_dataset_v2\recipe_images\6849_analı_kızlı.jpg,cloudflare_url/recipe_images/ec0c2023-bc6e-56af-ab65-fada01318ba1.jpg
6961,10715b63-2242-5914-9a87-e920d17c77bb,Analı Kızlı Soup,food_dataset_v2\recipe_images\6961_analı_kızlı_soup.jpg,cloudflare_url/recipe_images/10715b63-2242-5914-9a87-e920d17c77bb.jpg
6912,acc5ebc1-ea4e-56f4-87cf-d3061932f37f,Anchovy Cornbread,food_dataset_v2\recipe_images\6912_anchovy_cornbread.jpg,cloudflare_url/recipe_images/acc5ebc1-ea4e-56f4-87cf-d3061932f37f.jpg
990,bac36b9b-83b9-5375-981c-83a515886c66,Apple Butter,food_dataset_v2\recipe_images\990_apple_butter.jpg,cloudflare_url/recipe_images/bac36b9b-83b9-5375-981c-83a515886c66.jpg
925,fed11386-87c6-5f9c-b4d4-3097035d800c,Apple Cider Cold,food_dataset_v2\recipe_images\925_apple_cider_cold.jpg,cloudflare_url/recipe_images/fed11386-87c6-5f9c-b4d4-3097035d800c.jpg
929,a31b30cc-e076-547a-8694-f247334f93e1,Apple Cider Hot,food_dataset_v2\recipe_images\929_apple_cider_hot.jpg,cloudflare_url/recipe_images/a31b30cc-e076-547a-8694-f247334f93e1.jpg
814,51132df4-bb2f-55fc-8c90-276e0a3c8ba6,Apple Pie Classic,food_dataset_v2\recipe_images\814_apple_pie_classic.jpg,cloudflare_url/recipe_images/51132df4-bb2f-55fc-8c90-276e0a3c8ba6.jpg
898,1947cae0-8f25-52d6-99eb-54ad7c110e55,Arnold Palmer Half and Half,food_dataset_v2\recipe_images\898_arnold_palmer_half_and_half.jpg,cloudflare_url/recipe_images/1947cae0-8f25-52d6-99eb-54ad7c110e55.jpg
768,1769f0e3-3498-5cb7-a373-be8b0077598c,Au Gratin Potatoes,food_dataset_v2\recipe_images\768_au_gratin_potatoes.jpg,cloudflare_url/recipe_images/1769f0e3-3498-5cb7-a373-be8b0077598c.jpg
722,296d890c-e62c-57cc-b243-8aa32e5227f8,Avocado Toast,food_dataset_v2\recipe_images\722_avocado_toast.jpg,cloudflare_url/recipe_images/296d890c-e62c-57cc-b243-8aa32e5227f8.jpg
3,28f9250a-2f22-5f0c-aafa-4d1ef368b5ec,BBQ Bacon Burger,food_dataset_v2\recipe_images\3_bbq_bacon_burger.jpg,cloudflare_url/recipe_images/28f9250a-2f22-5f0c-aafa-4d1ef368b5ec.jpg
97,a2944980-ad0c-55ee-a5e2-3d71f15a1a41,BBQ Baked Beans,food_dataset_v2\recipe_images\97_bbq_baked_beans.jpg,cloudflare_url/recipe_images/a2944980-ad0c-55ee-a5e2-3d71f15a1a41.jpg
96,d134ee95-bd1d-56fb-ac7b-bbc947cd9433,BBQ Beef Brisket Flat,food_dataset_v2\recipe_images\96_bbq_beef_brisket_flat.jpg,cloudflare_url/recipe_images/d134ee95-bd1d-56fb-ac7b-bbc947cd9433.jpg
1737,9f4b5faa-58cb-5fb6-80ba-877b7c6f45bf,Baked Mont D'or Cheese,food_dataset_v2\recipe_images\1737_baked_mont_d_or_cheese.jpg,cloudflare_url/recipe_images/9f4b5faa-58cb-5fb6-80ba-877b7c6f45bf.jpg
1619,d945e8ae-5746-5352-ac15-e67420e1b38f,Baker's Potatoes,food_dataset_v2\recipe_images\1619_baker_s_potatoes.jpg,cloudflare_url/recipe_images/d945e8ae-5746-5352-ac15-e67420e1b38f.jpg
1454,17aaf7bf-f74e-5191-8390-077e2b7d0ee2,Baker's-style Lamb Shoulder,food_dataset_v2\recipe_images\1454_baker_s_style_lamb_shoulder.jpg,cloudflare_url/recipe_images/17aaf7bf-f74e-5191-8390-077e2b7d0ee2.jpg
2197,56cd6491-6acb-5909-8833-4d64ee1ae389,Basque Cake,food_dataset_v2\recipe_images\2197_basque_cake.jpg,cloudflare_url/recipe_images/56cd6491-6acb-5909-8833-4d64ee1ae389.jpg
1320,3305feb1-a19b-5a8d-a431-b2a532bf4e0f,Basque-style Chicken,food_dataset_v2\recipe_images\1320_basque_style_chicken.jpg,cloudflare_url/recipe_images/3305feb1-a19b-5a8d-a431-b2a532bf4e0f.jpg
1512,96fea068-8cc0-57d2-8c6a-76038f307f20,Basque-style Hake,food_dataset_v2\recipe_images\1512_basque_style_hake.jpg,cloudflare_url/recipe_images/96fea068-8cc0-57d2-8c6a-76038f307f20.jpg
1433,9fd5d485-e040-5ad3-b812-97b3b2d63fa2,Basque-style Veal,food_dataset_v2\recipe_images\1433_basque_style_veal.jpg,cloudflare_url/recipe_images/9fd5d485-e040-5ad3-b812-97b3b2d63fa2.jpg
1986,88df698f-87c1-54ab-bfd7-7dcf14dbc4ed,Batard Bread,food_dataset_v2\recipe_images\1986_batard_bread.jpg,cloudflare_url/recipe_images/88df698f-87c1-54ab-bfd7-7dcf14dbc4ed.jpg
1949,31dd9fe5-8b34-5bab-8390-9a5d4f8482f6,Baulois Fondant Cake,food_dataset_v2\recipe_images\1949_baulois_fondant_cake.jpg,cloudflare_url/recipe_images/31dd9fe5-8b34-5bab-8390-9a5d4f8482f6.jpg
1741,ad76f329-9cb0-51cb-b716-c1043967cf34,Beaufort Cheese Fondue,food_dataset_v2\recipe_images\1741_beaufort_cheese_fondue.jpg,cloudflare_url/recipe_images/ad76f329-9cb0-51cb-b716-c1043967cf34.jpg
7713,4420dbd2-80fd-52cd-8064-f6393f97cfd3,Artichoke and Broad Bean Casserole,food_dataset_v2\recipe_images\7713_artichoke_and_broad_bean_casserole.jpg,cloudflare_url/recipe_images/4420dbd2-80fd-52cd-8064-f6393f97cfd3.jpg
7733,8f8f06a4-a5c4-57d8-837e-7c02fe067abc,Artichoke and Potato Casserole,food_dataset_v2\recipe_images\7733_artichoke_and_potato_casserole.jpg,cloudflare_url/recipe_images/8f8f06a4-a5c4-57d8-837e-7c02fe067abc.jpg
7856,75c99bbc-694f-54ec-ac55-395e2b533cf6,Artos,,
8147,1b75f9ec-359b-5b90-906d-eb5e56b48415,Asia Minor Refugee Cuisine Platter,food_dataset_v2\recipe_images\8147_asia_minor_refugee_cuisine_platter.jpg,cloudflare_url/recipe_images/1b75f9ec-359b-5b90-906d-eb5e56b48415.jpg
8220,d69529ad-e699-59b2-b198-e68451bf1f72,Assumption Day Feast,food_dataset_v2\recipe_images\8220_assumption_day_feast.jpg,cloudflare_url/recipe_images/d69529ad-e699-59b2-b198-e68451bf1f72.jpg
7636,0f2dde54-0773-5d1e-913f-54ee0b19f7f5,Astakos Me Makaronia,food_dataset_v2\recipe_images\7636_astakos_me_makaronia.jpg,cloudflare_url/recipe_images/0f2dde54-0773-5d1e-913f-54ee0b19f7f5.jpg
7635,fdb6864f-04ee-59f4-9fa2-72b6b409d6df,Astakos Scharas,,
8158,757d415b-000b-5aa4-91ef-180130025cd5,Astypalea Lamb in Paper,food_dataset_v2\recipe_images\8158_astypalea_lamb_in_paper.jpg,cloudflare_url/recipe_images/757d415b-000b-5aa4-91ef-180130025cd5.jpg
8151,44e6ca27-4101-5986-a67b-152679220341,Athenian Street Food Souvlaki,food_dataset_v2\recipe_images\8151_athenian_street_food_souvlaki.jpg,cloudflare_url/recipe_images/44e6ca27-4101-5986-a67b-152679220341.jpg
7622,2bc9cedf-4a14-5732-a554-69eb888eb16d,Atherina Tiganiti,food_dataset_v2\recipe_images\7622_atherina_tiganiti.jpg,cloudflare_url/recipe_images/2bc9cedf-4a14-5732-a554-69eb888eb16d.jpg
4243,a9a7baa1-d726-5443-a011-245b9e641017,Baccala Alla Vicentina,food_dataset_v2\recipe_images\4243_baccala_alla_vicentina.jpg,cloudflare_url/recipe_images/a9a7baa1-d726-5443-a011-245b9e641017.jpg
3653,8181c31b-a527-543c-b5fb-4a3cba492b9e,Baccala Alla Vicentina,food_dataset_v2\recipe_images\3653_baccala_alla_vicentina.jpg,cloudflare_url/recipe_images/8181c31b-a527-543c-b5fb-4a3cba492b9e.jpg
3649,f97044fc-bbe5-524c-9c2e-fef33d8772b2,Baccalà Mantecato,food_dataset_v2\recipe_images\3649_baccalà_mantecato.jpg,cloudflare_url/recipe_images/f97044fc-bbe5-524c-9c2e-fef33d8772b2.jpg
4024,e2b831ea-0e83-5c9e-a1f1-3d9560ba65e2,Baci Di Dama,food_dataset_v2\recipe_images\4024_baci_di_dama.jpg,cloudflare_url/recipe_images/e2b831ea-0e83-5c9e-a1f1-3d9560ba65e2.jpg
3742,1b884aa4-fdf6-5695-83b1-8a41af8b88c5,Bagna Càuda,food_dataset_v2\recipe_images\3742_bagna_càuda.jpg,cloudflare_url/recipe_images/1b884aa4-fdf6-5695-83b1-8a41af8b88c5.jpg
4145,3a089f49-1f5c-542f-a527-5d91d76cea0e,Bagnet Verd,food_dataset_v2\recipe_images\4145_bagnet_verd.jpg,cloudflare_url/recipe_images/3a089f49-1f5c-542f-a527-5d91d76cea0e.jpg
3927,3dc8ca99-af08-5c43-93e5-b4d2d2044459,Baked Eggs with Tomato Sauce,food_dataset_v2\recipe_images\3927_baked_eggs_with_tomato_sauce.jpg,cloudflare_url/recipe_images/3dc8ca99-af08-5c43-93e5-b4d2d2044459.jpg
4248,ab65b6b9-2cd9-592a-af83-b258bef07b4b,Baked Stuffed Calamari,food_dataset_v2\recipe_images\4248_baked_stuffed_calamari.jpg,cloudflare_url/recipe_images/ab65b6b9-2cd9-592a-af83-b258bef07b4b.jpg
3712,72489bc7-c235-5c3e-bd71-f6b171be614a,Baked Stuffed Sardines,food_dataset_v2\recipe_images\3712_baked_stuffed_sardines.jpg,cloudflare_url/recipe_images/72489bc7-c235-5c3e-bd71-f6b171be614a.jpg
3852,0beaac2f-efdc-5f15-83d4-c62cd242384f,Baked Stuffed Tomatoes,food_dataset_v2\recipe_images\3852_baked_stuffed_tomatoes.jpg,cloudflare_url/recipe_images/0beaac2f-efdc-5f15-83d4-c62cd242384f.jpg
8618,f19b09f7-adca-5979-ad32-8fa83824eded,Atsuage No Nimono,food_dataset_v2\recipe_images\8618_atsuage_no_nimono.jpg,cloudflare_url/recipe_images/f19b09f7-adca-5979-ad32-8fa83824eded.jpg
8778,6cca32f8-94ba-576b-ab44-bab59795cfb4,Atsuage Steak,food_dataset_v2\recipe_images\8778_atsuage_steak.jpg,cloudflare_url/recipe_images/6cca32f8-94ba-576b-ab44-bab59795cfb4.jpg
9213,3b3dc7f1-9cc7-534a-aa07-d92974b30789,Autumn Sanma Rice,food_dataset_v2\recipe_images\9213_autumn_sanma_rice.jpg,cloudflare_url/recipe_images/3b3dc7f1-9cc7-534a-aa07-d92974b30789.jpg
8507,b3c75fe3-f8cf-52fc-ba21-c5b912500194,Ayu No Shioyake,food_dataset_v2\recipe_images\8507_ayu_no_shioyake.jpg,cloudflare_url/recipe_images/b3c75fe3-f8cf-52fc-ba21-c5b912500194.jpg
8290,41e7dca1-8c00-5d15-b9ce-98fa2d3740be,Azuki Gayu,food_dataset_v2\recipe_images\8290_azuki_gayu.jpg,cloudflare_url/recipe_images/41e7dca1-8c00-5d15-b9ce-98fa2d3740be.jpg
8941,63e4528e-46b6-59ad-a9f5-a8436c98f99a,Azuki Ice Cream,food_dataset_v2\recipe_images\8941_azuki_ice_cream.jpg,cloudflare_url/recipe_images/63e4528e-46b6-59ad-a9f5-a8436c98f99a.jpg
8981,dc281826-dd91-5c63-95f5-f6bc27c23417,Azuki Toast,food_dataset_v2\recipe_images\8981_azuki_toast.jpg,cloudflare_url/recipe_images/dc281826-dd91-5c63-95f5-f6bc27c23417.jpg
9024,904ec98b-9b14-5e8c-a59a-a5bdde73dd25,Baby Castella,food_dataset_v2\recipe_images\9024_baby_castella.jpg,cloudflare_url/recipe_images/904ec98b-9b14-5e8c-a59a-a5bdde73dd25.jpg
8815,5745f790-ef96-5d25-af96-2ba5ab84479b,Bacon and Shimeji Mushroom Pasta,food_dataset_v2\recipe_images\8815_bacon_and_shimeji_mushroom_pasta.jpg,cloudflare_url/recipe_images/5745f790-ef96-5d25-af96-2ba5ab84479b.jpg
8849,265c5f90-8672-5f72-8aed-66c4769e0c16,Baked Cheese Curry,food_dataset_v2\recipe_images\8849_baked_cheese_curry.jpg,cloudflare_url/recipe_images/265c5f90-8672-5f72-8aed-66c4769e0c16.jpg
4675,a3af46bb-05ba-5bb1-8363-79c1aee6a6b9,Asado De Cerdo,food_dataset_v2\recipe_images\4675_asado_de_cerdo.jpg,cloudflare_url/recipe_images/a3af46bb-05ba-5bb1-8363-79c1aee6a6b9.jpg
4651,89463879-5892-572e-9358-120324f74993,Asado De Puerco Y Res,food_dataset_v2\recipe_images\4651_asado_de_puerco_y_res.jpg,cloudflare_url/recipe_images/89463879-5892-572e-9358-120324f74993.jpg
5027,ffe281bd-7e4f-5641-bafb-b38c9e0806a7,Ate Con Queso,food_dataset_v2\recipe_images\5027_ate_con_queso.jpg,cloudflare_url/recipe_images/ffe281bd-7e4f-5641-bafb-b38c9e0806a7.jpg
5028,11ae021b-1566-5880-be2b-328a4e6b8191,Ate De Membrillo,food_dataset_v2\recipe_images\5028_ate_de_membrillo.jpg,cloudflare_url/recipe_images/11ae021b-1566-5880-be2b-328a4e6b8191.jpg
5035,8fcf54e2-b72c-51ab-8338-113a0a5c4daa,Ate De Tejocote,food_dataset_v2\recipe_images\5035_ate_de_tejocote.jpg,cloudflare_url/recipe_images/8fcf54e2-b72c-51ab-8338-113a0a5c4daa.jpg
5038,9320618d-67f3-5ddd-8bb8-e38487077f1f,Ates Surtidos,food_dataset_v2\recipe_images\5038_ates_surtidos.jpg,cloudflare_url/recipe_images/9320618d-67f3-5ddd-8bb8-e38487077f1f.jpg
4914,8a84a7a1-1863-5d3c-a995-977954d2df1c,Atole,food_dataset_v2\recipe_images\4914_atole.jpg,cloudflare_url/recipe_images/8a84a7a1-1863-5d3c-a995-977954d2df1c.jpg
4918,55ad7cca-92f4-59c3-8ec8-34bd5ab1dca9,Atole De Fresa,food_dataset_v2\recipe_images\4918_atole_de_fresa.jpg,cloudflare_url/recipe_images/55ad7cca-92f4-59c3-8ec8-34bd5ab1dca9.jpg
4917,02209613-4222-5ba6-b5c6-7cca9f7748dc,Atole De Mazorca,food_dataset_v2\recipe_images\4917_atole_de_mazorca.jpg,cloudflare_url/recipe_images/02209613-4222-5ba6-b5c6-7cca9f7748dc.jpg
5244,38de9a33-6598-5482-8a7a-9d4a7b898f0c,Atole for Dia De La Candelaria,food_dataset_v2\recipe_images\5244_atole_for_dia_de_la_candelaria.jpg,cloudflare_url/recipe_images/38de9a33-6598-5482-8a7a-9d4a7b898f0c.jpg
10073,0608cbfc-4f81-5bb1-a5d7-4a45554f0ca1,Bean and Rice,food_dataset_v2\recipe_images\10073_bean_and_rice.jpg,cloudflare_url/recipe_images/0608cbfc-4f81-5bb1-a5d7-4a45554f0ca1.jpg
10094,8756fdb9-d116-5984-81c1-6afac8b17f83,Bean and Sausage Feijoada,food_dataset_v2\recipe_images\10094_bean_and_sausage_feijoada.jpg,cloudflare_url/recipe_images/8756fdb9-d116-5984-81c1-6afac8b17f83.jpg
9709,dfb97dc7-9f6c-574e-8739-cd52ca0074c5,Bean and Vegetable Stew,food_dataset_v2\recipe_images\9709_bean_and_vegetable_stew.jpg,cloudflare_url/recipe_images/dfb97dc7-9f6c-574e-8739-cd52ca0074c5.jpg
10035,fcb20cdd-4140-5cd0-ae97-eaa8e8f85657,Beef Carpaccio with Olive Oil,food_dataset_v2\recipe_images\10035_beef_carpaccio_with_olive_oil.jpg,cloudflare_url/recipe_images/fcb20cdd-4140-5cd0-ae97-eaa8e8f85657.jpg
10044,d96ffd7f-c709-54d7-a4b5-60f58a311d62,Beef Carpetbag Steak Portuguese Style,food_dataset_v2\recipe_images\10044_beef_carpetbag_steak_portuguese_style.jpg,cloudflare_url/recipe_images/d96ffd7f-c709-54d7-a4b5-60f58a311d62.jpg
9422,51e0014c-36c2-52e2-beff-e5d2c7e3ea55,Beef Casserole with Root Vegetables,food_dataset_v2\recipe_images\9422_beef_casserole_with_root_vegetables.jpg,cloudflare_url/recipe_images/51e0014c-36c2-52e2-beff-e5d2c7e3ea55.jpg
9389,cac59380-b13b-5a75-afc5-b10e84065c89,Beef Cheeks Braised in Red Wine,food_dataset_v2\recipe_images\9389_beef_cheeks_braised_in_red_wine.jpg,cloudflare_url/recipe_images/cac59380-b13b-5a75-afc5-b10e84065c89.jpg
9393,c7607aa1-7d24-5086-a9e0-ef3cf939e287,Beef Croquettes,food_dataset_v2\recipe_images\9393_beef_croquettes.jpg,cloudflare_url/recipe_images/c7607aa1-7d24-5086-a9e0-ef3cf939e287.jpg
9385,97a61917-6a01-5a4c-b453-f5ff58fc40e8,Beef Espetada Madeira Style,food_dataset_v2\recipe_images\9385_beef_espetada_madeira_style.jpg,cloudflare_url/recipe_images/97a61917-6a01-5a4c-b453-f5ff58fc40e8.jpg
9431,03b02e1b-22be-51e3-bcae-20922ea45cb3,Beef Fillet Rossini Portuguese Style,food_dataset_v2\recipe_images\9431_beef_fillet_rossini_portuguese_style.jpg,cloudflare_url/recipe_images/03b02e1b-22be-51e3-bcae-20922ea45cb3.jpg
5482,82b28454-387f-5f69-a5c3-5b139b4e1043,Arroz Caldoso De Bogavante,food_dataset_v2\recipe_images\5482_arroz_caldoso_de_bogavante.jpg,cloudflare_url/recipe_images/82b28454-387f-5f69-a5c3-5b139b4e1043.jpg
5487,04cae915-6c85-54b8-b5c6-27d650629594,Arroz Caldoso De Marisco,food_dataset_v2\recipe_images\5487_arroz_caldoso_de_marisco.jpg,cloudflare_url/recipe_images/04cae915-6c85-54b8-b5c6-27d650629594.jpg
5504,3bbb8591-e0c0-5589-b8f1-13da6b43ddfd,Arroz Caldoso with Iberian Pork Secreto,food_dataset_v2\recipe_images\5504_arroz_caldoso_with_iberian_pork_secreto.jpg,cloudflare_url/recipe_images/3bbb8591-e0c0-5589-b8f1-13da6b43ddfd.jpg
6256,c25ca4d7-113a-59c7-9205-e92ff4e853b9,Arroz Con Almejas,food_dataset_v2\recipe_images\6256_arroz_con_almejas.jpg,cloudflare_url/recipe_images/c25ca4d7-113a-59c7-9205-e92ff4e853b9.jpg
5492,6c0a8d13-ec98-593e-a092-6e7208e7721e,Arroz Con Bacalao,food_dataset_v2\recipe_images\5492_arroz_con_bacalao.jpg,cloudflare_url/recipe_images/6c0a8d13-ec98-593e-a092-6e7208e7721e.jpg
5488,023bbc6d-c956-52f9-b592-85b475bfa76d,Arroz Con Bogavante,food_dataset_v2\recipe_images\5488_arroz_con_bogavante.jpg,cloudflare_url/recipe_images/023bbc6d-c956-52f9-b592-85b475bfa76d.jpg
5512,9146ee88-877b-5907-8ef2-5723baef6e9a,Arroz Con Carabineros,food_dataset_v2\recipe_images\5512_arroz_con_carabineros.jpg,cloudflare_url/recipe_images/9146ee88-877b-5907-8ef2-5723baef6e9a.jpg
5686,bb3c2100-06ba-533e-99c3-1058cff9ce9e,Arroz Con Cigalas,food_dataset_v2\recipe_images\5686_arroz_con_cigalas.jpg,cloudflare_url/recipe_images/bb3c2100-06ba-533e-99c3-1058cff9ce9e.jpg
5484,d07f585a-f714-5daf-88ee-dec73edac435,Arroz Con Costillas,food_dataset_v2\recipe_images\5484_arroz_con_costillas.jpg,cloudflare_url/recipe_images/d07f585a-f714-5daf-88ee-dec73edac435.jpg
5480,42c2da8c-9629-55d5-ad0c-397339129925,Arroz Con Costra,food_dataset_v2\recipe_images\5480_arroz_con_costra.jpg,cloudflare_url/recipe_images/42c2da8c-9629-55d5-ad0c-397339129925.jpg
2826,158ded4d-38d8-50af-bc5f-3a0330dc3e3f,Corn in Coconut Milk,food_dataset_v2\recipe_images\2826_corn_in_coconut_milk.jpg,cloudflare_url/recipe_images/158ded4d-38d8-50af-bc5f-3a0330dc3e3f.jpg
3216,74d6cc42-385f-5e5b-928c-91639ecce874,Crispy Pancake Roll Khanom Babin,food_dataset_v2\recipe_images\3216_crispy_pancake_roll_khanom_babin.jpg,cloudflare_url/recipe_images/74d6cc42-385f-5e5b-928c-91639ecce874.jpg
2934,cd92134c-da77-5c6c-a83f-e80069e346cc,Dragonfruit Smoothie Thai Style,food_dataset_v2\recipe_images\2934_dragonfruit_smoothie_thai_style.jpg,cloudflare_url/recipe_images/cd92134c-da77-5c6c-a83f-e80069e346cc.jpg
2404,d369177f-bd21-5b89-b5c6-bd77fce078ee,Drunken Noodles with Pork,food_dataset_v2\recipe_images\2404_drunken_noodles_with_pork.jpg,cloudflare_url/recipe_images/d369177f-bd21-5b89-b5c6-bd77fce078ee.jpg
2811,b902c7b5-b19a-52ae-be86-5823c0838e80,Durian Sticky Rice,food_dataset_v2\recipe_images\2811_durian_sticky_rice.jpg,cloudflare_url/recipe_images/b902c7b5-b19a-52ae-be86-5823c0838e80.jpg
2834,9f75e94d-ed9f-5444-a8de-2cc845b42e8d,Egg Floss Foi Thong Shredded,food_dataset_v2\recipe_images\2834_egg_floss_foi_thong_shredded.jpg,cloudflare_url/recipe_images/9f75e94d-ed9f-5444-a8de-2cc845b42e8d.jpg
2513,3ada82b1-01a8-5e98-8307-3ab625a8ceed,Fish Ball Noodle Soup,food_dataset_v2\recipe_images\2513_fish_ball_noodle_soup.jpg,cloudflare_url/recipe_images/3ada82b1-01a8-5e98-8307-3ab625a8ceed.jpg
2907,b2ec4049-dc20-5c2c-8833-647fa2f0142d,Fresh Lime Juice Nam Manao,food_dataset_v2\recipe_images\2907_fresh_lime_juice_nam_manao.jpg,cloudflare_url/recipe_images/b2ec4049-dc20-5c2c-8833-647fa2f0142d.jpg
2852,491cbe52-59c8-5dc1-8a99-7ad4db32bc5c,Fried Sweet Potato Balls,food_dataset_v2\recipe_images\2852_fried_sweet_potato_balls.jpg,cloudflare_url/recipe_images/491cbe52-59c8-5dc1-8a99-7ad4db32bc5c.jpg
2861,1bb6ed09-6293-5b76-bf10-127e3d38c56e,Fruit with Chili Salt Dip,food_dataset_v2\recipe_images\2861_fruit_with_chili_salt_dip.jpg,cloudflare_url/recipe_images/1bb6ed09-6293-5b76-bf10-127e3d38c56e.jpg
6763,2b0fc108-1e16-5244-a10d-2752b1be4dae,Ankara Pan-fried Lamb Cubes,food_dataset_v2\recipe_images\6763_ankara_pan_fried_lamb_cubes.jpg,cloudflare_url/recipe_images/2b0fc108-1e16-5244-a10d-2752b1be4dae.jpg
7152,0b8f0b51-c47c-5f02-9e0d-1daa0b9ffe86,Anne Kurabiyesi,food_dataset_v2\recipe_images\7152_anne_kurabiyesi.jpg,cloudflare_url/recipe_images/0b8f0b51-c47c-5f02-9e0d-1daa0b9ffe86.jpg
6701,ba18a497-9620-5944-93d1-0c7e9238cf9b,Antalya Piyazı,food_dataset_v2\recipe_images\6701_antalya_piyazı.jpg,cloudflare_url/recipe_images/ba18a497-9620-5944-93d1-0c7e9238cf9b.jpg
6799,8429f888-2cad-5177-a9ce-c5433166292c,Antalya Tahini Bean Salad,food_dataset_v2\recipe_images\6799_antalya_tahini_bean_salad.jpg,cloudflare_url/recipe_images/8429f888-2cad-5177-a9ce-c5433166292c.jpg
6674,1541b4d3-165f-5cce-9c67-b3a6c352b344,Antep Baklava,food_dataset_v2\recipe_images\6674_antep_baklava.jpg,cloudflare_url/recipe_images/1541b4d3-165f-5cce-9c67-b3a6c352b344.jpg
6757,ceaa88d2-4af2-5d64-a9da-f62643abe6db,Antep Katmer,food_dataset_v2\recipe_images\6757_antep_katmer.jpg,cloudflare_url/recipe_images/ceaa88d2-4af2-5d64-a9da-f62643abe6db.jpg
6825,4abbb9c4-5aa7-56e2-a17d-26011692c485,Antep Kebab,food_dataset_v2\recipe_images\6825_antep_kebab.jpg,cloudflare_url/recipe_images/4abbb9c4-5aa7-56e2-a17d-26011692c485.jpg
7104,852a80f9-230b-510f-8fd7-43dcd63acae6,Apple Tea,food_dataset_v2\recipe_images\7104_apple_tea.jpg,cloudflare_url/recipe_images/852a80f9-230b-510f-8fd7-43dcd63acae6.jpg
6684,a21bf387-332d-52cd-8aea-7a0d1af85b06,Apricot Jam,food_dataset_v2\recipe_images\6684_apricot_jam.jpg,cloudflare_url/recipe_images/a21bf387-332d-52cd-8aea-7a0d1af85b06.jpg
7110,a3fdabb9-062a-56cb-90ee-b99d0cb4084c,Apricot Juice,food_dataset_v2\recipe_images\7110_apricot_juice.jpg,cloudflare_url/recipe_images/a3fdabb9-062a-56cb-90ee-b99d0cb4084c.jpg
87,6ef963a3-3d34-5d95-9b29-8cb1bac7c082,BBQ Beef Brisket Point,food_dataset_v2\recipe_images\87_bbq_beef_brisket_point.jpg,cloudflare_url/recipe_images/6ef963a3-3d34-5d95-9b29-8cb1bac7c082.jpg
54,998cea5e-ea6c-56e5-9737-e9b46f672b9b,BBQ Beef Sausage,food_dataset_v2\recipe_images\54_bbq_beef_sausage.jpg,cloudflare_url/recipe_images/998cea5e-ea6c-56e5-9737-e9b46f672b9b.jpg
63,10ea2b3d-7b76-5961-aaf9-f1c7ec678dba,BBQ Beef Short Ribs,food_dataset_v2\recipe_images\63_bbq_beef_short_ribs.jpg,cloudflare_url/recipe_images/10ea2b3d-7b76-5961-aaf9-f1c7ec678dba.jpg
67,fe312efb-23bf-58c5-b596-e4155206b0f2,BBQ Brisket Tacos,food_dataset_v2\recipe_images\67_bbq_brisket_tacos.jpg,cloudflare_url/recipe_images/fe312efb-23bf-58c5-b596-e4155206b0f2.jpg
80,457e1f48-d9c3-5e9b-8cca-7908dfcd3958,BBQ Burnt Ends Beans,food_dataset_v2\recipe_images\80_bbq_burnt_ends_beans.jpg,cloudflare_url/recipe_images/457e1f48-d9c3-5e9b-8cca-7908dfcd3958.jpg
71,5e97dd43-ac46-5259-b767-4719a28fffe0,BBQ Chicken Legs,food_dataset_v2\recipe_images\71_bbq_chicken_legs.jpg,cloudflare_url/recipe_images/5e97dd43-ac46-5259-b767-4719a28fffe0.jpg
103,0da6f9fa-dcbd-506a-baa8-530bddf21846,BBQ Chicken Pizza,food_dataset_v2\recipe_images\103_bbq_chicken_pizza.jpg,cloudflare_url/recipe_images/0da6f9fa-dcbd-506a-baa8-530bddf21846.jpg
608,01760855-a7b0-52e2-bed9-083214a250c5,BBQ Chicken Pizza Flatbread,food_dataset_v2\recipe_images\608_bbq_chicken_pizza_flatbread.jpg,cloudflare_url/recipe_images/01760855-a7b0-52e2-bed9-083214a250c5.jpg
53,efde4357-e97e-55e7-91f3-abcbb17c2664,BBQ Chicken Quarters,food_dataset_v2\recipe_images\53_bbq_chicken_quarters.jpg,cloudflare_url/recipe_images/efde4357-e97e-55e7-91f3-abcbb17c2664.jpg
219,e57f9e89-62ca-595b-932f-7c50a4b289e1,BBQ Chicken Sandwich,food_dataset_v2\recipe_images\219_bbq_chicken_sandwich.jpg,cloudflare_url/recipe_images/e57f9e89-62ca-595b-932f-7c50a4b289e1.jpg
2180,8cbc3f86-6c7d-54be-b53f-43616061e158,Beaufort Cheese Tart,food_dataset_v2\recipe_images\2180_beaufort_cheese_tart.jpg,cloudflare_url/recipe_images/8cbc3f86-6c7d-54be-b53f-43616061e158.jpg
1987,2c546bee-d2a3-578c-a50e-e7d79e584f73,Bechamel Sauce,food_dataset_v2\recipe_images\1987_bechamel_sauce.jpg,cloudflare_url/recipe_images/2c546bee-d2a3-578c-a50e-e7d79e584f73.jpg
1281,9704c4cf-c940-5efc-beac-1b3737ee1328,Beef Aiguillette,food_dataset_v2\recipe_images\1281_beef_aiguillette.jpg,cloudflare_url/recipe_images/9704c4cf-c940-5efc-beac-1b3737ee1328.jpg
1262,6280554a-46aa-54e1-a776-016b45d84500,Beef Bourguignon,food_dataset_v2\recipe_images\1262_beef_bourguignon.jpg,cloudflare_url/recipe_images/6280554a-46aa-54e1-a776-016b45d84500.jpg
1234,d6ac7d77-e0f3-5282-b9b4-26ddadd87b6b,Beef Carpaccio,food_dataset_v2\recipe_images\1234_beef_carpaccio.jpg,cloudflare_url/recipe_images/d6ac7d77-e0f3-5282-b9b4-26ddadd87b6b.jpg
1305,5c80607f-6d57-51c8-b7fb-d2748bdd6894,Beef Civet,food_dataset_v2\recipe_images\1305_beef_civet.jpg,cloudflare_url/recipe_images/5c80607f-6d57-51c8-b7fb-d2748bdd6894.jpg
1266,3c8c9a12-7040-5dd6-aa9e-ffd9df94b188,Beef Daube,food_dataset_v2\recipe_images\1266_beef_daube.jpg,cloudflare_url/recipe_images/3c8c9a12-7040-5dd6-aa9e-ffd9df94b188.jpg
1276,8dade883-adf7-50fb-be80-2ae1b20178ab,Beef Estouffade,food_dataset_v2\recipe_images\1276_beef_estouffade.jpg,cloudflare_url/recipe_images/8dade883-adf7-50fb-be80-2ae1b20178ab.jpg
1309,cdfa9153-0bf8-5317-9228-c53f3b852028,Beef Filet Mignon,food_dataset_v2\recipe_images\1309_beef_filet_mignon.jpg,cloudflare_url/recipe_images/cdfa9153-0bf8-5317-9228-c53f3b852028.jpg
1275,5c8a2235-2330-58d8-8aa9-09b7fe439e38,Beef Mironton,food_dataset_v2\recipe_images\1275_beef_mironton.jpg,cloudflare_url/recipe_images/5c8a2235-2330-58d8-8aa9-09b7fe439e38.jpg
8235,b2703ef4-5589-5edf-9777-c1d5fe07a85f,Autumn Tsipouro and Chestnuts,food_dataset_v2\recipe_images\8235_autumn_tsipouro_and_chestnuts.jpg,cloudflare_url/recipe_images/b2703ef4-5589-5edf-9777-c1d5fe07a85f.jpg
8031,aa7d2d42-56a9-5e4d-8c0a-69132278224a,Avgolemono Sauce,food_dataset_v2\recipe_images\8031_avgolemono_sauce.jpg,cloudflare_url/recipe_images/aa7d2d42-56a9-5e4d-8c0a-69132278224a.jpg
7268,2902f56a-0b77-57e8-afac-475622e7e520,Avgolemono Soup,food_dataset_v2\recipe_images\7268_avgolemono_soup.jpg,cloudflare_url/recipe_images/2902f56a-0b77-57e8-afac-475622e7e520.jpg
7612,89075e6b-993b-5f7b-b7cf-35dcfd8ea59d,Bakaliaros Plaki,food_dataset_v2\recipe_images\7612_bakaliaros_plaki.jpg,cloudflare_url/recipe_images/89075e6b-993b-5f7b-b7cf-35dcfd8ea59d.jpg
7608,c4cdb09b-a8af-5fda-b419-03c8e0293452,Bakaliaros Skordalia,,
7613,dfee1a35-b43d-531b-ae7c-df17bb5bcc84,Bakaliaros Tiganitos,,
7971,91ab97b1-f3b7-5208-aeca-cd8d2e65f787,Baked Apples Greek-style,food_dataset_v2\recipe_images\7971_baked_apples_greek_style.jpg,cloudflare_url/recipe_images/91ab97b1-f3b7-5208-aeca-cd8d2e65f787.jpg
7745,95087d2e-c237-5d07-936e-1b0ba43fce94,Baked Chicken with Hilopites,food_dataset_v2\recipe_images\7745_baked_chicken_with_hilopites.jpg,cloudflare_url/recipe_images/95087d2e-c237-5d07-936e-1b0ba43fce94.jpg
7827,3bf032c9-1331-5dfd-be0e-79efa75d3d29,Baked Chickpea Patties,food_dataset_v2\recipe_images\7827_baked_chickpea_patties.jpg,cloudflare_url/recipe_images/3bf032c9-1331-5dfd-be0e-79efa75d3d29.jpg
7665,8bab2226-bc2d-54a3-adf5-9322c1150b1b,Baked Cuttlefish with Potatoes,food_dataset_v2\recipe_images\7665_baked_cuttlefish_with_potatoes.jpg,cloudflare_url/recipe_images/8bab2226-bc2d-54a3-adf5-9322c1150b1b.jpg
4179,29a380bf-4c96-564c-a969-ed7e6e0c09f6,Balsamic Glaze,food_dataset_v2\recipe_images\4179_balsamic_glaze.jpg,cloudflare_url/recipe_images/29a380bf-4c96-564c-a969-ed7e6e0c09f6.jpg
4199,cbbc5d5e-acd1-5807-9fad-c93173992d15,Basil Oil,food_dataset_v2\recipe_images\4199_basil_oil.jpg,cloudflare_url/recipe_images/cbbc5d5e-acd1-5807-9fad-c93173992d15.jpg
3295,326399db-a378-547e-bd26-761ab3da6e19,Bavette with Pesto,food_dataset_v2\recipe_images\3295_bavette_with_pesto.jpg,cloudflare_url/recipe_images/326399db-a378-547e-bd26-761ab3da6e19.jpg
3898,2c65b18d-d291-59be-978b-8e303b18d4db,Bean Puree Pugliese,food_dataset_v2\recipe_images\3898_bean_puree_pugliese.jpg,cloudflare_url/recipe_images/2c65b18d-d291-59be-978b-8e303b18d4db.jpg
4265,87da45ee-bc90-5bd1-b176-90f88004f522,Bean Purée Pugliese,food_dataset_v2\recipe_images\4265_bean_purée_pugliese.jpg,cloudflare_url/recipe_images/87da45ee-bc90-5bd1-b176-90f88004f522.jpg
3511,735eaf54-55f7-52af-bc98-16cc3540c55f,Bean and Pasta Soup,food_dataset_v2\recipe_images\3511_bean_and_pasta_soup.jpg,cloudflare_url/recipe_images/735eaf54-55f7-52af-bc98-16cc3540c55f.jpg
3616,9d1ed14f-f067-5efd-8d9e-030b00a380b9,Beef Braciole,food_dataset_v2\recipe_images\3616_beef_braciole.jpg,cloudflare_url/recipe_images/9d1ed14f-f067-5efd-8d9e-030b00a380b9.jpg
3743,0a2c4334-a33d-57cd-88d5-af8af3c3649a,Beef Carpaccio Appetizer,food_dataset_v2\recipe_images\3743_beef_carpaccio_appetizer.jpg,cloudflare_url/recipe_images/0a2c4334-a33d-57cd-88d5-af8af3c3649a.jpg
3638,d2180bbe-dcdf-5a01-9b85-2753d784b8a6,Beef Carpaccio with Truffle,food_dataset_v2\recipe_images\3638_beef_carpaccio_with_truffle.jpg,cloudflare_url/recipe_images/d2180bbe-dcdf-5a01-9b85-2753d784b8a6.jpg
3643,564d673a-2fc8-5022-8d05-69588c5391cf,Beef Involtini with Prosciutto,food_dataset_v2\recipe_images\3643_beef_involtini_with_prosciutto.jpg,cloudflare_url/recipe_images/564d673a-2fc8-5022-8d05-69588c5391cf.jpg
8710,d100f7e3-c993-5def-bf30-de77d210fc92,Banbanji,,
8332,cdd2f3c2-776d-5f71-8bc6-33ea833d5651,Bara Chirashi,food_dataset_v2\recipe_images\8332_bara_chirashi.jpg,cloudflare_url/recipe_images/cdd2f3c2-776d-5f71-8bc6-33ea833d5651.jpg
8730,9e2ad4c4-59cb-522c-829f-598f6c0daee9,Basashi,,
9130,d0db4591-3c4e-5a9b-92cb-f5ca95498d2b,Basashi,,
8949,1c21cd7f-7bfa-5e7f-879d-00010e2b6744,Basque Cheesecake Japanese-style,food_dataset_v2\recipe_images\8949_basque_cheesecake_japanese_style.jpg,cloudflare_url/recipe_images/1c21cd7f-7bfa-5e7f-879d-00010e2b6744.jpg
9121,69d120c7-31c0-5f7f-b58a-4943ba2eebbc,Battera,,
8335,7d64a272-a0eb-57c6-99fd-7b055506f673,Battera,,
8745,bcfe516f-ac58-54df-84cb-e1b8f2fe4627,Beni Shoga,food_dataset_v2\recipe_images\8745_beni_shoga.jpg,cloudflare_url/recipe_images/bcfe516f-ac58-54df-84cb-e1b8f2fe4627.jpg
9020,96073a91-6c27-5159-97a3-c38ac212f929,Beniimo Tart,food_dataset_v2\recipe_images\9020_beniimo_tart.jpg,cloudflare_url/recipe_images/96073a91-6c27-5159-97a3-c38ac212f929.jpg
9170,0846a8ab-a7be-5f43-980b-0e0c93eb8cf8,Beppu Jigoku Mushi,food_dataset_v2\recipe_images\9170_beppu_jigoku_mushi.jpg,cloudflare_url/recipe_images/0846a8ab-a7be-5f43-980b-0e0c93eb8cf8.jpg
4916,1b63ea71-2be1-51a7-bb7f-81005abb2182,Atole with Guava,food_dataset_v2\recipe_images\4916_atole_with_guava.jpg,cloudflare_url/recipe_images/1b63ea71-2be1-51a7-bb7f-81005abb2182.jpg
4882,232f3249-14a5-5dd3-996f-7a0666245812,Avocado Salsa,food_dataset_v2\recipe_images\4882_avocado_salsa.jpg,cloudflare_url/recipe_images/232f3249-14a5-5dd3-996f-7a0666245812.jpg
5268,afdfe982-1bef-5db2-b007-7f952a2ba15b,Año Nuevo Lentil Soup,food_dataset_v2\recipe_images\5268_año_nuevo_lentil_soup.jpg,cloudflare_url/recipe_images/afdfe982-1bef-5db2-b007-7f952a2ba15b.jpg
5235,c8354b00-926b-51a1-84c4-92a0323dbbbe,Bacalao a La Vizcaina,food_dataset_v2\recipe_images\5235_bacalao_a_la_vizcaina.jpg,cloudflare_url/recipe_images/c8354b00-926b-51a1-84c4-92a0323dbbbe.jpg
5185,e8fdc356-29ba-57c7-a40c-815bba59624b,Baja California Fish Tacos,food_dataset_v2\recipe_images\5185_baja_california_fish_tacos.jpg,cloudflare_url/recipe_images/e8fdc356-29ba-57c7-a40c-815bba59624b.jpg
5184,ae4fb0ad-d10c-5f84-ac8d-2dd5dbe75ac8,Baja California Langosta Puerto Nuevo,food_dataset_v2\recipe_images\5184_baja_california_langosta_puerto_nuevo.jpg,cloudflare_url/recipe_images/ae4fb0ad-d10c-5f84-ac8d-2dd5dbe75ac8.jpg
5291,2e8d077d-1703-53da-a2c7-7942b99bcc89,Baja Med Grilled Fish Tacos,food_dataset_v2\recipe_images\5291_baja_med_grilled_fish_tacos.jpg,cloudflare_url/recipe_images/2e8d077d-1703-53da-a2c7-7942b99bcc89.jpg
4763,72dbd971-bd42-504b-915b-157803a45ccc,Baked Chicken with Herbs,food_dataset_v2\recipe_images\4763_baked_chicken_with_herbs.jpg,cloudflare_url/recipe_images/72dbd971-bd42-504b-915b-157803a45ccc.jpg
5113,6c761e4c-3b49-5189-95df-7346d17fda92,Baked Plantains with Cream,food_dataset_v2\recipe_images\5113_baked_plantains_with_cream.jpg,cloudflare_url/recipe_images/6c761e4c-3b49-5189-95df-7346d17fda92.jpg
4935,ae32272f-d643-55fd-9e8e-802cf28f157e,Banana Smoothie,food_dataset_v2\recipe_images\4935_banana_smoothie.jpg,cloudflare_url/recipe_images/ae32272f-d643-55fd-9e8e-802cf28f157e.jpg
9395,f939d7f2-d5ca-5f0e-974a-6014681122ed,Beef Fillet with Cream Sauce,food_dataset_v2\recipe_images\9395_beef_fillet_with_cream_sauce.jpg,cloudflare_url/recipe_images/f939d7f2-d5ca-5f0e-974a-6014681122ed.jpg
9407,76278a68-5985-596f-b775-bffaa268695e,Beef Heart Skewers Grilled,food_dataset_v2\recipe_images\9407_beef_heart_skewers_grilled.jpg,cloudflare_url/recipe_images/76278a68-5985-596f-b775-bffaa268695e.jpg
9405,8ce27eb8-6bf5-53b3-9b4e-fbd84548d13d,Beef Liver with Onions,food_dataset_v2\recipe_images\9405_beef_liver_with_onions.jpg,cloudflare_url/recipe_images/8ce27eb8-6bf5-53b3-9b4e-fbd84548d13d.jpg
9416,243ac4e7-3169-5815-93bd-a3d94c2f07f9,Beef Meatballs Algarve Style,food_dataset_v2\recipe_images\9416_beef_meatballs_algarve_style.jpg,cloudflare_url/recipe_images/243ac4e7-3169-5815-93bd-a3d94c2f07f9.jpg
9411,dd417ee2-a03c-5c89-afc9-4e20d1f900a3,Beef Oxtail Stew,food_dataset_v2\recipe_images\9411_beef_oxtail_stew.jpg,cloudflare_url/recipe_images/dd417ee2-a03c-5c89-afc9-4e20d1f900a3.jpg
9423,7bd5aa2d-f1d1-5496-9412-6054e63b1e3d,Beef Patties with Egg Inside,food_dataset_v2\recipe_images\9423_beef_patties_with_egg_inside.jpg,cloudflare_url/recipe_images/7bd5aa2d-f1d1-5496-9412-6054e63b1e3d.jpg
9438,6b567619-5a94-5822-9c8f-c6a04ef27031,Beef Ragout with Turnip,food_dataset_v2\recipe_images\9438_beef_ragout_with_turnip.jpg,cloudflare_url/recipe_images/6b567619-5a94-5822-9c8f-c6a04ef27031.jpg
9436,af2927c4-bc66-5474-95a5-42a2bb9a4d89,Beef Ragu with Pasta,food_dataset_v2\recipe_images\9436_beef_ragu_with_pasta.jpg,cloudflare_url/recipe_images/af2927c4-bc66-5474-95a5-42a2bb9a4d89.jpg
9392,a2c148fd-5759-5f15-a74c-bff0fe9240ca,Beef Roulade with Ham,food_dataset_v2\recipe_images\9392_beef_roulade_with_ham.jpg,cloudflare_url/recipe_images/a2c148fd-5759-5f15-a74c-bff0fe9240ca.jpg
9420,8fa2fc50-bcdd-5848-acdd-374a2ad7e749,Beef Rump Roast with Potatoes,food_dataset_v2\recipe_images\9420_beef_rump_roast_with_potatoes.jpg,cloudflare_url/recipe_images/8fa2fc50-bcdd-5848-acdd-374a2ad7e749.jpg
5513,b198a742-ba5c-59e7-9b04-f81baf78c726,Arroz Con Gambas,food_dataset_v2\recipe_images\5513_arroz_con_gambas.jpg,cloudflare_url/recipe_images/b198a742-ba5c-59e7-9b04-f81baf78c726.jpg
5507,4289b517-6412-5e46-9a3e-bba198486289,Arroz Con Garbanzos,food_dataset_v2\recipe_images\5507_arroz_con_garbanzos.jpg,cloudflare_url/recipe_images/4289b517-6412-5e46-9a3e-bba198486289.jpg
5496,7030f2b9-38d6-5fc2-9a0f-81bafeab16e8,Arroz Con Habichuelas,food_dataset_v2\recipe_images\5496_arroz_con_habichuelas.jpg,cloudflare_url/recipe_images/7030f2b9-38d6-5fc2-9a0f-81bafeab16e8.jpg
5498,2b374fbc-57ef-5390-8fcb-ffe1d95eda89,Arroz Con Leche,food_dataset_v2\recipe_images\5498_arroz_con_leche.jpg,cloudflare_url/recipe_images/2b374fbc-57ef-5390-8fcb-ffe1d95eda89.jpg
5824,61761bd3-5c54-5208-adb3-848477dc7e6b,Arroz Con Leche Asturiano,food_dataset_v2\recipe_images\5824_arroz_con_leche_asturiano.jpg,cloudflare_url/recipe_images/61761bd3-5c54-5208-adb3-848477dc7e6b.jpg
5954,26251cc4-1b9d-54f6-8e28-56a9c9266629,Arroz Con Leche Quemado,food_dataset_v2\recipe_images\5954_arroz_con_leche_quemado.jpg,cloudflare_url/recipe_images/26251cc4-1b9d-54f6-8e28-56a9c9266629.jpg
5521,5afe831e-6341-5e9a-9f0d-fb71b100cebd,Arroz Con Mejillones,food_dataset_v2\recipe_images\5521_arroz_con_mejillones.jpg,cloudflare_url/recipe_images/5afe831e-6341-5e9a-9f0d-fb71b100cebd.jpg
5494,22b5a7ae-bc36-5236-9adc-3d1914d90acd,Arroz Con Pato,food_dataset_v2\recipe_images\5494_arroz_con_pato.jpg,cloudflare_url/recipe_images/22b5a7ae-bc36-5236-9adc-3d1914d90acd.jpg
5501,1f3a8c2d-fea7-5e3e-ae32-c8d5139eb5ca,Arroz Con Pimientos,food_dataset_v2\recipe_images\5501_arroz_con_pimientos.jpg,cloudflare_url/recipe_images/1f3a8c2d-fea7-5e3e-ae32-c8d5139eb5ca.jpg
5590,c9f1cd79-42a1-5235-8bc7-0c2de271b36d,Arroz Con Pollo,food_dataset_v2\recipe_images\5590_arroz_con_pollo.jpg,cloudflare_url/recipe_images/c9f1cd79-42a1-5235-8bc7-0c2de271b36d.jpg
2983,3af989e2-dfe9-5eee-a83e-58f837a074f2,Gaeng Aom Isan,food_dataset_v2\recipe_images\2983_gaeng_aom_isan.jpg,cloudflare_url/recipe_images/3af989e2-dfe9-5eee-a83e-58f837a074f2.jpg
2952,53e7f757-59ad-54b5-a7b7-540965cf8338,Gaeng Bon,food_dataset_v2\recipe_images\2952_gaeng_bon.jpg,cloudflare_url/recipe_images/53e7f757-59ad-54b5-a7b7-540965cf8338.jpg
2299,9c09400a-496b-5d18-815d-4a4d0dd7a9b9,Gaeng Bon Taro Stem Curry,food_dataset_v2\recipe_images\2299_gaeng_bon_taro_stem_curry.jpg,cloudflare_url/recipe_images/9c09400a-496b-5d18-815d-4a4d0dd7a9b9.jpg
3200,01df5b47-3389-52b8-9d09-ad9a750e3968,Gaeng Hang Lay,food_dataset_v2\recipe_images\3200_gaeng_hang_lay.jpg,cloudflare_url/recipe_images/01df5b47-3389-52b8-9d09-ad9a750e3968.jpg
2300,d1952837-31f5-539a-b8c8-58d7024bc8e2,Gaeng Hed,food_dataset_v2\recipe_images\2300_gaeng_hed.jpg,cloudflare_url/recipe_images/d1952837-31f5-539a-b8c8-58d7024bc8e2.jpg
2962,5e6ca103-4bb2-57c5-a5e3-264f63b4400d,Gaeng Hed Khon Muang,food_dataset_v2\recipe_images\2962_gaeng_hed_khon_muang.jpg,cloudflare_url/recipe_images/5e6ca103-4bb2-57c5-a5e3-264f63b4400d.jpg
2982,3c600b45-637e-5edc-aaa4-9a286ec9fb10,Gaeng Heed Baan,food_dataset_v2\recipe_images\2982_gaeng_heed_baan.jpg,cloudflare_url/recipe_images/3c600b45-637e-5edc-aaa4-9a286ec9fb10.jpg
2402,355d52cf-d572-50f4-b3a9-1bb32b8541c0,Gaeng Ho,food_dataset_v2\recipe_images\2402_gaeng_ho.jpg,cloudflare_url/recipe_images/355d52cf-d572-50f4-b3a9-1bb32b8541c0.jpg
2273,13cfb363-dedb-524a-ab93-22677c3a9f46,Gaeng Hung Lay,food_dataset_v2\recipe_images\2273_gaeng_hung_lay.jpg,cloudflare_url/recipe_images/13cfb363-dedb-524a-ab93-22677c3a9f46.jpg
2984,6bd2da5b-be80-5684-a83b-eaf549c629cd,Gaeng Isan,food_dataset_v2\recipe_images\2984_gaeng_isan.jpg,cloudflare_url/recipe_images/6bd2da5b-be80-5684-a83b-eaf549c629cd.jpg
6969,d8e3c6ba-21e3-5330-95c9-10cfcdb6e23c,Arabaşı Soup,food_dataset_v2\recipe_images\6969_arabaşı_soup.jpg,cloudflare_url/recipe_images/d8e3c6ba-21e3-5330-95c9-10cfcdb6e23c.jpg
6612,a27348aa-44d6-5d0d-b1b6-422e2fbead64,Armut Tatlisi,food_dataset_v2\recipe_images\6612_armut_tatlisi.jpg,cloudflare_url/recipe_images/a27348aa-44d6-5d0d-b1b6-422e2fbead64.jpg
6989,60a3170f-a5fc-5543-ba40-33b35672c71d,Arnavut Boregi,,
6842,33b648c2-ea14-59f2-bdf7-5e10a51492f3,Arnavut Cigeri,,
6527,124da7ac-02c9-5584-a03f-b20647c2abb4,Artichoke Heart Salad,food_dataset_v2\recipe_images\6527_artichoke_heart_salad.jpg,cloudflare_url/recipe_images/124da7ac-02c9-5584-a03f-b20647c2abb4.jpg
7025,6cb2517b-721d-5d51-af8e-4e088dd35d76,Artichoke Rice Pilaf,food_dataset_v2\recipe_images\7025_artichoke_rice_pilaf.jpg,cloudflare_url/recipe_images/6cb2517b-721d-5d51-af8e-4e088dd35d76.jpg
6394,8c053eca-e5b1-58fd-a9e4-6f6beca5e133,Artichoke Soup,food_dataset_v2\recipe_images\6394_artichoke_soup.jpg,cloudflare_url/recipe_images/8c053eca-e5b1-58fd-a9e4-6f6beca5e133.jpg
7061,d7c75d0a-7784-5fd5-86ce-89a2247f76aa,Artichoke Stew with Meat,food_dataset_v2\recipe_images\7061_artichoke_stew_with_meat.jpg,cloudflare_url/recipe_images/d7c75d0a-7784-5fd5-86ce-89a2247f76aa.jpg
7031,6ec575e7-75b5-525a-aabd-9b6950803ab7,Artichoke in Olive Oil,food_dataset_v2\recipe_images\7031_artichoke_in_olive_oil.jpg,cloudflare_url/recipe_images/6ec575e7-75b5-525a-aabd-9b6950803ab7.jpg
7218,a8d4b8be-45a0-5766-8092-2948d32b0d45,Artvin Cornmeal Halva,food_dataset_v2\recipe_images\7218_artvin_cornmeal_halva.jpg,cloudflare_url/recipe_images/a8d4b8be-45a0-5766-8092-2948d32b0d45.jpg
57,628acb8e-ee21-5aaf-b7a9-5559cea9593f,BBQ Chicken Thighs,food_dataset_v2\recipe_images\57_bbq_chicken_thighs.jpg,cloudflare_url/recipe_images/628acb8e-ee21-5aaf-b7a9-5559cea9593f.jpg
77,9c71162b-5a7a-5cd1-914a-a15cc2fbdd42,BBQ Loaded Baked Potato,food_dataset_v2\recipe_images\77_bbq_loaded_baked_potato.jpg,cloudflare_url/recipe_images/9c71162b-5a7a-5cd1-914a-a15cc2fbdd42.jpg
100,a6c1cae3-9164-5c9b-a71a-6983631bf7aa,BBQ Meat Platter Combo,food_dataset_v2\recipe_images\100_bbq_meat_platter_combo.jpg,cloudflare_url/recipe_images/a6c1cae3-9164-5c9b-a71a-6983631bf7aa.jpg
82,f1f4f33c-2da0-5dcd-b467-c3000a5c3f2c,BBQ Nachos with Brisket,food_dataset_v2\recipe_images\82_bbq_nachos_with_brisket.jpg,cloudflare_url/recipe_images/f1f4f33c-2da0-5dcd-b467-c3000a5c3f2c.jpg
91,83b99fec-7393-5350-9137-9d39e50a95e9,BBQ Pork Belly Burnt Ends,food_dataset_v2\recipe_images\91_bbq_pork_belly_burnt_ends.jpg,cloudflare_url/recipe_images/83b99fec-7393-5350-9137-9d39e50a95e9.jpg
65,09b78558-3675-5d9c-82a5-1e4058f5da85,BBQ Pork Chops,food_dataset_v2\recipe_images\65_bbq_pork_chops.jpg,cloudflare_url/recipe_images/09b78558-3675-5d9c-82a5-1e4058f5da85.jpg
62,e7fa1d8c-0197-55cb-8095-9e652beec83e,BBQ Pulled Chicken,food_dataset_v2\recipe_images\62_bbq_pulled_chicken.jpg,cloudflare_url/recipe_images/e7fa1d8c-0197-55cb-8095-9e652beec83e.jpg
84,afb5d287-3625-5c7e-9b55-650d27a6cb1b,BBQ Pulled Jackfruit,food_dataset_v2\recipe_images\84_bbq_pulled_jackfruit.jpg,cloudflare_url/recipe_images/afb5d287-3625-5c7e-9b55-650d27a6cb1b.jpg
107,2757d84a-c3ee-5557-a7a3-4bc65359aba9,BBQ Pulled Pork Mac and Cheese,food_dataset_v2\recipe_images\107_bbq_pulled_pork_mac_and_cheese.jpg,cloudflare_url/recipe_images/2757d84a-c3ee-5557-a7a3-4bc65359aba9.jpg
122,bbbcf955-9eea-51ca-9b1a-31b81e6e24c8,BBQ Rib Tips,food_dataset_v2\recipe_images\122_bbq_rib_tips.jpg,cloudflare_url/recipe_images/bbbcf955-9eea-51ca-9b1a-31b81e6e24c8.jpg
1348,09542aa1-62d0-5443-81b2-0da67fed65b5,Beef Paupiettes,food_dataset_v2\recipe_images\1348_beef_paupiettes.jpg,cloudflare_url/recipe_images/09542aa1-62d0-5443-81b2-0da67fed65b5.jpg
1294,318f9b3e-0e42-5051-89ad-3e4c7d219d44,Beef Pavé with Bearnaise Sauce,food_dataset_v2\recipe_images\1294_beef_pavé_with_bearnaise_sauce.jpg,cloudflare_url/recipe_images/318f9b3e-0e42-5051-89ad-3e4c7d219d44.jpg
1341,23b6f273-57ae-5eda-845e-1ff3031d2c9f,Beef Ragout,food_dataset_v2\recipe_images\1341_beef_ragout.jpg,cloudflare_url/recipe_images/23b6f273-57ae-5eda-845e-1ff3031d2c9f.jpg
1279,ad94a69a-827c-58a6-b637-54c739972b47,Beef Tongue with Piquant Sauce,food_dataset_v2\recipe_images\1279_beef_tongue_with_piquant_sauce.jpg,cloudflare_url/recipe_images/ad94a69a-827c-58a6-b637-54c739972b47.jpg
1272,7fc40e15-b338-59b1-b6f3-17ff1d49ff9b,Beef Wellington French-style,food_dataset_v2\recipe_images\1272_beef_wellington_french_style.jpg,cloudflare_url/recipe_images/7fc40e15-b338-59b1-b6f3-17ff1d49ff9b.jpg
1284,3b9715ff-ac81-56d9-8ca5-f37fe7b204ae,Beef and Carrots,food_dataset_v2\recipe_images\1284_beef_and_carrots.jpg,cloudflare_url/recipe_images/3b9715ff-ac81-56d9-8ca5-f37fe7b204ae.jpg
1301,8f96a4d8-9e5a-5c93-865a-5ca19694dd5d,Beef in Aspic,food_dataset_v2\recipe_images\1301_beef_in_aspic.jpg,cloudflare_url/recipe_images/8f96a4d8-9e5a-5c93-865a-5ca19694dd5d.jpg
1264,3eac3c60-57f8-5857-bd25-8a7980cf83ce,Beef on a String,food_dataset_v2\recipe_images\1264_beef_on_a_string.jpg,cloudflare_url/recipe_images/3eac3c60-57f8-5857-bd25-8a7980cf83ce.jpg
1298,909f010a-f99f-553c-baef-7de190972ee6,Beef with Coarse Salt,food_dataset_v2\recipe_images\1298_beef_with_coarse_salt.jpg,cloudflare_url/recipe_images/909f010a-f99f-553c-baef-7de190972ee6.jpg
1313,7b15383d-7e6c-58ff-a71a-6f72b03f01c1,Beef with Ginger and Soy,food_dataset_v2\recipe_images\1313_beef_with_ginger_and_soy.jpg,cloudflare_url/recipe_images/7b15383d-7e6c-58ff-a71a-6f72b03f01c1.jpg
7714,0b507ddf-83c3-54a9-a425-83a6a5d26ddd,Baked Feta Pasta,food_dataset_v2\recipe_images\7714_baked_feta_pasta.jpg,cloudflare_url/recipe_images/0b507ddf-83c3-54a9-a425-83a6a5d26ddd.jpg
7391,62acfb7d-f04f-5585-844f-1bfdf392fdfe,Baked Feta with Tomato and Oregano,food_dataset_v2\recipe_images\7391_baked_feta_with_tomato_and_oregano.jpg,cloudflare_url/recipe_images/62acfb7d-f04f-5585-844f-1bfdf392fdfe.jpg
7627,6b482f57-262d-57d5-8c2f-75ac0e67922b,Baked Fish with Lemon and Herbs,food_dataset_v2\recipe_images\7627_baked_fish_with_lemon_and_herbs.jpg,cloudflare_url/recipe_images/6b482f57-262d-57d5-8c2f-75ac0e67922b.jpg
7732,c1d301fc-ff79-516b-8897-11b9cd785f3f,Baked Fish with Orzo,food_dataset_v2\recipe_images\7732_baked_fish_with_orzo.jpg,cloudflare_url/recipe_images/c1d301fc-ff79-516b-8897-11b9cd785f3f.jpg
7728,0415412f-eac3-551c-94cf-cea0d58170fb,Baked Giant Beans with Sausage,food_dataset_v2\recipe_images\7728_baked_giant_beans_with_sausage.jpg,cloudflare_url/recipe_images/0415412f-eac3-551c-94cf-cea0d58170fb.jpg
7473,b39c26d3-9caa-56f1-8428-ef2e2b6d9bb9,Baked Lamb Head,food_dataset_v2\recipe_images\7473_baked_lamb_head.jpg,cloudflare_url/recipe_images/b39c26d3-9caa-56f1-8428-ef2e2b6d9bb9.jpg
7742,38a5458a-caf1-5e99-b473-c42d3f728295,Baked Lamb Meatballs with Orzo,food_dataset_v2\recipe_images\7742_baked_lamb_meatballs_with_orzo.jpg,cloudflare_url/recipe_images/38a5458a-caf1-5e99-b473-c42d3f728295.jpg
7674,8ef40071-d898-512e-ac17-148f023ef5ce,Baked Oysters Greek-style,food_dataset_v2\recipe_images\7674_baked_oysters_greek_style.jpg,cloudflare_url/recipe_images/8ef40071-d898-512e-ac17-148f023ef5ce.jpg
7743,c78ee258-33a5-56ff-8c61-d89e272dac1d,Baked Penne Greek-style,food_dataset_v2\recipe_images\7743_baked_penne_greek_style.jpg,cloudflare_url/recipe_images/c78ee258-33a5-56ff-8c61-d89e272dac1d.jpg
7723,14524e1c-08b6-5a11-a84d-278fdc0dbdf6,Baked Peppers Stuffed with Rice,food_dataset_v2\recipe_images\7723_baked_peppers_stuffed_with_rice.jpg,cloudflare_url/recipe_images/14524e1c-08b6-5a11-a84d-278fdc0dbdf6.jpg
3618,22690b85-3a28-5bc7-9655-59da99c31331,Beef Tartare Italian Style,food_dataset_v2\recipe_images\3618_beef_tartare_italian_style.jpg,cloudflare_url/recipe_images/22690b85-3a28-5bc7-9655-59da99c31331.jpg
3365,2471b565-394e-50f7-8708-dd06278ed247,Beet Pasta,food_dataset_v2\recipe_images\3365_beet_pasta.jpg,cloudflare_url/recipe_images/2471b565-394e-50f7-8708-dd06278ed247.jpg
4176,8872b67a-04e2-5470-abc7-c23d3ad5bb14,Bellini,food_dataset_v2\recipe_images\4176_bellini.jpg,cloudflare_url/recipe_images/8872b67a-04e2-5470-abc7-c23d3ad5bb14.jpg
3290,2ec3c930-80aa-55b3-ad43-197d4215ef0a,Bigoli in Salsa,food_dataset_v2\recipe_images\3290_bigoli_in_salsa.jpg,cloudflare_url/recipe_images/2ec3c930-80aa-55b3-ad43-197d4215ef0a.jpg
4030,45650a9b-eb0a-54ed-8006-13c2a3551379,Biscotti Al Burro,food_dataset_v2\recipe_images\4030_biscotti_al_burro.jpg,cloudflare_url/recipe_images/45650a9b-eb0a-54ed-8006-13c2a3551379.jpg
4021,2a18bff7-0537-5f05-a029-142d8baa6e24,Biscotti Di Prato,food_dataset_v2\recipe_images\4021_biscotti_di_prato.jpg,cloudflare_url/recipe_images/2a18bff7-0537-5f05-a029-142d8baa6e24.jpg
4067,fa622fba-e1d8-5f98-b7f3-48b976148bbc,Biscotto Gelato,food_dataset_v2\recipe_images\4067_biscotto_gelato.jpg,cloudflare_url/recipe_images/fa622fba-e1d8-5f98-b7f3-48b976148bbc.jpg
3542,d3661b29-b942-501e-aadc-664fa0949bcc,Bistecca Alla Fiorentina,food_dataset_v2\recipe_images\3542_bistecca_alla_fiorentina.jpg,cloudflare_url/recipe_images/d3661b29-b942-501e-aadc-664fa0949bcc.jpg
3448,d55a0313-130e-5b45-bef1-9a51e8f8b8e6,Black Risotto,food_dataset_v2\recipe_images\3448_black_risotto.jpg,cloudflare_url/recipe_images/d55a0313-130e-5b45-bef1-9a51e8f8b8e6.jpg
4086,6929f518-2e5e-582e-8d2d-95c7e56e3547,Blood Orange Sorbet,food_dataset_v2\recipe_images\4086_blood_orange_sorbet.jpg,cloudflare_url/recipe_images/6929f518-2e5e-582e-8d2d-95c7e56e3547.jpg
8945,3270730f-b926-58d7-a65d-bd46e48df3e0,Black Sesame Ice Cream,food_dataset_v2\recipe_images\8945_black_sesame_ice_cream.jpg,cloudflare_url/recipe_images/3270730f-b926-58d7-a65d-bd46e48df3e0.jpg
8958,12b31f4d-fcbb-5ca4-9708-5efeef3bc646,Black Sesame Purin,food_dataset_v2\recipe_images\8958_black_sesame_purin.jpg,cloudflare_url/recipe_images/12b31f4d-fcbb-5ca4-9708-5efeef3bc646.jpg
8911,014acc10-0d6e-5ff9-b652-7a5e40b53ebb,Botamochi,,
8578,e347c71a-3054-50b1-a2e3-ce0ec5a0b23b,Buri Daikon,food_dataset_v2\recipe_images\8578_buri_daikon.jpg,cloudflare_url/recipe_images/e347c71a-3054-50b1-a2e3-ce0ec5a0b23b.jpg
8475,a96e0851-b6c9-5df3-b520-e911f09acfc0,Buri Don,food_dataset_v2\recipe_images\8475_buri_don.jpg,cloudflare_url/recipe_images/a96e0851-b6c9-5df3-b520-e911f09acfc0.jpg
8509,9c12c314-01d0-5440-a0cc-50ffbcfc4d37,Buri Teriyaki,food_dataset_v2\recipe_images\8509_buri_teriyaki.jpg,cloudflare_url/recipe_images/9c12c314-01d0-5440-a0cc-50ffbcfc4d37.jpg
8570,2887f273-5da7-5a37-8d80-50ca7f22b929,Buta Kakuni,food_dataset_v2\recipe_images\8570_buta_kakuni.jpg,cloudflare_url/recipe_images/2887f273-5da7-5a37-8d80-50ca7f22b929.jpg
8672,23184214-1a9f-5d9e-bfbf-49ddc7d33859,Buta No Shogani,food_dataset_v2\recipe_images\8672_buta_no_shogani.jpg,cloudflare_url/recipe_images/23184214-1a9f-5d9e-bfbf-49ddc7d33859.jpg
8603,5651d518-08d7-50c1-8163-2463da25c985,Buta Shabu,food_dataset_v2\recipe_images\8603_buta_shabu.jpg,cloudflare_url/recipe_images/5651d518-08d7-50c1-8163-2463da25c985.jpg
9235,eaf445a1-bc7f-567a-a0e6-42541e63f5b4,Butabara,,
5101,2409b580-aac2-59fb-9772-d185616c2066,Banderillas,,
4440,c054aa1c-16b0-551b-b25f-2179d890bd08,Barbacoa Broth,food_dataset_v2\recipe_images\4440_barbacoa_broth.jpg,cloudflare_url/recipe_images/c054aa1c-16b0-551b-b25f-2179d890bd08.jpg
4976,6f3c9673-1691-5b73-8da9-38125a4d4887,Barbacoa De Borrego,food_dataset_v2\recipe_images\4976_barbacoa_de_borrego.jpg,cloudflare_url/recipe_images/6f3c9673-1691-5b73-8da9-38125a4d4887.jpg
4611,ad207579-a547-5184-bbcc-95743d5ea327,Barbacoa De Res,food_dataset_v2\recipe_images\4611_barbacoa_de_res.jpg,cloudflare_url/recipe_images/ad207579-a547-5184-bbcc-95743d5ea327.jpg
4970,744148ab-e1de-5b27-97a8-d1ae8378bd93,Barbacoa De Res Hidalgo,food_dataset_v2\recipe_images\4970_barbacoa_de_res_hidalgo.jpg,cloudflare_url/recipe_images/744148ab-e1de-5b27-97a8-d1ae8378bd93.jpg
4571,a8c8ec07-ca70-5b14-b5d3-572bf3653528,Barbacoa Flautas,food_dataset_v2\recipe_images\4571_barbacoa_flautas.jpg,cloudflare_url/recipe_images/a8c8ec07-ca70-5b14-b5d3-572bf3653528.jpg
5211,0fc9648e-421d-5409-b05e-704d54d906a9,"Barbacoa from Texcoco, State of Mexico",food_dataset_v2\recipe_images\5211_barbacoa_from_texcoco__state_of_mexico.jpg,cloudflare_url/recipe_images/0fc9648e-421d-5409-b05e-704d54d906a9.jpg
5270,0861aa55-028b-5193-9692-e8855ecd919c,Bautizo Feast,food_dataset_v2\recipe_images\5270_bautizo_feast.jpg,cloudflare_url/recipe_images/0861aa55-028b-5193-9692-e8855ecd919c.jpg
4595,d1fcaf0f-b45e-5d34-b263-a3a99c7403b4,Bean Burrito,food_dataset_v2\recipe_images\4595_bean_burrito.jpg,cloudflare_url/recipe_images/d1fcaf0f-b45e-5d34-b263-a3a99c7403b4.jpg
4513,8b2d2444-a877-5cab-836f-5f16ae633020,Bean Gorditas,food_dataset_v2\recipe_images\4513_bean_gorditas.jpg,cloudflare_url/recipe_images/8b2d2444-a877-5cab-836f-5f16ae633020.jpg
9443,e341e291-1621-510d-a6de-4da4f83d6963,Beef Salpicao Salad,food_dataset_v2\recipe_images\9443_beef_salpicao_salad.jpg,cloudflare_url/recipe_images/e341e291-1621-510d-a6de-4da4f83d6963.jpg
9396,555a4fb5-c04e-5ba7-a868-842a1921d967,Beef Shank Stew with Vegetables,food_dataset_v2\recipe_images\9396_beef_shank_stew_with_vegetables.jpg,cloudflare_url/recipe_images/555a4fb5-c04e-5ba7-a868-842a1921d967.jpg
9419,949fa284-dbfe-5ed5-8740-0612156c1f68,Beef Shin Stew,food_dataset_v2\recipe_images\9419_beef_shin_stew.jpg,cloudflare_url/recipe_images/949fa284-dbfe-5ed5-8740-0612156c1f68.jpg
9397,2120f4d2-6e79-50e1-8fe1-09672bb215e5,Beef Short Ribs Braised,food_dataset_v2\recipe_images\9397_beef_short_ribs_braised.jpg,cloudflare_url/recipe_images/2120f4d2-6e79-50e1-8fe1-09672bb215e5.jpg
9417,2ef21d92-b807-5061-b9ac-eb81bb7a7465,Beef Sirloin with Pepper Sauce,food_dataset_v2\recipe_images\9417_beef_sirloin_with_pepper_sauce.jpg,cloudflare_url/recipe_images/2ef21d92-b807-5061-b9ac-eb81bb7a7465.jpg
9429,6aa5402d-e3ec-5392-a5c5-7029a27e6125,Beef Steak Café De São Bento Style,food_dataset_v2\recipe_images\9429_beef_steak_café_de_são_bento_style.jpg,cloudflare_url/recipe_images/6aa5402d-e3ec-5392-a5c5-7029a27e6125.jpg
10043,e41b0338-32c4-565d-9e5c-c09baaab861c,Beef Steak with Port Wine Sauce,food_dataset_v2\recipe_images\10043_beef_steak_with_port_wine_sauce.jpg,cloudflare_url/recipe_images/e41b0338-32c4-565d-9e5c-c09baaab861c.jpg
9409,0a483f67-e1a3-5094-8417-f78b09959572,Beef Stew Azores Style,food_dataset_v2\recipe_images\9409_beef_stew_azores_style.jpg,cloudflare_url/recipe_images/0a483f67-e1a3-5094-8417-f78b09959572.jpg
9446,551a1585-190a-5312-92d5-828c7553642e,Beef Stew with Broad Beans,food_dataset_v2\recipe_images\9446_beef_stew_with_broad_beans.jpg,cloudflare_url/recipe_images/551a1585-190a-5312-92d5-828c7553642e.jpg
9414,2b9fd53c-be5a-5908-8bdf-05002fd6defa,Beef Stew with Olives,food_dataset_v2\recipe_images\9414_beef_stew_with_olives.jpg,cloudflare_url/recipe_images/2b9fd53c-be5a-5908-8bdf-05002fd6defa.jpg
6259,25958f38-92f1-56df-8034-5033d9d3ce0e,Arroz Con Pollo Y Setas,food_dataset_v2\recipe_images\6259_arroz_con_pollo_y_setas.jpg,cloudflare_url/recipe_images/25958f38-92f1-56df-8034-5033d9d3ce0e.jpg
5510,25188c06-2950-5b7e-b3e4-65168a6fbd2d,Arroz Con Pulpo,food_dataset_v2\recipe_images\5510_arroz_con_pulpo.jpg,cloudflare_url/recipe_images/25188c06-2950-5b7e-b3e4-65168a6fbd2d.jpg
5493,60d63210-2cd3-58eb-ba31-363e241b811c,Arroz Con Sepia,,
5503,a9a4099e-9ffa-5e1c-938d-491c38b266b1,Arroz Con Setas,food_dataset_v2\recipe_images\5503_arroz_con_setas.jpg,cloudflare_url/recipe_images/a9a4099e-9ffa-5e1c-938d-491c38b266b1.jpg
5519,0381c2f2-4521-5f82-8c36-2ee844eb9d45,Arroz De Campaña,food_dataset_v2\recipe_images\5519_arroz_de_campaña.jpg,cloudflare_url/recipe_images/0381c2f2-4521-5f82-8c36-2ee844eb9d45.jpg
5511,1c2857d7-71cd-5a08-8729-faff715bd97c,Arroz De Matanza,food_dataset_v2\recipe_images\5511_arroz_de_matanza.jpg,cloudflare_url/recipe_images/1c2857d7-71cd-5a08-8729-faff715bd97c.jpg
5509,e2a0c78a-c69a-54ac-ac98-6195e9fa9c91,Arroz De Montaña,food_dataset_v2\recipe_images\5509_arroz_de_montaña.jpg,cloudflare_url/recipe_images/e2a0c78a-c69a-54ac-ac98-6195e9fa9c91.jpg
5477,13ff1e0e-3ce7-588c-a3e9-15251fa0d922,Arroz Del Señoret,food_dataset_v2\recipe_images\5477_arroz_del_señoret.jpg,cloudflare_url/recipe_images/13ff1e0e-3ce7-588c-a3e9-15251fa0d922.jpg
5497,2e86e303-3de8-5f6f-9fcf-a2c6eede6303,Arroz Empedrado,food_dataset_v2\recipe_images\5497_arroz_empedrado.jpg,cloudflare_url/recipe_images/2e86e303-3de8-5f6f-9fcf-a2c6eede6303.jpg
5483,c340d541-ae94-5939-88a8-c29da039266d,Arroz Meloso De Bogavante,food_dataset_v2\recipe_images\5483_arroz_meloso_de_bogavante.jpg,cloudflare_url/recipe_images/c340d541-ae94-5939-88a8-c29da039266d.jpg
2295,1ce26ed4-9279-5043-859e-c592e4bdec2b,Gaeng Jued Het,food_dataset_v2\recipe_images\2295_gaeng_jued_het.jpg,cloudflare_url/recipe_images/1ce26ed4-9279-5043-859e-c592e4bdec2b.jpg
2530,966af173-b9c3-51e1-8bd2-261792dcd564,Gaeng Jued Mamuang,food_dataset_v2\recipe_images\2530_gaeng_jued_mamuang.jpg,cloudflare_url/recipe_images/966af173-b9c3-51e1-8bd2-261792dcd564.jpg
2306,bfc8fb79-c666-5f2a-8fb3-df8e5cec3d33,Gaeng Jued Mara,food_dataset_v2\recipe_images\2306_gaeng_jued_mara.jpg,cloudflare_url/recipe_images/bfc8fb79-c666-5f2a-8fb3-df8e5cec3d33.jpg
2292,829f6ee7-e19c-577e-ba2c-ca7c6958539f,Gaeng Jued Moo Sab,food_dataset_v2\recipe_images\2292_gaeng_jued_moo_sab.jpg,cloudflare_url/recipe_images/829f6ee7-e19c-577e-ba2c-ca7c6958539f.jpg
2294,2780562a-6a98-57e9-81db-516f513655ff,Gaeng Jued Pak Ruam,food_dataset_v2\recipe_images\2294_gaeng_jued_pak_ruam.jpg,cloudflare_url/recipe_images/2780562a-6a98-57e9-81db-516f513655ff.jpg
2293,3cfb5bb0-0d5e-5d98-95ff-d701c6d8becd,Gaeng Jued Tao Hu,food_dataset_v2\recipe_images\2293_gaeng_jued_tao_hu.jpg,cloudflare_url/recipe_images/3cfb5bb0-0d5e-5d98-95ff-d701c6d8becd.jpg
2289,cac97477-c964-5032-a025-7b234549e690,Gaeng Jued Tofu,food_dataset_v2\recipe_images\2289_gaeng_jued_tofu.jpg,cloudflare_url/recipe_images/cac97477-c964-5032-a025-7b234549e690.jpg
2297,715e4b24-b7a5-5771-ab2f-379a9bc6bf4c,Gaeng Jued Wun Sen,food_dataset_v2\recipe_images\2297_gaeng_jued_wun_sen.jpg,cloudflare_url/recipe_images/715e4b24-b7a5-5771-ab2f-379a9bc6bf4c.jpg
3231,da935342-ae66-55ca-bdd1-ea22df7a21ec,Gaeng Jued Wun Sen,food_dataset_v2\recipe_images\3231_gaeng_jued_wun_sen.jpg,cloudflare_url/recipe_images/da935342-ae66-55ca-bdd1-ea22df7a21ec.jpg
2276,fc0422d8-3060-5f33-acb0-3b5a8302330a,Gaeng Kari Chicken,food_dataset_v2\recipe_images\2276_gaeng_kari_chicken.jpg,cloudflare_url/recipe_images/fc0422d8-3060-5f33-acb0-3b5a8302330a.jpg
7207,a75b4125-7d85-52af-beb8-698fc8ecb3d6,Artvin Kuymak,food_dataset_v2\recipe_images\7207_artvin_kuymak.jpg,cloudflare_url/recipe_images/a75b4125-7d85-52af-beb8-698fc8ecb3d6.jpg
7071,6c2d87c1-c28b-5b44-bc85-6964dc91b258,Arugula Salad,food_dataset_v2\recipe_images\7071_arugula_salad.jpg,cloudflare_url/recipe_images/6c2d87c1-c28b-5b44-bc85-6964dc91b258.jpg
6393,f1d23e08-4d25-5ce4-b814-637cf64bd139,Asparagus Soup,food_dataset_v2\recipe_images\6393_asparagus_soup.jpg,cloudflare_url/recipe_images/f1d23e08-4d25-5ce4-b814-637cf64bd139.jpg
7141,f43cc654-09a5-52c5-918d-45b98a39cef1,Asure,,
6463,b5704951-3f0c-5758-974b-60dc71e8bf15,Atom Salad,food_dataset_v2\recipe_images\6463_atom_salad.jpg,cloudflare_url/recipe_images/b5704951-3f0c-5758-974b-60dc71e8bf15.jpg
7065,a42061e9-9587-5dd9-8c7a-ff710038d365,Atom Spicy Paste Appetizer from Adana,food_dataset_v2\recipe_images\7065_atom_spicy_paste_appetizer_from_adana.jpg,cloudflare_url/recipe_images/a42061e9-9587-5dd9-8c7a-ff710038d365.jpg
7251,6fb96504-a2c4-5736-92e6-e90487a69729,Ay Coregi,food_dataset_v2\recipe_images\7251_ay_coregi.jpg,cloudflare_url/recipe_images/6fb96504-a2c4-5736-92e6-e90487a69729.jpg
7150,0c17c99e-9978-51af-96f2-f68290a880df,Ay Kurabiye,food_dataset_v2\recipe_images\7150_ay_kurabiye.jpg,cloudflare_url/recipe_images/0c17c99e-9978-51af-96f2-f68290a880df.jpg
6768,c2d62557-6283-5954-95d2-d530191d6c79,Aydın Fig Sweet,food_dataset_v2\recipe_images\6768_aydın_fig_sweet.jpg,cloudflare_url/recipe_images/c2d62557-6283-5954-95d2-d530191d6c79.jpg
6976,20d0cbbf-d2b8-57db-a92e-e7480e52158f,Ayran Aşı,food_dataset_v2\recipe_images\6976_ayran_aşı.jpg,cloudflare_url/recipe_images/20d0cbbf-d2b8-57db-a92e-e7480e52158f.jpg
98,49b27a03-1779-5f28-a219-10c1dcec47ee,BBQ Ribs and Slaw Platter,food_dataset_v2\recipe_images\98_bbq_ribs_and_slaw_platter.jpg,cloudflare_url/recipe_images/49b27a03-1779-5f28-a219-10c1dcec47ee.jpg
952,1f9e116c-b146-5730-a278-eb0cffa3c593,BBQ Sauce Texas Style,food_dataset_v2\recipe_images\952_bbq_sauce_texas_style.jpg,cloudflare_url/recipe_images/1f9e116c-b146-5730-a278-eb0cffa3c593.jpg
492,5aa92c44-7662-5a86-886e-86af73bcb60e,BBQ Shrimp New Orleans,food_dataset_v2\recipe_images\492_bbq_shrimp_new_orleans.jpg,cloudflare_url/recipe_images/5aa92c44-7662-5a86-886e-86af73bcb60e.jpg
105,e6db2f2b-3d38-5790-bb5c-357b89374173,BBQ Shrimp New Orleans Style,food_dataset_v2\recipe_images\105_bbq_shrimp_new_orleans_style.jpg,cloudflare_url/recipe_images/e6db2f2b-3d38-5790-bb5c-357b89374173.jpg
276,8e4c5e21-e17e-5acf-9066-b4e28ba478e6,BLT Sandwich,food_dataset_v2\recipe_images\276_blt_sandwich.jpg,cloudflare_url/recipe_images/8e4c5e21-e17e-5acf-9066-b4e28ba478e6.jpg
51,aef42610-25ea-59d4-ba7a-f24baba28c4f,Baby Back Ribs Glazed,food_dataset_v2\recipe_images\51_baby_back_ribs_glazed.jpg,cloudflare_url/recipe_images/aef42610-25ea-59d4-ba7a-f24baba28c4f.jpg
4,fc2ad616-e618-59b3-aff8-10f76e58718b,Bacon Cheeseburger,food_dataset_v2\recipe_images\4_bacon_cheeseburger.jpg,cloudflare_url/recipe_images/fc2ad616-e618-59b3-aff8-10f76e58718b.jpg
629,c9a7ea99-f6d0-5e4f-8518-131b5c5492b0,Bacon Cheeseburger Pizza,food_dataset_v2\recipe_images\629_bacon_cheeseburger_pizza.jpg,cloudflare_url/recipe_images/c9a7ea99-f6d0-5e4f-8518-131b5c5492b0.jpg
278,3e4e002f-cb67-5ed9-bec7-c938b1108a16,Bacon Egg and Cheese Sandwich,food_dataset_v2\recipe_images\278_bacon_egg_and_cheese_sandwich.jpg,cloudflare_url/recipe_images/3e4e002f-cb67-5ed9-bec7-c938b1108a16.jpg
357,486b5cc5-0225-5185-87a5-a72ca37f3fe6,Bacon Mac and Cheese,food_dataset_v2\recipe_images\357_bacon_mac_and_cheese.jpg,cloudflare_url/recipe_images/486b5cc5-0225-5185-87a5-a72ca37f3fe6.jpg
1297,d7b8a799-d9de-52ae-a95a-02e150e75cf3,Beef with Olives,food_dataset_v2\recipe_images\1297_beef_with_olives.jpg,cloudflare_url/recipe_images/d7b8a799-d9de-52ae-a95a-02e150e75cf3.jpg
1397,b3a0cce0-7afe-5f57-b7bd-6345276673ed,Beer-braised Chicken,food_dataset_v2\recipe_images\1397_beer_braised_chicken.jpg,cloudflare_url/recipe_images/b3a0cce0-7afe-5f57-b7bd-6345276673ed.jpg
1675,4ec5ea75-c719-576d-9c44-045f328b423c,Beet Chips,food_dataset_v2\recipe_images\1675_beet_chips.jpg,cloudflare_url/recipe_images/4ec5ea75-c719-576d-9c44-045f328b423c.jpg
1193,5f18e630-b92c-52da-b0d9-f1f22fb6e0d8,Beet Salad,food_dataset_v2\recipe_images\1193_beet_salad.jpg,cloudflare_url/recipe_images/5f18e630-b92c-52da-b0d9-f1f22fb6e0d8.jpg
1218,6748ae05-595e-528d-8027-36c72df8079d,Beet Verrines,food_dataset_v2\recipe_images\1218_beet_verrines.jpg,cloudflare_url/recipe_images/6748ae05-595e-528d-8027-36c72df8079d.jpg
2030,5c8aa6f5-6acf-5e3a-8f85-ab65c4bcc75c,Bercy Sauce,food_dataset_v2\recipe_images\2030_bercy_sauce.jpg,cloudflare_url/recipe_images/5c8aa6f5-6acf-5e3a-8f85-ab65c4bcc75c.jpg
2135,62242680-bfbb-5066-a5e8-68c88561a82a,Berry Potato Pie,food_dataset_v2\recipe_images\2135_berry_potato_pie.jpg,cloudflare_url/recipe_images/62242680-bfbb-5066-a5e8-68c88561a82a.jpg
2086,a24aafb1-8042-562d-97aa-8744c7739755,Bibeleskaes,,
2027,ba0f5a7a-2f57-57d2-a836-f1e000891d07,Bigarade Sauce,food_dataset_v2\recipe_images\2027_bigarade_sauce.jpg,cloudflare_url/recipe_images/ba0f5a7a-2f57-57d2-a836-f1e000891d07.jpg
1781,d661275c-0311-5b11-a80c-8b2bb71c7491,Black Pudding and Apple Galette,food_dataset_v2\recipe_images\1781_black_pudding_and_apple_galette.jpg,cloudflare_url/recipe_images/d661275c-0311-5b11-a80c-8b2bb71c7491.jpg
7967,a67f0a18-4380-5a4a-841d-d56cf3bb2210,Baked Quinces with Cinnamon,food_dataset_v2\recipe_images\7967_baked_quinces_with_cinnamon.jpg,cloudflare_url/recipe_images/a67f0a18-4380-5a4a-841d-d56cf3bb2210.jpg
7746,7e468902-2aec-5c90-8e3e-1bb88d88c1fc,Baked Risotto Greek-style,food_dataset_v2\recipe_images\7746_baked_risotto_greek_style.jpg,cloudflare_url/recipe_images/7e468902-2aec-5c90-8e3e-1bb88d88c1fc.jpg
7649,b15345fd-3ffa-545a-a898-9d435ae96274,Baked Shrimp with Tomato and Ouzo,food_dataset_v2\recipe_images\7649_baked_shrimp_with_tomato_and_ouzo.jpg,cloudflare_url/recipe_images/b15345fd-3ffa-545a-a898-9d435ae96274.jpg
7883,0091c65e-66d6-5790-bc07-6e6d7c95c499,Baklava,food_dataset_v2\recipe_images\7883_baklava.jpg,cloudflare_url/recipe_images/0091c65e-66d6-5790-bc07-6e6d7c95c499.jpg
7943,3fbe88f4-f29c-5a63-998a-273813ec0c19,Baklava Cheesecake,food_dataset_v2\recipe_images\7943_baklava_cheesecake.jpg,cloudflare_url/recipe_images/3fbe88f4-f29c-5a63-998a-273813ec0c19.jpg
8012,80d53e2b-9c59-50a3-a447-55205abb70c3,Baklava Ice Cream,food_dataset_v2\recipe_images\8012_baklava_ice_cream.jpg,cloudflare_url/recipe_images/80d53e2b-9c59-50a3-a447-55205abb70c3.jpg
7934,fcaea9d6-fcbb-5669-a136-f59c9befcc19,Baklava Rolls,food_dataset_v2\recipe_images\7934_baklava_rolls.jpg,cloudflare_url/recipe_images/fcaea9d6-fcbb-5669-a136-f59c9befcc19.jpg
7939,256afad1-1fe8-5e43-af71-9922b7cf6909,Baklava with Almonds,food_dataset_v2\recipe_images\7939_baklava_with_almonds.jpg,cloudflare_url/recipe_images/256afad1-1fe8-5e43-af71-9922b7cf6909.jpg
7938,e75a4294-8f50-5b45-a947-ddb8763cf7ae,Baklava with Walnuts,food_dataset_v2\recipe_images\7938_baklava_with_walnuts.jpg,cloudflare_url/recipe_images/e75a4294-8f50-5b45-a947-ddb8763cf7ae.jpg
8050,2cd90e99-80c4-5d37-8d45-8e8656af1caa,Balsamic Honey Glaze,food_dataset_v2\recipe_images\8050_balsamic_honey_glaze.jpg,cloudflare_url/recipe_images/2cd90e99-80c4-5d37-8d45-8e8656af1caa.jpg
3628,2638f8ad-261d-5231-a97d-144ea4e070f1,Bollito Di Manzo,food_dataset_v2\recipe_images\3628_bollito_di_manzo.jpg,cloudflare_url/recipe_images/2638f8ad-261d-5231-a97d-144ea4e070f1.jpg
3553,775a43b1-4d14-5049-b4b8-7c7858fbbdd4,Bollito Misto,food_dataset_v2\recipe_images\3553_bollito_misto.jpg,cloudflare_url/recipe_images/775a43b1-4d14-5049-b4b8-7c7858fbbdd4.jpg
4138,b9bed660-13cd-5814-a655-8df4a65b2503,Bolognese Ragù,food_dataset_v2\recipe_images\4138_bolognese_ragù.jpg,cloudflare_url/recipe_images/b9bed660-13cd-5814-a655-8df4a65b2503.jpg
3482,eece824e-3e93-5b48-9040-4735f49f3767,Bomba Di Riso,food_dataset_v2\recipe_images\3482_bomba_di_riso.jpg,cloudflare_url/recipe_images/eece824e-3e93-5b48-9040-4735f49f3767.jpg
4042,c462532f-598f-5a0a-9449-ac9ae595199e,Bomboloni,food_dataset_v2\recipe_images\4042_bomboloni.jpg,cloudflare_url/recipe_images/c462532f-598f-5a0a-9449-ac9ae595199e.jpg
4006,7deef1b3-b9ea-5cc3-a3c5-d9b0fcffdb51,Bonet Piemontese,food_dataset_v2\recipe_images\4006_bonet_piemontese.jpg,cloudflare_url/recipe_images/7deef1b3-b9ea-5cc3-a3c5-d9b0fcffdb51.jpg
3530,061be133-7bf4-5291-b67f-b4746f14460b,Borlotti Bean Soup,food_dataset_v2\recipe_images\3530_borlotti_bean_soup.jpg,cloudflare_url/recipe_images/061be133-7bf4-5291-b67f-b4746f14460b.jpg
3902,a7c8f5a8-21ca-53a8-8655-1d243dd0c4f3,Borlotti Beans with Rosemary,food_dataset_v2\recipe_images\3902_borlotti_beans_with_rosemary.jpg,cloudflare_url/recipe_images/a7c8f5a8-21ca-53a8-8655-1d243dd0c4f3.jpg
3834,ea640a2d-da27-57fb-8ca5-6d6b75867ac4,Braised Artichokes,food_dataset_v2\recipe_images\3834_braised_artichokes.jpg,cloudflare_url/recipe_images/ea640a2d-da27-57fb-8ca5-6d6b75867ac4.jpg
3851,bfa9f368-6c5c-5e73-b859-2f5d4e2ac48a,Braised Celery Italian Style,food_dataset_v2\recipe_images\3851_braised_celery_italian_style.jpg,cloudflare_url/recipe_images/bfa9f368-6c5c-5e73-b859-2f5d4e2ac48a.jpg
8441,c66367aa-b0e2-5f55-a51c-92fd2711ad83,Butadon,,
8289,375a9127-0e3a-5e3d-b13d-ee412d604a92,Butajiru,,
8303,d1cd6eab-ca05-5b9f-94f3-fbb9aa5757ad,Cabbage and Bacon Miso Soup,food_dataset_v2\recipe_images\8303_cabbage_and_bacon_miso_soup.jpg,cloudflare_url/recipe_images/d1cd6eab-ca05-5b9f-94f3-fbb9aa5757ad.jpg
8705,e027c6d7-4c5d-5714-b19c-e4f783ebaaf3,Cabbage and Shiso Salad,food_dataset_v2\recipe_images\8705_cabbage_and_shiso_salad.jpg,cloudflare_url/recipe_images/e027c6d7-4c5d-5714-b19c-e4f783ebaaf3.jpg
8329,f2a52055-ce8f-5682-bb78-03f450b3f2e4,California Roll,food_dataset_v2\recipe_images\8329_california_roll.jpg,cloudflare_url/recipe_images/f2a52055-ce8f-5682-bb78-03f450b3f2e4.jpg
9128,2ab3a517-9dc5-5628-8e0f-54460eea80d6,Castella,food_dataset_v2\recipe_images\9128_castella.jpg,cloudflare_url/recipe_images/2ab3a517-9dc5-5628-8e0f-54460eea80d6.jpg
8930,64d7b49b-dcd3-5cb7-a329-2c2f98d62c73,Castella,food_dataset_v2\recipe_images\8930_castella.jpg,cloudflare_url/recipe_images/64d7b49b-dcd3-5cb7-a329-2c2f98d62c73.jpg
8349,ece32abb-5b1a-5fec-8897-191f901bd1b9,Caterpillar Roll,food_dataset_v2\recipe_images\8349_caterpillar_roll.jpg,cloudflare_url/recipe_images/ece32abb-5b1a-5fec-8897-191f901bd1b9.jpg
8887,21d14606-db72-5a53-b7c5-32c4a13c9319,Cha-kaiseki,food_dataset_v2\recipe_images\8887_cha_kaiseki.jpg,cloudflare_url/recipe_images/21d14606-db72-5a53-b7c5-32c4a13c9319.jpg
8455,ef698d07-945d-5907-97a5-43fe4d312a2a,Chahan,,
4558,f80f26a7-fd04-582a-91fb-5a0d7b0349ce,Bean Tamales,food_dataset_v2\recipe_images\4558_bean_tamales.jpg,cloudflare_url/recipe_images/f80f26a7-fd04-582a-91fb-5a0d7b0349ce.jpg
4652,eac497db-6059-5420-9fd4-5d4ddb707c15,Beef Al Pastor,food_dataset_v2\recipe_images\4652_beef_al_pastor.jpg,cloudflare_url/recipe_images/eac497db-6059-5420-9fd4-5d4ddb707c15.jpg
4979,b096c453-cb58-51c4-8594-80d95929be8f,Beef Alambre,food_dataset_v2\recipe_images\4979_beef_alambre.jpg,cloudflare_url/recipe_images/b096c453-cb58-51c4-8594-80d95929be8f.jpg
4642,6ec8aac5-c808-5c1c-adc2-4fdc2201ace6,Beef Carne Adobada,food_dataset_v2\recipe_images\4642_beef_carne_adobada.jpg,cloudflare_url/recipe_images/6ec8aac5-c808-5c1c-adc2-4fdc2201ace6.jpg
4444,9c7c4040-88ab-5ca7-beba-e8bb125a5e28,Beef Enchiladas,food_dataset_v2\recipe_images\4444_beef_enchiladas.jpg,cloudflare_url/recipe_images/9c7c4040-88ab-5ca7-beba-e8bb125a5e28.jpg
4653,1f9954bf-a39d-5bcf-b16b-ec164724650d,Beef Fajitas Mexican-style,food_dataset_v2\recipe_images\4653_beef_fajitas_mexican_style.jpg,cloudflare_url/recipe_images/1f9954bf-a39d-5bcf-b16b-ec164724650d.jpg
4978,5dda054a-e620-51cd-aaf7-47f076e3b4e8,Beef Filet Tips with Onions,food_dataset_v2\recipe_images\4978_beef_filet_tips_with_onions.jpg,cloudflare_url/recipe_images/5dda054a-e620-51cd-aaf7-47f076e3b4e8.jpg
4655,9d87bd3e-de34-58c8-9743-fae0251008db,Beef Ribs in Chile,food_dataset_v2\recipe_images\4655_beef_ribs_in_chile.jpg,cloudflare_url/recipe_images/9d87bd3e-de34-58c8-9743-fae0251008db.jpg
4570,c2e82597-e543-5227-a443-968d34695dd2,Beef Salpicon Tostadas,food_dataset_v2\recipe_images\4570_beef_salpicon_tostadas.jpg,cloudflare_url/recipe_images/c2e82597-e543-5227-a443-968d34695dd2.jpg
4629,825acb89-e75c-512b-a60b-2971cb71114e,Beef Tip Sauté,food_dataset_v2\recipe_images\4629_beef_tip_sauté.jpg,cloudflare_url/recipe_images/825acb89-e75c-512b-a60b-2971cb71114e.jpg
10157,2dd841f7-8035-5d8c-9eea-ae00fb10ac44,Beef Stew with Red Wine,food_dataset_v2\recipe_images\10157_beef_stew_with_red_wine.jpg,cloudflare_url/recipe_images/2dd841f7-8035-5d8c-9eea-ae00fb10ac44.jpg
9426,72832298-ea49-5d05-ad76-3c99349499c8,Beef Stew with Sweet Potatoes,food_dataset_v2\recipe_images\9426_beef_stew_with_sweet_potatoes.jpg,cloudflare_url/recipe_images/72832298-ea49-5d05-ad76-3c99349499c8.jpg
9440,dbf0c0dd-fe93-5d68-b6e0-343721df5a98,Beef Stewed in Madeira Wine,food_dataset_v2\recipe_images\9440_beef_stewed_in_madeira_wine.jpg,cloudflare_url/recipe_images/dbf0c0dd-fe93-5d68-b6e0-343721df5a98.jpg
9410,99d8262a-f6b7-5be5-8d49-4b2932cb8170,Beef Tagliata with Arugula,food_dataset_v2\recipe_images\9410_beef_tagliata_with_arugula.jpg,cloudflare_url/recipe_images/99d8262a-f6b7-5be5-8d49-4b2932cb8170.jpg
9402,8ed05f6b-f50f-53d7-a701-9cbe6b2d3594,Beef Tartare Portuguese Style,food_dataset_v2\recipe_images\9402_beef_tartare_portuguese_style.jpg,cloudflare_url/recipe_images/8ed05f6b-f50f-53d7-a701-9cbe6b2d3594.jpg
9424,bcb14208-e488-574c-96cc-d6a974e5df1b,Beef Tenderloin Wrapped in Bacon,food_dataset_v2\recipe_images\9424_beef_tenderloin_wrapped_in_bacon.jpg,cloudflare_url/recipe_images/bcb14208-e488-574c-96cc-d6a974e5df1b.jpg
10156,b36c4402-6bb2-5c79-a59e-c13934e786e1,Beef Tenderloin with Mushroom Duxelles,food_dataset_v2\recipe_images\10156_beef_tenderloin_with_mushroom_duxelles.jpg,cloudflare_url/recipe_images/b36c4402-6bb2-5c79-a59e-c13934e786e1.jpg
9390,4807d8c2-aa9a-59e7-a20a-3313f9394353,Beef Tongue with Madeira Sauce,food_dataset_v2\recipe_images\9390_beef_tongue_with_madeira_sauce.jpg,cloudflare_url/recipe_images/4807d8c2-aa9a-59e7-a20a-3313f9394353.jpg
9391,0a45fb89-f401-5b78-9e71-e1a5997671e8,Beef Tripe Porto Style,food_dataset_v2\recipe_images\9391_beef_tripe_porto_style.jpg,cloudflare_url/recipe_images/0a45fb89-f401-5b78-9e71-e1a5997671e8.jpg
10037,65a08526-a098-58a7-b518-c70c763cf539,Beef Wellington Portuguese Style,food_dataset_v2\recipe_images\10037_beef_wellington_portuguese_style.jpg,cloudflare_url/recipe_images/65a08526-a098-58a7-b518-c70c763cf539.jpg
5481,b1f822ed-bb51-5c80-b05d-22dabaf1352c,Arroz Meloso De Marisco,food_dataset_v2\recipe_images\5481_arroz_meloso_de_marisco.jpg,cloudflare_url/recipe_images/b1f822ed-bb51-5c80-b05d-22dabaf1352c.jpg
5476,b110a751-aeb4-56a5-9d32-e3d731b32900,Arroz Negro,food_dataset_v2\recipe_images\5476_arroz_negro.jpg,cloudflare_url/recipe_images/b110a751-aeb4-56a5-9d32-e3d731b32900.jpg
5514,7beaabf5-e504-5182-9c25-344381d70131,Arroz Picante,food_dataset_v2\recipe_images\5514_arroz_picante.jpg,cloudflare_url/recipe_images/7beaabf5-e504-5182-9c25-344381d70131.jpg
5515,e43354a2-eebf-540e-92bb-bcf339d43b5b,Arroz Tres Delicias,food_dataset_v2\recipe_images\5515_arroz_tres_delicias.jpg,cloudflare_url/recipe_images/e43354a2-eebf-540e-92bb-bcf339d43b5b.jpg
5474,dc557204-4108-52ec-b02a-2a52d5e0a997,Arroz a Banda,food_dataset_v2\recipe_images\5474_arroz_a_banda.jpg,cloudflare_url/recipe_images/dc557204-4108-52ec-b02a-2a52d5e0a997.jpg
5491,93f056bf-7189-503e-80df-fee0dfc210e7,Arroz a La Zamorana,food_dataset_v2\recipe_images\5491_arroz_a_la_zamorana.jpg,cloudflare_url/recipe_images/93f056bf-7189-503e-80df-fee0dfc210e7.jpg
5723,0b52d77d-8ae3-5437-8e82-bc4815c36a90,Artichokes with Ham,food_dataset_v2\recipe_images\5723_artichokes_with_ham.jpg,cloudflare_url/recipe_images/0b52d77d-8ae3-5437-8e82-bc4815c36a90.jpg
6185,37d0c250-4131-5d50-8438-b535f1d4b845,Asador,food_dataset_v2\recipe_images\6185_asador.jpg,cloudflare_url/recipe_images/37d0c250-4131-5d50-8438-b535f1d4b845.jpg
5354,ea5c5b1e-2a29-5b9e-9899-7b262834309c,Asparagus Omelette,food_dataset_v2\recipe_images\5354_asparagus_omelette.jpg,cloudflare_url/recipe_images/ea5c5b1e-2a29-5b9e-9899-7b262834309c.jpg
5784,9107dc4f-05ee-5b80-8a00-3655b97ed783,Asparagus Scramble,food_dataset_v2\recipe_images\5784_asparagus_scramble.jpg,cloudflare_url/recipe_images/9107dc4f-05ee-5b80-8a00-3655b97ed783.jpg
3134,c1cc13cd-3bac-5f2b-8687-99b9eb70ca69,Gaeng Kati Poo,food_dataset_v2\recipe_images\3134_gaeng_kati_poo.jpg,cloudflare_url/recipe_images/c1cc13cd-3bac-5f2b-8687-99b9eb70ca69.jpg
3048,e09d3f2f-124e-5f0f-856a-d0979b38c37c,Gaeng Keow Wan Gai,food_dataset_v2\recipe_images\3048_gaeng_keow_wan_gai.jpg,cloudflare_url/recipe_images/e09d3f2f-124e-5f0f-856a-d0979b38c37c.jpg
2290,ae21679d-62cf-5f56-8f83-c0a7cb2a9968,Gaeng Khae,food_dataset_v2\recipe_images\2290_gaeng_khae.jpg,cloudflare_url/recipe_images/ae21679d-62cf-5f56-8f83-c0a7cb2a9968.jpg
3118,5190d741-8524-5695-abb4-c123ee7afe09,Gaeng Khae Doggy Herb Curry,food_dataset_v2\recipe_images\3118_gaeng_khae_doggy_herb_curry.jpg,cloudflare_url/recipe_images/5190d741-8524-5695-abb4-c123ee7afe09.jpg
2296,01a8566f-cb90-5cd8-a679-6c3f0e033b00,Gaeng Khanun,food_dataset_v2\recipe_images\2296_gaeng_khanun.jpg,cloudflare_url/recipe_images/01a8566f-cb90-5cd8-a679-6c3f0e033b00.jpg
3232,4f0ba2e1-ba9e-5e73-93c2-87c5e26c67f2,Gaeng Khanun,food_dataset_v2\recipe_images\3232_gaeng_khanun.jpg,cloudflare_url/recipe_images/4f0ba2e1-ba9e-5e73-93c2-87c5e26c67f2.jpg
2275,20d2b58e-b6e2-52ad-a3bd-b0764507c2c7,Gaeng Khua Stir-fried Curry with Pineapple Shrimp,food_dataset_v2\recipe_images\2275_gaeng_khua_stir_fried_curry_with_pineapple_shrimp.jpg,cloudflare_url/recipe_images/20d2b58e-b6e2-52ad-a3bd-b0764507c2c7.jpg
2286,2e974b79-b9a4-56c6-84a7-be77148dd68f,Gaeng Kiew Wan Sai nor Mai,food_dataset_v2\recipe_images\2286_gaeng_kiew_wan_sai_nor_mai.jpg,cloudflare_url/recipe_images/2e974b79-b9a4-56c6-84a7-be77148dd68f.jpg
2305,5441fcf7-fba8-571e-b756-a34350efcdce,Gaeng Kradook Moo,food_dataset_v2\recipe_images\2305_gaeng_kradook_moo.jpg,cloudflare_url/recipe_images/5441fcf7-fba8-571e-b756-a34350efcdce.jpg
6565,d3005726-1557-5bd2-bfdf-8e85e1b22c87,Ayran Yogurt Drink,food_dataset_v2\recipe_images\6565_ayran_yogurt_drink.jpg,cloudflare_url/recipe_images/d3005726-1557-5bd2-bfdf-8e85e1b22c87.jpg
6614,2ff6ac62-1fa2-5c0e-922c-3ae0500b73a0,Ayva Tatlisi,food_dataset_v2\recipe_images\6614_ayva_tatlisi.jpg,cloudflare_url/recipe_images/2ff6ac62-1fa2-5c0e-922c-3ae0500b73a0.jpg
6467,cf78314e-e92b-577c-8aad-60644315eaba,Babaganuş,,
7115,6007ef81-18a8-540d-8f88-eaaed84f2c9f,Badem Sutu,food_dataset_v2\recipe_images\7115_badem_sutu.jpg,cloudflare_url/recipe_images/6007ef81-18a8-540d-8f88-eaaed84f2c9f.jpg
7167,2a683896-0e03-5262-9855-01505f50dffc,Badem Tatlisi,food_dataset_v2\recipe_images\7167_badem_tatlisi.jpg,cloudflare_url/recipe_images/2a683896-0e03-5262-9855-01505f50dffc.jpg
7119,2cae5d12-9335-55a6-b97a-3ada6e70ef04,Bademli Almond Baklava,food_dataset_v2\recipe_images\7119_bademli_almond_baklava.jpg,cloudflare_url/recipe_images/2cae5d12-9335-55a6-b97a-3ada6e70ef04.jpg
7126,9f9f85a5-32fd-5cf7-82ca-a992f0805255,Bademli Lokum,food_dataset_v2\recipe_images\7126_bademli_lokum.jpg,cloudflare_url/recipe_images/9f9f85a5-32fd-5cf7-82ca-a992f0805255.jpg
6430,6fe9b4c2-af1e-503c-bbc6-55bd4895e054,Bafra Pidesi,food_dataset_v2\recipe_images\6430_bafra_pidesi.jpg,cloudflare_url/recipe_images/6fe9b4c2-af1e-503c-bbc6-55bd4895e054.jpg
6302,00970479-f115-5b8c-8fe2-f5126240d92b,Bahce Kebab,food_dataset_v2\recipe_images\6302_bahce_kebab.jpg,cloudflare_url/recipe_images/00970479-f115-5b8c-8fe2-f5126240d92b.jpg
6920,d5a68c54-a62e-52d5-95ac-8cec7d3088f5,Baked Bluefish,food_dataset_v2\recipe_images\6920_baked_bluefish.jpg,cloudflare_url/recipe_images/d5a68c54-a62e-52d5-95ac-8cec7d3088f5.jpg
272,f6d66b3e-b635-5d3e-b94b-000fef48d1fb,Bacon Wrapped Dates,food_dataset_v2\recipe_images\272_bacon_wrapped_dates.jpg,cloudflare_url/recipe_images/f6d66b3e-b635-5d3e-b94b-000fef48d1fb.jpg
274,1c8faf23-cb59-5e30-941b-0b3b213cea27,Bacon Wrapped Jalapenos,food_dataset_v2\recipe_images\274_bacon_wrapped_jalapenos.jpg,cloudflare_url/recipe_images/1c8faf23-cb59-5e30-941b-0b3b213cea27.jpg
724,53901273-4728-5bd2-b62b-3c05fc48379d,Bagel and Lox,food_dataset_v2\recipe_images\724_bagel_and_lox.jpg,cloudflare_url/recipe_images/53901273-4728-5bd2-b62b-3c05fc48379d.jpg
727,976e7795-d40a-54ad-84e9-b927e02b3d78,Bagel with Cream Cheese,food_dataset_v2\recipe_images\727_bagel_with_cream_cheese.jpg,cloudflare_url/recipe_images/976e7795-d40a-54ad-84e9-b927e02b3d78.jpg
533,e8825ec6-7e1a-5268-91e2-998f288b8ed6,Baked Beans with Brown Sugar,food_dataset_v2\recipe_images\533_baked_beans_with_brown_sugar.jpg,cloudflare_url/recipe_images/e8825ec6-7e1a-5268-91e2-998f288b8ed6.jpg
345,20a1c249-cca4-588c-865b-25a57d6b94ff,Baked Cod Fish,food_dataset_v2\recipe_images\345_baked_cod_fish.jpg,cloudflare_url/recipe_images/20a1c249-cca4-588c-865b-25a57d6b94ff.jpg
354,5d55d955-84b8-5c9c-aa1c-82615b2172d6,Baked Macaroni and Cheese,food_dataset_v2\recipe_images\354_baked_macaroni_and_cheese.jpg,cloudflare_url/recipe_images/5d55d955-84b8-5c9c-aa1c-82615b2172d6.jpg
230,360ca452-eac8-590e-8877-ab9e30eb797b,Baked Pork Chops,food_dataset_v2\recipe_images\230_baked_pork_chops.jpg,cloudflare_url/recipe_images/360ca452-eac8-590e-8877-ab9e30eb797b.jpg
317,74f50802-2b26-5bb0-a3c4-581f6d607bcf,Baked Salmon with Dill,food_dataset_v2\recipe_images\317_baked_salmon_with_dill.jpg,cloudflare_url/recipe_images/74f50802-2b26-5bb0-a3c4-581f6d607bcf.jpg
770,91ef5ada-2a36-54a3-b53c-568abde68388,Baked Sweet Potato,food_dataset_v2\recipe_images\770_baked_sweet_potato.jpg,cloudflare_url/recipe_images/91ef5ada-2a36-54a3-b53c-568abde68388.jpg
1476,58f66951-1f91-584c-9cc7-7de2944d25b5,Black Pudding with Apples,food_dataset_v2\recipe_images\1476_black_pudding_with_apples.jpg,cloudflare_url/recipe_images/58f66951-1f91-584c-9cc7-7de2944d25b5.jpg
1823,e11cbdfd-9e66-5d86-9513-ea848b00bf28,Blancmange,,
1517,986d0f4b-c055-547b-83b4-d7c2dbbf9301,Blue Trout,food_dataset_v2\recipe_images\1517_blue_trout.jpg,cloudflare_url/recipe_images/986d0f4b-c055-547b-83b4-d7c2dbbf9301.jpg
2148,dc26ca59-135b-5fc1-b0a6-f532d5ad43dd,Blueberry Tart,food_dataset_v2\recipe_images\2148_blueberry_tart.jpg,cloudflare_url/recipe_images/dc26ca59-135b-5fc1-b0a6-f532d5ad43dd.jpg
1854,3a666bdc-bf61-5f9f-8921-1f822e838918,Bordeaux Cannelé,food_dataset_v2\recipe_images\1854_bordeaux_cannelé.jpg,cloudflare_url/recipe_images/3a666bdc-bf61-5f9f-8921-1f822e838918.jpg
1977,564d3bb3-6e80-5c43-a66d-82eca8050bdc,Bordeaux Crown Bread,food_dataset_v2\recipe_images\1977_bordeaux_crown_bread.jpg,cloudflare_url/recipe_images/564d3bb3-6e80-5c43-a66d-82eca8050bdc.jpg
1662,e41fbdf4-0959-58a7-9ed4-9aaeb8f38a0a,Bordelaise Porcini Mushrooms,food_dataset_v2\recipe_images\1662_bordelaise_porcini_mushrooms.jpg,cloudflare_url/recipe_images/e41fbdf4-0959-58a7-9ed4-9aaeb8f38a0a.jpg
1991,303f4e9a-6e43-5f32-902a-ec41d1bed4cb,Bordelaise Sauce,food_dataset_v2\recipe_images\1991_bordelaise_sauce.jpg,cloudflare_url/recipe_images/303f4e9a-6e43-5f32-902a-ec41d1bed4cb.jpg
1550,259b19f6-b534-5984-8536-4c762e6ec5af,Bordelaise-style Fish,food_dataset_v2\recipe_images\1550_bordelaise_style_fish.jpg,cloudflare_url/recipe_images/259b19f6-b534-5984-8536-4c762e6ec5af.jpg
1506,4dfcf1ba-909a-5d02-94ef-b2508f2ac060,Bouillabaisse,food_dataset_v2\recipe_images\1506_bouillabaisse.jpg,cloudflare_url/recipe_images/4dfcf1ba-909a-5d02-94ef-b2508f2ac060.jpg
7705,61a4a6d4-7e4d-5f42-a761-d8157e45095d,Bamies Laderes,food_dataset_v2\recipe_images\7705_bamies_laderes.jpg,cloudflare_url/recipe_images/61a4a6d4-7e4d-5f42-a761-d8157e45095d.jpg
7863,08103a56-bcc5-5fe5-b5e3-ffe036ae994b,Bamies Nistisimes,food_dataset_v2\recipe_images\7863_bamies_nistisimes.jpg,cloudflare_url/recipe_images/08103a56-bcc5-5fe5-b5e3-ffe036ae994b.jpg
7290,22840ebd-0501-559f-af62-1f279bb1d352,Bamies Soupa,food_dataset_v2\recipe_images\7290_bamies_soupa.jpg,cloudflare_url/recipe_images/22840ebd-0501-559f-af62-1f279bb1d352.jpg
8215,a17b4599-9e8a-5eaa-bfb3-d17a343e17d2,Baptism Celebration Sweets,food_dataset_v2\recipe_images\8215_baptism_celebration_sweets.jpg,cloudflare_url/recipe_images/a17b4599-9e8a-5eaa-bfb3-d17a343e17d2.jpg
7611,21f713cb-c8ac-5d81-a8c5-4218c0c48b50,Barbounia Scharas,,
7607,0c70add4-ebfc-5f9a-a6a3-b1fff35b73b1,Barbounia Tiganita,,
7294,fbe98545-8df6-5953-8b10-ff515fe8866d,Barley Soup,,
7769,5f101389-4a1f-56a9-b2da-e710c4e10a93,Batzina,,
8045,f272874e-b828-5802-9c58-eb5322156f45,Bechamel Sauce Greek-style,,
7513,468fb45e-b7e0-5140-a4f7-cd9c92911b52,Beef Brisket Slow-cooked Greek-style,,
3683,d9d63161-0358-533e-bf35-2389719de697,Braised Octopus,,
3584,e5db9aa3-74b5-530b-ab93-b5f652cef97b,Braised Rabbit with Wine,,
3677,85ef2963-3975-5849-86ca-9a2be5525c5f,Braised Squid in Tomato,,
3647,e08cd203-d461-5f1b-bde8-4a841399132c,Branzino Al Sale,,
3550,5cc73191-f391-5d4a-91db-377310f03b57,Brasato Al Barolo,,
3740,19e59e23-3e87-5217-ae10-8a93d9f045d5,Bresaola with Arugula,,
3565,9146805b-9518-5043-a226-7eebcd5fcbaf,Bresaola with Arugula and Parmesan,,
3954,6922aabf-116f-5e68-bf5e-72b26af809b2,Brioche Siciliana,,
3829,18af36b8-c961-5824-9c41-dbcd4d003242,Broccoli Rabe with Garlic,,
3889,16fcb89e-d5e3-50ad-85b1-36ae5cb4ff65,Broccoli with Garlic and Chili,,
8364,97b88ae2-d8bc-5688-8f18-b92efa7fcd7c,Champon,,
8599,e58c1f43-3d75-50fa-85e2-0f1852506b4f,Chanko Nabe,,
9090,54614b7f-6da6-5d2b-b674-fdbea8482b72,Chanko Nabe,,
8286,11adb234-8961-5de4-85aa-2c1ef6a84903,Chanko Nabe Broth,,
8376,deed2c6a-b832-5880-ab1d-5598f565cc97,Chashu Ramen,,
9229,4d59af09-5c08-5f8d-958b-c963e5f2bb6d,Cheese Age,,
8844,a3d9947c-4a90-5e2b-9150-f06ea4cab1c8,Cheese Hamburg Steak,,
8553,ad87ba7a-faf8-56fe-98a7-2a678bc6a854,Cheese Katsu,,
9238,8aea7174-7472-538b-9391-a8ed723be40a,Cheesu Chikuwa,,
8837,5ecb57e8-6aba-53db-9a5d-9841faa63875,Chicken Doria,,
4649,e999c69f-b1bf-5cea-a483-db1d83d356c8,Beef in Adobo,,
4616,a5927d30-5efe-514b-8973-f9550f424d92,Beef in Green Sauce,,
4646,e58a094b-637b-582e-ba6b-9194e565816d,Beef in Red Mole Sauce,,
4641,f9f8ced4-65ac-53ad-9b5f-fbc07edfcb0f,Beef with Chile De Arbol,,
5081,99167e58-5bc9-5546-810e-4ef667143b45,Beso De ángel,,
5092,db50a5d6-e576-578f-80e9-807fb6870220,Besos,,
5105,ad822342-7c1f-5847-9b32-ec00758e7d33,Bienmesabe,,
5202,810ac5e0-7ccc-5a5e-817b-c8e782f654e8,Birria De Barbacoa from Aguascalientes,,
4331,4202be8d-d742-5210-98f2-1abedb79ff3f,Birria De Borrego,,
4328,0c43a96b-740b-5fe5-bf3f-086a795bb125,Birria De Chivo,,
9434,0e57c90a-c5a7-5410-803e-c285e13a4635,Beef and Cabbage Caldo Verde Variation,,
9413,c11d09d5-5fbb-5362-beab-91c970958189,Beef and Cheese Stuffed Peppers,food_dataset_v2\recipe_images\9413_beef_and_cheese_stuffed_peppers.jpg,cloudflare_url/recipe_images/c11d09d5-5fbb-5362-beab-91c970958189.jpg
9706,3d006372-b4cd-5daf-9f34-d77e42f5ce92,Beef and Chickpea Pot,food_dataset_v2\recipe_images\9706_beef_and_chickpea_pot.jpg,cloudflare_url/recipe_images/3d006372-b4cd-5daf-9f34-d77e42f5ce92.jpg
9444,d02cfdd8-eb28-5117-a0c3-6de1fff1bc8e,Beef and Chorizo Kebabs,food_dataset_v2\recipe_images\9444_beef_and_chorizo_kebabs.jpg,cloudflare_url/recipe_images/d02cfdd8-eb28-5117-a0c3-6de1fff1bc8e.jpg
9404,22e2ecc8-3561-5d84-a374-089220ad3332,Beef and Mushroom Stroganoff Portuguese Style,food_dataset_v2\recipe_images\9404_beef_and_mushroom_stroganoff_portuguese_style.jpg,cloudflare_url/recipe_images/22e2ecc8-3561-5d84-a374-089220ad3332.jpg
10042,c169fb94-432a-5a08-a297-92a08100f665,Beef and Olive Stew,food_dataset_v2\recipe_images\10042_beef_and_olive_stew.jpg,cloudflare_url/recipe_images/c169fb94-432a-5a08-a297-92a08100f665.jpg
9388,b650be3c-2d78-5a81-a465-033779c42138,Beef and Potato Bake,food_dataset_v2\recipe_images\9388_beef_and_potato_bake.jpg,cloudflare_url/recipe_images/b650be3c-2d78-5a81-a465-033779c42138.jpg
10045,3fe96e09-ca21-58f7-b1e0-a71e77cdf40b,Beef and Potato Croquettes,food_dataset_v2\recipe_images\10045_beef_and_potato_croquettes.jpg,cloudflare_url/recipe_images/3fe96e09-ca21-58f7-b1e0-a71e77cdf40b.jpg
9408,096b0a32-b413-5d60-877e-30e229f44113,Beef and Pumpkin Stew,food_dataset_v2\recipe_images\9408_beef_and_pumpkin_stew.jpg,cloudflare_url/recipe_images/096b0a32-b413-5d60-877e-30e229f44113.jpg
9421,398e9614-f26c-5092-9f45-8e0f63b832ea,Beef and Sausage Mixed Grill,food_dataset_v2\recipe_images\9421_beef_and_sausage_mixed_grill.jpg,cloudflare_url/recipe_images/398e9614-f26c-5092-9f45-8e0f63b832ea.jpg
5965,20d2a5e5-ea0b-5d4c-b38a-22dec1240742,Asturian Rice Pudding,food_dataset_v2\recipe_images\5965_asturian_rice_pudding.jpg,cloudflare_url/recipe_images/20d2a5e5-ea0b-5d4c-b38a-22dec1240742.jpg
6059,7756c28f-e437-5648-9a59-6e8ad70d4ab3,Atascaburras,,
5650,4b94dfb6-f40f-564d-a19a-42892a180852,Atun a La Plancha,food_dataset_v2\recipe_images\5650_atun_a_la_plancha.jpg,cloudflare_url/recipe_images/4b94dfb6-f40f-564d-a19a-42892a180852.jpg
5565,1ca3274e-21cc-5edc-be8e-1f5c2b107ac5,BBQ Ribs,food_dataset_v2\recipe_images\5565_bbq_ribs.jpg,cloudflare_url/recipe_images/1ca3274e-21cc-5edc-be8e-1f5c2b107ac5.jpg
5627,02fd92cd-963a-5adf-9a9e-6f9f3266e1b3,Bacalao Al Ajoarriero,food_dataset_v2\recipe_images\5627_bacalao_al_ajoarriero.jpg,cloudflare_url/recipe_images/02fd92cd-963a-5adf-9a9e-6f9f3266e1b3.jpg
5977,cf98bd2b-e0e8-59f8-aab0-1da399f1f78e,Bacalao Al Pil Pil,food_dataset_v2\recipe_images\5977_bacalao_al_pil_pil.jpg,cloudflare_url/recipe_images/cf98bd2b-e0e8-59f8-aab0-1da399f1f78e.jpg
5624,6103b6f0-841c-5f2a-9196-4cc040d8ec76,Bacalao Al Pil Pil,food_dataset_v2\recipe_images\5624_bacalao_al_pil_pil.jpg,cloudflare_url/recipe_images/6103b6f0-841c-5f2a-9196-4cc040d8ec76.jpg
5629,b3b408d1-c632-5007-9d74-3b603077d6b2,Bacalao Con Pimientos,food_dataset_v2\recipe_images\5629_bacalao_con_pimientos.jpg,cloudflare_url/recipe_images/b3b408d1-c632-5007-9d74-3b603077d6b2.jpg
5625,106506f2-9492-5273-99e9-9f8dd4f21844,Bacalao Con Tomate,food_dataset_v2\recipe_images\5625_bacalao_con_tomate.jpg,cloudflare_url/recipe_images/106506f2-9492-5273-99e9-9f8dd4f21844.jpg
6140,1db69077-cdda-5cc4-9421-5100e147874f,Bacalao De Semana Santa,food_dataset_v2\recipe_images\6140_bacalao_de_semana_santa.jpg,cloudflare_url/recipe_images/1db69077-cdda-5cc4-9421-5100e147874f.jpg
2307,d1c00f07-7ab5-57e4-9c21-c0acdf98b4b1,Gaeng Kua Kling,food_dataset_v2\recipe_images\2307_gaeng_kua_kling.jpg,cloudflare_url/recipe_images/d1c00f07-7ab5-57e4-9c21-c0acdf98b4b1.jpg
3189,1ce2bdf5-c526-569a-a919-3ec36abebc61,Gaeng Kua Sai Bua,food_dataset_v2\recipe_images\3189_gaeng_kua_sai_bua.jpg,cloudflare_url/recipe_images/1ce2bdf5-c526-569a-a919-3ec36abebc61.jpg
2274,0da69b80-e295-5e51-8452-715df4fc566e,Gaeng Kua Sapparot,food_dataset_v2\recipe_images\2274_gaeng_kua_sapparot.jpg,cloudflare_url/recipe_images/0da69b80-e295-5e51-8452-715df4fc566e.jpg
2272,b603ace9-a0ae-5484-bac1-0fa0c5644e10,Gaeng Liang,food_dataset_v2\recipe_images\2272_gaeng_liang.jpg,cloudflare_url/recipe_images/b603ace9-a0ae-5484-bac1-0fa0c5644e10.jpg
3012,c58dbca1-dc22-5024-baf2-d703dbf8962e,Gaeng Luang,food_dataset_v2\recipe_images\3012_gaeng_luang.jpg,cloudflare_url/recipe_images/c58dbca1-dc22-5024-baf2-d703dbf8962e.jpg
2284,c532eb22-a214-57bb-9e3a-af1ac9bd360d,Gaeng Luang,food_dataset_v2\recipe_images\2284_gaeng_luang.jpg,cloudflare_url/recipe_images/c532eb22-a214-57bb-9e3a-af1ac9bd360d.jpg
2282,e6e8f594-81a1-5c69-ba92-60815cddea9b,Gaeng Massaman Gae,food_dataset_v2\recipe_images\2282_gaeng_massaman_gae.jpg,cloudflare_url/recipe_images/e6e8f594-81a1-5c69-ba92-60815cddea9b.jpg
2304,baaeb932-e5e8-5fe3-8d6a-83081ecd4067,Gaeng Neua Sai Mamuang,food_dataset_v2\recipe_images\2304_gaeng_neua_sai_mamuang.jpg,cloudflare_url/recipe_images/baaeb932-e5e8-5fe3-8d6a-83081ecd4067.jpg
3001,d60c36da-1cf6-532e-815a-18a49e465a5d,Gaeng Nok,food_dataset_v2\recipe_images\3001_gaeng_nok.jpg,cloudflare_url/recipe_images/d60c36da-1cf6-532e-815a-18a49e465a5d.jpg
2291,ba00b01b-f697-5879-abf9-7132092a543c,Gaeng Om,food_dataset_v2\recipe_images\2291_gaeng_om.jpg,cloudflare_url/recipe_images/ba00b01b-f697-5879-abf9-7132092a543c.jpg
6943,72548d04-9d8f-56de-b1d4-c863b4091978,Baked Fish with Vegetables,food_dataset_v2\recipe_images\6943_baked_fish_with_vegetables.jpg,cloudflare_url/recipe_images/72548d04-9d8f-56de-b1d4-c863b4091978.jpg
6940,6eefc66f-08a8-5578-ae03-d530731d7cab,Baked Salmon,food_dataset_v2\recipe_images\6940_baked_salmon.jpg,cloudflare_url/recipe_images/6eefc66f-08a8-5578-ae03-d530731d7cab.jpg
6919,c576cf06-172a-5c77-9660-abec04f80566,Baked Sea Bream,food_dataset_v2\recipe_images\6919_baked_sea_bream.jpg,cloudflare_url/recipe_images/c576cf06-172a-5c77-9660-abec04f80566.jpg
6396,8581bfce-6975-576b-bb43-041890a68494,Bakla Corbasi,,
6630,9e9b2b8e-b9e5-59c7-b3cd-b55e3781a0f9,Baklava Classic Layered Nut Pastry,food_dataset_v2\recipe_images\6630_baklava_classic_layered_nut_pastry.jpg,cloudflare_url/recipe_images/9e9b2b8e-b9e5-59c7-b3cd-b55e3781a0f9.jpg
7151,0b315ed1-c4b3-51c8-a5ec-99a7a164d574,Bal Kaymak,food_dataset_v2\recipe_images\7151_bal_kaymak.jpg,cloudflare_url/recipe_images/0b315ed1-c4b3-51c8-a5ec-99a7a164d574.jpg
6681,5ba87142-bb40-5e11-a368-f3d1b5b3fc10,Bal Kaymak Breakfast,food_dataset_v2\recipe_images\6681_bal_kaymak_breakfast.jpg,cloudflare_url/recipe_images/5ba87142-bb40-5e11-a368-f3d1b5b3fc10.jpg
6367,fc0dcbdb-c19f-533f-a318-5d5f25ac6ef3,Balik Buglama,food_dataset_v2\recipe_images\6367_balik_buglama.jpg,cloudflare_url/recipe_images/fc0dcbdb-c19f-533f-a318-5d5f25ac6ef3.jpg
6922,a3c6e3e2-4912-57ef-ab4d-a7d8468c4cb2,Balik Bugulama,food_dataset_v2\recipe_images\6922_balik_bugulama.jpg,cloudflare_url/recipe_images/a3c6e3e2-4912-57ef-ab4d-a7d8468c4cb2.jpg
6360,ac7120ea-ef5a-5754-9b6d-8c2491062ee7,Balik Corbasi,food_dataset_v2\recipe_images\6360_balik_corbasi.jpg,cloudflare_url/recipe_images/ac7120ea-ef5a-5754-9b6d-8c2491062ee7.jpg
363,7b48b094-f5f8-5f16-9e4c-43e7b9afed26,Baked Ziti,food_dataset_v2\recipe_images\363_baked_ziti.jpg,cloudflare_url/recipe_images/7b48b094-f5f8-5f16-9e4c-43e7b9afed26.jpg
409,991e72bd-2d07-5be7-9914-16175b805055,Bean and Cheese Burrito,food_dataset_v2\recipe_images\409_bean_and_cheese_burrito.jpg,cloudflare_url/recipe_images/991e72bd-2d07-5be7-9914-16175b805055.jpg
157,bd587a0d-b2e1-572d-a228-b0dc2feddfd4,Beef Brisket Pot Roast,food_dataset_v2\recipe_images\157_beef_brisket_pot_roast.jpg,cloudflare_url/recipe_images/bd587a0d-b2e1-572d-a228-b0dc2feddfd4.jpg
141,52fd9265-9db5-5c5e-9d29-e12fdb791f24,Beef Burgundy American Style,food_dataset_v2\recipe_images\141_beef_burgundy_american_style.jpg,cloudflare_url/recipe_images/52fd9265-9db5-5c5e-9d29-e12fdb791f24.jpg
414,3fef1eb7-766c-5c1e-8644-d9be00249cf8,Beef Burrito Classic,food_dataset_v2\recipe_images\414_beef_burrito_classic.jpg,cloudflare_url/recipe_images/3fef1eb7-766c-5c1e-8644-d9be00249cf8.jpg
159,eb9a739e-e09b-59f8-8407-e4ff6399ca50,Beef Chili Con Carne,food_dataset_v2\recipe_images\159_beef_chili_con_carne.jpg,cloudflare_url/recipe_images/eb9a739e-e09b-59f8-8407-e4ff6399ca50.jpg
421,37849fd7-2514-534d-96f9-e9ce89db70ef,Beef Enchiladas with Red Sauce,food_dataset_v2\recipe_images\421_beef_enchiladas_with_red_sauce.jpg,cloudflare_url/recipe_images/37849fd7-2514-534d-96f9-e9ce89db70ef.jpg
1053,5605c1a4-5fa6-53ac-a067-04d996448de4,Beef Stew Classic American,food_dataset_v2\recipe_images\1053_beef_stew_classic_american.jpg,cloudflare_url/recipe_images/5605c1a4-5fa6-53ac-a067-04d996448de4.jpg
1057,54631d0e-05d3-587b-8bc2-3659823af883,Beef Stroganoff,food_dataset_v2\recipe_images\1057_beef_stroganoff.jpg,cloudflare_url/recipe_images/54631d0e-05d3-587b-8bc2-3659823af883.jpg
380,e28006bc-6bdc-5007-8f83-ee7e3177b914,Beef Stroganoff with Noodles,food_dataset_v2\recipe_images\380_beef_stroganoff_with_noodles.jpg,cloudflare_url/recipe_images/e28006bc-6bdc-5007-8f83-ee7e3177b914.jpg
413,edff4a75-2121-5beb-baae-c26249874b6f,Beef Tacos Hard Shell,food_dataset_v2\recipe_images\413_beef_tacos_hard_shell.jpg,cloudflare_url/recipe_images/edff4a75-2121-5beb-baae-c26249874b6f.jpg
2157,4d584f57-cd4e-5806-ac81-b635f66d3da3,Bourdaloue Pear and Almond Tart,food_dataset_v2\recipe_images\2157_bourdaloue_pear_and_almond_tart.jpg,cloudflare_url/recipe_images/4d584f57-cd4e-5806-ac81-b635f66d3da3.jpg
1316,067ba659-237d-5018-8954-09e0b58860fd,Bourgeoise-style Beef,food_dataset_v2\recipe_images\1316_bourgeoise_style_beef.jpg,cloudflare_url/recipe_images/067ba659-237d-5018-8954-09e0b58860fd.jpg
1500,6d9ef362-513a-5413-adf8-ef3142db2d6a,Bourride,,
1863,cae2462c-5a29-5a8f-b3b7-8449f8b01e2d,Braided Brioche,food_dataset_v2\recipe_images\1863_braided_brioche.jpg,cloudflare_url/recipe_images/cae2462c-5a29-5a8f-b3b7-8449f8b01e2d.jpg
1273,d3589931-991a-5331-9645-2d705ee2ff4f,Braised Beef Cheeks,food_dataset_v2\recipe_images\1273_braised_beef_cheeks.jpg,cloudflare_url/recipe_images/d3589931-991a-5331-9645-2d705ee2ff4f.jpg
1269,6186db27-4976-5a60-8b74-8d22f3b90de1,Braised Beef Mode,food_dataset_v2\recipe_images\1269_braised_beef_mode.jpg,cloudflare_url/recipe_images/6186db27-4976-5a60-8b74-8d22f3b90de1.jpg
1303,67fbb1da-23c3-58f5-99cc-dd9bd14bb2f8,Braised Beef with Carrots,food_dataset_v2\recipe_images\1303_braised_beef_with_carrots.jpg,cloudflare_url/recipe_images/67fbb1da-23c3-58f5-99cc-dd9bd14bb2f8.jpg
1635,b8a02a31-175c-5d8f-9285-78d25de8372b,Braised Cabbage,food_dataset_v2\recipe_images\1635_braised_cabbage.jpg,cloudflare_url/recipe_images/b8a02a31-175c-5d8f-9285-78d25de8372b.jpg
1634,c3fcaaa0-77cb-5aa6-b27e-1b8b71c92612,Braised Endives,food_dataset_v2\recipe_images\1634_braised_endives.jpg,cloudflare_url/recipe_images/c3fcaaa0-77cb-5aa6-b27e-1b8b71c92612.jpg
1663,ebd76a7f-e240-5cad-aea8-b8352e033d22,Braised Fennel,food_dataset_v2\recipe_images\1663_braised_fennel.jpg,cloudflare_url/recipe_images/ebd76a7f-e240-5cad-aea8-b8352e033d22.jpg
7504,408c5167-64b6-5e03-9082-6cf4d4442a6c,Beef Gyro,food_dataset_v2\recipe_images\7504_beef_gyro.jpg,cloudflare_url/recipe_images/408c5167-64b6-5e03-9082-6cf4d4442a6c.jpg
7501,fca02a56-5824-5820-a4ad-d434e66fb374,Beef Souvlaki,food_dataset_v2\recipe_images\7501_beef_souvlaki.jpg,cloudflare_url/recipe_images/fca02a56-5824-5820-a4ad-d434e66fb374.jpg
7495,4a0d95df-89fd-55ab-aff2-ddf561be057d,Beef Stifado,food_dataset_v2\recipe_images\7495_beef_stifado.jpg,cloudflare_url/recipe_images/4a0d95df-89fd-55ab-aff2-ddf561be057d.jpg
7511,65002196-b5fd-53bb-875a-f4e0c4e986dd,Beef Tongue Stew,food_dataset_v2\recipe_images\7511_beef_tongue_stew.jpg,cloudflare_url/recipe_images/65002196-b5fd-53bb-875a-f4e0c4e986dd.jpg
7506,cb4a0876-0c1d-5fe2-8425-7db47d109bde,Beef and Potato Casserole,food_dataset_v2\recipe_images\7506_beef_and_potato_casserole.jpg,cloudflare_url/recipe_images/cb4a0876-0c1d-5fe2-8425-7db47d109bde.jpg
7508,82502fcc-fbff-50fd-ba35-ba2b7d6b0685,Beef with Celery Avgolemono,food_dataset_v2\recipe_images\7508_beef_with_celery_avgolemono.jpg,cloudflare_url/recipe_images/82502fcc-fbff-50fd-ba35-ba2b7d6b0685.jpg
7488,3a957bb3-ed95-54a0-9bc7-5d4571cad4f7,Beef with Eggplant,food_dataset_v2\recipe_images\7488_beef_with_eggplant.jpg,cloudflare_url/recipe_images/3a957bb3-ed95-54a0-9bc7-5d4571cad4f7.jpg
7489,74432d7d-3c64-5dfe-b605-fc6b1af3ba2e,Beef with Zucchini,food_dataset_v2\recipe_images\7489_beef_with_zucchini.jpg,cloudflare_url/recipe_images/74432d7d-3c64-5dfe-b605-fc6b1af3ba2e.jpg
7817,d6718138-c0a6-5987-ac72-c659eede0c59,Beet Greens with Lemon,food_dataset_v2\recipe_images\7817_beet_greens_with_lemon.jpg,cloudflare_url/recipe_images/d6718138-c0a6-5987-ac72-c659eede0c59.jpg
7412,1d56dfcc-8324-5828-8cc7-391eac810a4b,Beetroot and Walnut Salad,food_dataset_v2\recipe_images\7412_beetroot_and_walnut_salad.jpg,cloudflare_url/recipe_images/1d56dfcc-8324-5828-8cc7-391eac810a4b.jpg
3696,9e2573c4-b787-5dc8-a9bd-f85a6984956f,Brodetto,food_dataset_v2\recipe_images\3696_brodetto.jpg,cloudflare_url/recipe_images/9e2573c4-b787-5dc8-a9bd-f85a6984956f.jpg
3609,8e7209ad-b566-5625-994d-ff4c7ebff635,Brodetto Di Pesce,food_dataset_v2\recipe_images\3609_brodetto_di_pesce.jpg,cloudflare_url/recipe_images/8e7209ad-b566-5625-994d-ff4c7ebff635.jpg
3541,2d6ea19e-3e93-5dee-9ddd-f81cc6b479b0,Brodetto Marchigiano,food_dataset_v2\recipe_images\3541_brodetto_marchigiano.jpg,cloudflare_url/recipe_images/2d6ea19e-3e93-5dee-9ddd-f81cc6b479b0.jpg
3514,00c19eb2-f9a3-5706-a450-0263e33a56f4,Brodo Di Carne,food_dataset_v2\recipe_images\3514_brodo_di_carne.jpg,cloudflare_url/recipe_images/00c19eb2-f9a3-5706-a450-0263e33a56f4.jpg
3510,dca75209-f36a-5fb3-ba28-698ad348af81,Brodo Di Pesce,food_dataset_v2\recipe_images\3510_brodo_di_pesce.jpg,cloudflare_url/recipe_images/dca75209-f36a-5fb3-ba28-698ad348af81.jpg
4003,597012a9-755b-5601-a094-4c06adb22933,Bruschetta Bread,food_dataset_v2\recipe_images\4003_bruschetta_bread.jpg,cloudflare_url/recipe_images/597012a9-755b-5601-a094-4c06adb22933.jpg
3735,48d810c5-7a75-5f96-aa5a-ebe7e35709ef,Bruschetta with Mushrooms,food_dataset_v2\recipe_images\3735_bruschetta_with_mushrooms.jpg,cloudflare_url/recipe_images/48d810c5-7a75-5f96-aa5a-ebe7e35709ef.jpg
3797,8e301cf4-f9a3-5506-8e0f-ded29adb21f7,Bruschetta with Nduja,food_dataset_v2\recipe_images\3797_bruschetta_with_nduja.jpg,cloudflare_url/recipe_images/8e301cf4-f9a3-5506-8e0f-ded29adb21f7.jpg
3732,8309b155-965d-55e2-ac9e-a3b7860c12f8,Bruschetta with Tomato and Basil,food_dataset_v2\recipe_images\3732_bruschetta_with_tomato_and_basil.jpg,cloudflare_url/recipe_images/8309b155-965d-55e2-ac9e-a3b7860c12f8.jpg
3881,922223f6-cc36-5adf-a177-390b5744dfcf,Brussels Sprouts Italian Style,food_dataset_v2\recipe_images\3881_brussels_sprouts_italian_style.jpg,cloudflare_url/recipe_images/922223f6-cc36-5adf-a177-390b5744dfcf.jpg
8549,8ed79c36-6273-566f-a77b-106844f2c8ad,Chicken Karaage,food_dataset_v2\recipe_images\8549_chicken_karaage.jpg,cloudflare_url/recipe_images/8ed79c36-6273-566f-a77b-106844f2c8ad.jpg
8523,60d1517a-a23c-5ae9-a6a5-3c9dbe6f301a,Chicken Katsu,food_dataset_v2\recipe_images\8523_chicken_katsu.jpg,cloudflare_url/recipe_images/60d1517a-a23c-5ae9-a6a5-3c9dbe6f301a.jpg
8522,4e206806-95e6-5ad8-95ed-e7b10cccbea7,Chicken Nanban,food_dataset_v2\recipe_images\8522_chicken_nanban.jpg,cloudflare_url/recipe_images/4e206806-95e6-5ad8-95ed-e7b10cccbea7.jpg
8830,67e50873-86b2-5651-84db-ac4843b47229,Chicken Rice,food_dataset_v2\recipe_images\8830_chicken_rice.jpg,cloudflare_url/recipe_images/67e50873-86b2-5651-84db-ac4843b47229.jpg
8826,3a1d15bb-3858-5509-93a0-87a6e78bd403,Chicken Steak Japanese-style,food_dataset_v2\recipe_images\8826_chicken_steak_japanese_style.jpg,cloudflare_url/recipe_images/3a1d15bb-3858-5509-93a0-87a6e78bd403.jpg
8614,8a4716a7-3d0a-5868-b9b7-28fdf1907f3a,Chicken Wings Simmered in Soy,food_dataset_v2\recipe_images\8614_chicken_wings_simmered_in_soy.jpg,cloudflare_url/recipe_images/8a4716a7-3d0a-5868-b9b7-28fdf1907f3a.jpg
8417,0c8d8106-fde7-5364-9fa6-b44690fe893b,Chikara Udon,food_dataset_v2\recipe_images\8417_chikara_udon.jpg,cloudflare_url/recipe_images/0c8d8106-fde7-5364-9fa6-b44690fe893b.jpg
8649,2816598d-ed1f-5266-9255-642a521d110c,Chikuwa Isobe Age,food_dataset_v2\recipe_images\8649_chikuwa_isobe_age.jpg,cloudflare_url/recipe_images/2816598d-ed1f-5266-9255-642a521d110c.jpg
8624,075616f8-a52c-5e56-b61e-aa4beca2fd34,Chikuwa and Vegetable Nimono,food_dataset_v2\recipe_images\8624_chikuwa_and_vegetable_nimono.jpg,cloudflare_url/recipe_images/075616f8-a52c-5e56-b61e-aa4beca2fd34.jpg
8581,094c2d64-dd69-50be-879c-91722c9e370a,Chikuzen-ni,food_dataset_v2\recipe_images\8581_chikuzen_ni.jpg,cloudflare_url/recipe_images/094c2d64-dd69-50be-879c-91722c9e370a.jpg
4329,b3bc7048-1e45-5b8d-8f06-f1c20d3ca654,Birria De Res,food_dataset_v2\recipe_images\4329_birria_de_res.jpg,cloudflare_url/recipe_images/b3bc7048-1e45-5b8d-8f06-f1c20d3ca654.jpg
4624,907ad7d9-7772-57a1-a2df-8a5487f11e16,Bistec Encebollado,food_dataset_v2\recipe_images\4624_bistec_encebollado.jpg,cloudflare_url/recipe_images/907ad7d9-7772-57a1-a2df-8a5487f11e16.jpg
4623,c95b72bd-c497-54a0-95ee-48cf5ce58be6,Bistec Ranchero,food_dataset_v2\recipe_images\4623_bistec_ranchero.jpg,cloudflare_url/recipe_images/c95b72bd-c497-54a0-95ee-48cf5ce58be6.jpg
4621,4679e90c-40a0-5617-a749-c4782359643e,Bistec a La Mexicana,food_dataset_v2\recipe_images\4621_bistec_a_la_mexicana.jpg,cloudflare_url/recipe_images/4679e90c-40a0-5617-a749-c4782359643e.jpg
4625,f187d132-b5a0-517d-b19f-eeab1fb509e7,Bistec in Pasilla Chile Sauce,food_dataset_v2\recipe_images\4625_bistec_in_pasilla_chile_sauce.jpg,cloudflare_url/recipe_images/f187d132-b5a0-517d-b19f-eeab1fb509e7.jpg
4320,f7893e0e-f2fd-5ee2-8337-c0fcd30dd143,Black Bean Soup,food_dataset_v2\recipe_images\4320_black_bean_soup.jpg,cloudflare_url/recipe_images/f7893e0e-f2fd-5ee2-8337-c0fcd30dd143.jpg
5085,98ba5ebb-7e07-5c95-8539-a8c234748b34,Black Sapote Ice Cream,food_dataset_v2\recipe_images\5085_black_sapote_ice_cream.jpg,cloudflare_url/recipe_images/98ba5ebb-7e07-5c95-8539-a8c234748b34.jpg
4847,169f148c-fab4-538d-b327-e4e29b1e52b8,Blue Corn Tortillas,food_dataset_v2\recipe_images\4847_blue_corn_tortillas.jpg,cloudflare_url/recipe_images/169f148c-fab4-538d-b327-e4e29b1e52b8.jpg
5033,6b5f325b-2aea-523b-a846-479cc77e4c1b,Borrachitos,,
4890,aad26ebb-3543-55eb-bf51-e11094232450,Breaded Fish Fillet,food_dataset_v2\recipe_images\4890_breaded_fish_fillet.jpg,cloudflare_url/recipe_images/aad26ebb-3543-55eb-bf51-e11094232450.jpg
9717,d6d640ff-f980-55e6-9004-8b6dd01c1876,Beef and Turnip Stew,food_dataset_v2\recipe_images\9717_beef_and_turnip_stew.jpg,cloudflare_url/recipe_images/d6d640ff-f980-55e6-9004-8b6dd01c1876.jpg
9649,3ce0d1b2-3079-5491-abc2-27950b97756e,Beef and Vegetable Broth,food_dataset_v2\recipe_images\9649_beef_and_vegetable_broth.jpg,cloudflare_url/recipe_images/3ce0d1b2-3079-5491-abc2-27950b97756e.jpg
10096,1ab77449-58e1-52d3-8ad1-83af50110294,Beef and Wine Pot,food_dataset_v2\recipe_images\10096_beef_and_wine_pot.jpg,cloudflare_url/recipe_images/1ab77449-58e1-52d3-8ad1-83af50110294.jpg
9461,9264e030-3e16-59ea-adea-48064994bcc6,Beef with Beer Sauce,food_dataset_v2\recipe_images\9461_beef_with_beer_sauce.jpg,cloudflare_url/recipe_images/9264e030-3e16-59ea-adea-48064994bcc6.jpg
10040,31dbf932-450f-505c-ba56-b16139965c99,Beef with Green Beans,food_dataset_v2\recipe_images\10040_beef_with_green_beans.jpg,cloudflare_url/recipe_images/31dbf932-450f-505c-ba56-b16139965c99.jpg
10041,44ff433f-8d5a-591b-bff1-4eacebcf98be,Beef with Tomato and Pepper Stew,food_dataset_v2\recipe_images\10041_beef_with_tomato_and_pepper_stew.jpg,cloudflare_url/recipe_images/44ff433f-8d5a-591b-bff1-4eacebcf98be.jpg
10113,227f587f-b6c3-5a93-9bcf-4862a43b12f8,Beet and Goat Cheese Salad,food_dataset_v2\recipe_images\10113_beet_and_goat_cheese_salad.jpg,cloudflare_url/recipe_images/227f587f-b6c3-5a93-9bcf-4862a43b12f8.jpg
9328,8342501d-df08-56e9-945e-8f46223a2a9a,Bifana Sandwich,food_dataset_v2\recipe_images\9328_bifana_sandwich.jpg,cloudflare_url/recipe_images/8342501d-df08-56e9-945e-8f46223a2a9a.jpg
9878,bec030b5-f4ba-5b2f-9d14-50a89c287090,Bifana in Bread,food_dataset_v2\recipe_images\9878_bifana_in_bread.jpg,cloudflare_url/recipe_images/bec030b5-f4ba-5b2f-9d14-50a89c287090.jpg
9364,45c081d0-c57e-567f-8d1d-51a90d38152c,Black Pork Loin Alentejo Style,food_dataset_v2\recipe_images\9364_black_pork_loin_alentejo_style.jpg,cloudflare_url/recipe_images/45c081d0-c57e-567f-8d1d-51a90d38152c.jpg
5626,711f78c1-5b3f-55fd-8a0c-83e2eabfe0e6,Bacalao Dorado,food_dataset_v2\recipe_images\5626_bacalao_dorado.jpg,cloudflare_url/recipe_images/711f78c1-5b3f-55fd-8a0c-83e2eabfe0e6.jpg
5631,71aa55a6-8e8a-5285-8b1a-50b0a7d0f1b5,Bacalao En Salsa Verde,food_dataset_v2\recipe_images\5631_bacalao_en_salsa_verde.jpg,cloudflare_url/recipe_images/71aa55a6-8e8a-5285-8b1a-50b0a7d0f1b5.jpg
5634,88cdaf67-669f-58ac-80bd-93488a4d8284,Bacalao Gratinado,food_dataset_v2\recipe_images\5634_bacalao_gratinado.jpg,cloudflare_url/recipe_images/88cdaf67-669f-58ac-80bd-93488a4d8284.jpg
6110,7aa0bee9-64cb-51c4-a830-d7cc10edfe47,Bacalao Pil Pil,food_dataset_v2\recipe_images\6110_bacalao_pil_pil.jpg,cloudflare_url/recipe_images/7aa0bee9-64cb-51c4-a830-d7cc10edfe47.jpg
5628,e0def936-7eb3-5e3e-885f-f056a5d52b0f,Bacalao Rebozado,food_dataset_v2\recipe_images\5628_bacalao_rebozado.jpg,cloudflare_url/recipe_images/e0def936-7eb3-5e3e-885f-f056a5d52b0f.jpg
5704,943e1f2b-9964-5337-8a32-f92deac07872,Bacalao a La Llauna,food_dataset_v2\recipe_images\5704_bacalao_a_la_llauna.jpg,cloudflare_url/recipe_images/943e1f2b-9964-5337-8a32-f92deac07872.jpg
5630,a635da68-9c68-5b4b-8d9d-8a17e357d987,Bacalao a La Vizcaina,food_dataset_v2\recipe_images\5630_bacalao_a_la_vizcaina.jpg,cloudflare_url/recipe_images/a635da68-9c68-5b4b-8d9d-8a17e357d987.jpg
5978,9cad4925-4553-5f6f-96ef-a1e6a080e27d,Bacalao a La Vizcaina,food_dataset_v2\recipe_images\5978_bacalao_a_la_vizcaina.jpg,cloudflare_url/recipe_images/9cad4925-4553-5f6f-96ef-a1e6a080e27d.jpg
5647,32fcaaf6-52a8-55fa-b851-804c2b1d76a5,Baked Gilthead Bream,food_dataset_v2\recipe_images\5647_baked_gilthead_bream.jpg,cloudflare_url/recipe_images/32fcaaf6-52a8-55fa-b851-804c2b1d76a5.jpg
5640,8de72029-7a6e-5ec0-b9e4-9fdc675efb4b,Baked Hake,food_dataset_v2\recipe_images\5640_baked_hake.jpg,cloudflare_url/recipe_images/8de72029-7a6e-5ec0-b9e4-9fdc675efb4b.jpg
2941,6b9320b1-2b72-5dcf-bd75-2d365406aa6f,Gaeng Om Isan,food_dataset_v2\recipe_images\2941_gaeng_om_isan.jpg,cloudflare_url/recipe_images/6b9320b1-2b72-5dcf-bd75-2d365406aa6f.jpg
2279,e322cc82-f108-5d81-b560-24d15715ec0f,Gaeng Pa,food_dataset_v2\recipe_images\2279_gaeng_pa.jpg,cloudflare_url/recipe_images/e322cc82-f108-5d81-b560-24d15715ec0f.jpg
2960,f7469b24-3e85-5ada-8b2a-22d1f1ddf291,Gaeng Phak Ruam,food_dataset_v2\recipe_images\2960_gaeng_phak_ruam.jpg,cloudflare_url/recipe_images/f7469b24-3e85-5ada-8b2a-22d1f1ddf291.jpg
2956,f2443325-8511-5723-bd40-7c348e19f5c3,Gaeng Phak Wan,food_dataset_v2\recipe_images\2956_gaeng_phak_wan.jpg,cloudflare_url/recipe_images/f2443325-8511-5723-bd40-7c348e19f5c3.jpg
2288,3d181ee1-9955-5e78-b4a2-c2ec7fd0bc8c,Gaeng Phed Moo Daeng,food_dataset_v2\recipe_images\2288_gaeng_phed_moo_daeng.jpg,cloudflare_url/recipe_images/3d181ee1-9955-5e78-b4a2-c2ec7fd0bc8c.jpg
3069,e960e6f5-c530-5ddd-bf8f-7019f346715f,Gaeng Phet Ped Yang,food_dataset_v2\recipe_images\3069_gaeng_phet_ped_yang.jpg,cloudflare_url/recipe_images/e960e6f5-c530-5ddd-bf8f-7019f346715f.jpg
2280,1de1c970-1161-55fb-a936-991d40f485a6,Gaeng Phet Pet Yang,food_dataset_v2\recipe_images\2280_gaeng_phet_pet_yang.jpg,cloudflare_url/recipe_images/1de1c970-1161-55fb-a936-991d40f485a6.jpg
3230,848b2849-350b-5ee1-8198-49a78e73b31b,Gaeng Phet Pet Yang,food_dataset_v2\recipe_images\3230_gaeng_phet_pet_yang.jpg,cloudflare_url/recipe_images/848b2849-350b-5ee1-8198-49a78e73b31b.jpg
2998,93d78ac0-e552-513a-be94-5ec1783a15df,Gaeng Phung Pla,food_dataset_v2\recipe_images\2998_gaeng_phung_pla.jpg,cloudflare_url/recipe_images/93d78ac0-e552-513a-be94-5ec1783a15df.jpg
2303,63b9fdc3-8902-5366-a0ba-8fee99ced68f,Gaeng Pla Duk,food_dataset_v2\recipe_images\2303_gaeng_pla_duk.jpg,cloudflare_url/recipe_images/63b9fdc3-8902-5366-a0ba-8fee99ced68f.jpg
6951,e6280218-e9eb-53ca-90b9-901ff94c0a22,Balik Dolma,food_dataset_v2\recipe_images\6951_balik_dolma.jpg,cloudflare_url/recipe_images/e6280218-e9eb-53ca-90b9-901ff94c0a22.jpg
6946,a45ffb6c-6644-57a6-8725-a473780aa08c,Balik Guvec,food_dataset_v2\recipe_images\6946_balik_guvec.jpg,cloudflare_url/recipe_images/a45ffb6c-6644-57a6-8725-a473780aa08c.jpg
6941,79048ce6-699f-5311-a115-56cc4f218482,Balik Kofte,food_dataset_v2\recipe_images\6941_balik_kofte.jpg,cloudflare_url/recipe_images/79048ce6-699f-5311-a115-56cc4f218482.jpg
6380,08962878-ef89-51b2-979f-ae62c1ac6958,Balik Lahmacun,food_dataset_v2\recipe_images\6380_balik_lahmacun.jpg,cloudflare_url/recipe_images/08962878-ef89-51b2-979f-ae62c1ac6958.jpg
6950,85822391-f800-5300-b81a-070691a9cc9d,Balik Musakka,food_dataset_v2\recipe_images\6950_balik_musakka.jpg,cloudflare_url/recipe_images/85822391-f800-5300-b81a-070691a9cc9d.jpg
6364,63604788-4fa8-5a8c-8c77-018b51e3bb45,Balik Pilavi,food_dataset_v2\recipe_images\6364_balik_pilavi.jpg,cloudflare_url/recipe_images/63604788-4fa8-5a8c-8c77-018b51e3bb45.jpg
6369,5146562d-d5d2-565e-9469-d2a1efeb2858,Balik Soslu,food_dataset_v2\recipe_images\6369_balik_soslu.jpg,cloudflare_url/recipe_images/5146562d-d5d2-565e-9469-d2a1efeb2858.jpg
6952,18bf833c-9fdd-5f01-af5f-e72e02822dbf,Balik Tava,food_dataset_v2\recipe_images\6952_balik_tava.jpg,cloudflare_url/recipe_images/18bf833c-9fdd-5f01-af5f-e72e02822dbf.jpg
7214,3cb99e34-93da-539b-929d-a2f474a345ca,Balikesir Hosmerim,food_dataset_v2\recipe_images\7214_balikesir_hosmerim.jpg,cloudflare_url/recipe_images/3cb99e34-93da-539b-929d-a2f474a345ca.jpg
6949,3a97ca5e-1d6e-59bd-9a96-769015b179f4,Balık Böreği,food_dataset_v2\recipe_images\6949_balık_böreği.jpg,cloudflare_url/recipe_images/3a97ca5e-1d6e-59bd-9a96-769015b179f4.jpg
119,594d02e6-0018-54e1-a28a-5670ab2512ca,Beef Tenderloin Roasted,food_dataset_v2\recipe_images\119_beef_tenderloin_roasted.jpg,cloudflare_url/recipe_images/594d02e6-0018-54e1-a28a-5670ab2512ca.jpg
449,c94f2b09-bc9d-5ea1-88a9-c66330f9f796,Beef Tostadas,food_dataset_v2\recipe_images\449_beef_tostadas.jpg,cloudflare_url/recipe_images/c94f2b09-bc9d-5ea1-88a9-c66330f9f796.jpg
1058,c214e728-257c-5c1b-b04d-beb69708820d,Beef Wellington,food_dataset_v2\recipe_images\1058_beef_wellington.jpg,cloudflare_url/recipe_images/c214e728-257c-5c1b-b04d-beb69708820d.jpg
154,f2cbd940-8f84-5a20-9f61-5883591115e1,Beef Wellington American Style,food_dataset_v2\recipe_images\154_beef_wellington_american_style.jpg,cloudflare_url/recipe_images/f2cbd940-8f84-5a20-9f61-5883591115e1.jpg
311,1360a6d4-d10d-5bf7-a701-aa83e1adf10e,Beer Battered Fish Fry,food_dataset_v2\recipe_images\311_beer_battered_fish_fry.jpg,cloudflare_url/recipe_images/1360a6d4-d10d-5bf7-a701-aa83e1adf10e.jpg
76,d7598a6e-92b1-589e-8cc6-fa022bf139d2,Beer Can Chicken,food_dataset_v2\recipe_images\76_beer_can_chicken.jpg,cloudflare_url/recipe_images/d7598a6e-92b1-589e-8cc6-fa022bf139d2.jpg
172,e361fd2a-a465-5b17-9f63-be908f8596d8,Beer Can Roasted Chicken,food_dataset_v2\recipe_images\172_beer_can_roasted_chicken.jpg,cloudflare_url/recipe_images/e361fd2a-a465-5b17-9f63-be908f8596d8.jpg
1006,d329461d-7423-5882-8f97-08f72c50dfd3,Beignets,food_dataset_v2\recipe_images\1006_beignets.jpg,cloudflare_url/recipe_images/d329461d-7423-5882-8f97-08f72c50dfd3.jpg
1110,d553c744-2c11-541e-95c7-7847e4253285,Belgian Style Waffles,food_dataset_v2\recipe_images\1110_belgian_style_waffles.jpg,cloudflare_url/recipe_images/d553c744-2c11-541e-95c7-7847e4253285.jpg
705,8e741e2f-2150-5b89-a1b4-7c6e52ea4a8a,Belgian-style Waffles,food_dataset_v2\recipe_images\705_belgian_style_waffles.jpg,cloudflare_url/recipe_images/8e741e2f-2150-5b89-a1b4-7c6e52ea4a8a.jpg
1468,0b4c6c78-5ba3-59f2-b3c0-140bd949a3be,Braised Ham Hock,food_dataset_v2\recipe_images\1468_braised_ham_hock.jpg,cloudflare_url/recipe_images/0b4c6c78-5ba3-59f2-b3c0-140bd949a3be.jpg
1445,fa6b72d4-f9dd-58a9-a308-15b77a5089fe,Braised Lamb Shank,food_dataset_v2\recipe_images\1445_braised_lamb_shank.jpg,cloudflare_url/recipe_images/fa6b72d4-f9dd-58a9-a308-15b77a5089fe.jpg
1274,cade8136-48bf-59f5-b0dd-a752ff832a5c,Braised Oxtail,food_dataset_v2\recipe_images\1274_braised_oxtail.jpg,cloudflare_url/recipe_images/cade8136-48bf-59f5-b0dd-a752ff832a5c.jpg
1477,8eccd4d1-1f2e-5381-bcf2-c08e2314d985,Braised Pork Neck,food_dataset_v2\recipe_images\1477_braised_pork_neck.jpg,cloudflare_url/recipe_images/8eccd4d1-1f2e-5381-bcf2-c08e2314d985.jpg
1495,b7493e12-60f5-5450-aa20-37554dd1ec77,Braised Pork with Apples,food_dataset_v2\recipe_images\1495_braised_pork_with_apples.jpg,cloudflare_url/recipe_images/b7493e12-60f5-5450-aa20-37554dd1ec77.jpg
1425,a8670028-f3da-5604-b167-761f1455579e,Braised Veal Rump,food_dataset_v2\recipe_images\1425_braised_veal_rump.jpg,cloudflare_url/recipe_images/a8670028-f3da-5604-b167-761f1455579e.jpg
1412,97c05bdd-99b6-5eb3-baad-0b532a5ec392,Braised Veal Shank,food_dataset_v2\recipe_images\1412_braised_veal_shank.jpg,cloudflare_url/recipe_images/97c05bdd-99b6-5eb3-baad-0b532a5ec392.jpg
2061,0daf552a-05c3-5900-a276-3ea91a1db873,Braised Venison Shoulder,food_dataset_v2\recipe_images\2061_braised_venison_shoulder.jpg,cloudflare_url/recipe_images/0daf552a-05c3-5900-a276-3ea91a1db873.jpg
1487,157e2d2b-620b-5b8c-add5-a81ce8b8d60a,Breaded Pig's Feet,food_dataset_v2\recipe_images\1487_breaded_pig_s_feet.jpg,cloudflare_url/recipe_images/157e2d2b-620b-5b8c-add5-a81ce8b8d60a.jpg
1542,e1861d64-2f09-59bf-a0b0-78e99e03c86c,Breaded Saithe Fillet,food_dataset_v2\recipe_images\1542_breaded_saithe_fillet.jpg,cloudflare_url/recipe_images/e1861d64-2f09-59bf-a0b0-78e99e03c86c.jpg
7494,99ad9d35-e176-5f1a-bcf6-a0417f37c06d,Bifteki Me Feta,food_dataset_v2\recipe_images\7494_bifteki_me_feta.jpg,cloudflare_url/recipe_images/99ad9d35-e176-5f1a-bcf6-a0417f37c06d.jpg
7498,4badb243-793d-580c-b8fa-7437bb7cdd5d,Biftekia,,
7818,216839aa-992d-52a0-b9ef-075610c72716,Black-eyed Pea Stew,food_dataset_v2\recipe_images\7818_black_eyed_pea_stew.jpg,cloudflare_url/recipe_images/216839aa-992d-52a0-b9ef-075610c72716.jpg
7848,e3f2c203-7c47-5985-8328-ca28cc1a5123,Bobota,food_dataset_v2\recipe_images\7848_bobota.jpg,cloudflare_url/recipe_images/e3f2c203-7c47-5985-8328-ca28cc1a5123.jpg
7671,cb723681-97f5-534c-89d0-a240728150c0,Boiled Lobster with Olive Oil and Lemon,food_dataset_v2\recipe_images\7671_boiled_lobster_with_olive_oil_and_lemon.jpg,cloudflare_url/recipe_images/cb723681-97f5-534c-89d0-a240728150c0.jpg
7753,6d90e84f-eee2-5678-b955-9951e5177629,Bougatsa Me Kima,food_dataset_v2\recipe_images\7753_bougatsa_me_kima.jpg,cloudflare_url/recipe_images/6d90e84f-eee2-5678-b955-9951e5177629.jpg
7894,9ff38c11-b6a9-5d7f-98dd-5b4f83c1caa1,Bougatsa from Thessaloniki,food_dataset_v2\recipe_images\7894_bougatsa_from_thessaloniki.jpg,cloudflare_url/recipe_images/9ff38c11-b6a9-5d7f-98dd-5b4f83c1caa1.jpg
7999,6eb27c2b-f9fb-5930-9703-0bff7e37e62d,Bougatsa with Chocolate,food_dataset_v2\recipe_images\7999_bougatsa_with_chocolate.jpg,cloudflare_url/recipe_images/6eb27c2b-f9fb-5930-9703-0bff7e37e62d.jpg
7756,4591f1d7-af77-5a89-802b-998dfc52d1c3,Bougatsa with Custard,food_dataset_v2\recipe_images\7756_bougatsa_with_custard.jpg,cloudflare_url/recipe_images/4591f1d7-af77-5a89-802b-998dfc52d1c3.jpg
7786,0044d2a1-957d-5826-b22e-077583ff962b,Bougatsadiko-style Phyllo Pie,food_dataset_v2\recipe_images\7786_bougatsadiko_style_phyllo_pie.jpg,cloudflare_url/recipe_images/0044d2a1-957d-5826-b22e-077583ff962b.jpg
4280,e7fb73ea-5071-54ba-b3df-66862912682a,Brutti Ma Buoni,food_dataset_v2\recipe_images\4280_brutti_ma_buoni.jpg,cloudflare_url/recipe_images/e7fb73ea-5071-54ba-b3df-66862912682a.jpg
4023,0392234e-5c98-51a1-8114-db847ba34687,Brutti Ma Buoni,food_dataset_v2\recipe_images\4023_brutti_ma_buoni.jpg,cloudflare_url/recipe_images/0392234e-5c98-51a1-8114-db847ba34687.jpg
4208,fceb1ad1-5839-574a-ae72-d6638d2ef7e1,Bucatini All'amatriciana,food_dataset_v2\recipe_images\4208_bucatini_all_amatriciana.jpg,cloudflare_url/recipe_images/fceb1ad1-5839-574a-ae72-d6638d2ef7e1.jpg
3246,e2cc4c78-e511-55f8-979b-0883fc85ca57,Bucatini All'amatriciana,food_dataset_v2\recipe_images\3246_bucatini_all_amatriciana.jpg,cloudflare_url/recipe_images/e2cc4c78-e511-55f8-979b-0883fc85ca57.jpg
4001,5e0d665b-8547-5ea9-9248-6c6c3fe3e5b8,Budino,food_dataset_v2\recipe_images\4001_budino.jpg,cloudflare_url/recipe_images/5e0d665b-8547-5ea9-9248-6c6c3fe3e5b8.jpg
3803,858687f6-2450-5927-872d-ede48be5fc5e,Buffalo Mozzarella with Prosciutto,food_dataset_v2\recipe_images\3803_buffalo_mozzarella_with_prosciutto.jpg,cloudflare_url/recipe_images/858687f6-2450-5927-872d-ede48be5fc5e.jpg
3805,01313b68-63b5-5a63-a132-fc3e7ac5134d,Burrata with Pesto,food_dataset_v2\recipe_images\3805_burrata_with_pesto.jpg,cloudflare_url/recipe_images/01313b68-63b5-5a63-a132-fc3e7ac5134d.jpg
3737,9db66fd9-4b99-5b1a-a4ad-3c65ce660ba8,Burrata with Tomatoes,food_dataset_v2\recipe_images\3737_burrata_with_tomatoes.jpg,cloudflare_url/recipe_images/9db66fd9-4b99-5b1a-a4ad-3c65ce660ba8.jpg
3288,7e8cbdd8-1983-5d4c-90cc-f2365506aa95,Busiate with Trapanese Pesto,food_dataset_v2\recipe_images\3288_busiate_with_trapanese_pesto.jpg,cloudflare_url/recipe_images/7e8cbdd8-1983-5d4c-90cc-f2365506aa95.jpg
4284,f6c2de98-3d6b-5d7a-a58d-e7883dbfce2f,Butter Cookies,food_dataset_v2\recipe_images\4284_butter_cookies.jpg,cloudflare_url/recipe_images/f6c2de98-3d6b-5d7a-a58d-e7883dbfce2f.jpg
8795,3b0216e1-7f9b-5265-9a62-2130a5743066,Chilled Sesame Tofu,food_dataset_v2\recipe_images\8795_chilled_sesame_tofu.jpg,cloudflare_url/recipe_images/3b0216e1-7f9b-5265-9a62-2130a5743066.jpg
9196,8aa84e0e-3c81-57a7-ada9-ddd265dc484a,Chimaki,,
9015,1e181c33-d6d7-5655-875d-0ce608bd8b67,Chinsuko,,
8333,2d778c82-4323-5e12-a712-80ae00debd06,Chirashi Sushi,food_dataset_v2\recipe_images\8333_chirashi_sushi.jpg,cloudflare_url/recipe_images/2d778c82-4323-5e12-a712-80ae00debd06.jpg
8892,bab57627-9f24-5dde-9c34-99de33663b5c,Chirashi Sushi Bento,food_dataset_v2\recipe_images\8892_chirashi_sushi_bento.jpg,cloudflare_url/recipe_images/bab57627-9f24-5dde-9c34-99de33663b5c.jpg
9215,0b459ad1-4d62-5d61-a4ac-3e45fc51fe2f,Christmas Cake,food_dataset_v2\recipe_images\9215_christmas_cake.jpg,cloudflare_url/recipe_images/0b459ad1-4d62-5d61-a4ac-3e45fc51fe2f.jpg
9210,43c95f00-acad-5575-89d5-96ac42604763,Christmas Fried Chicken,food_dataset_v2\recipe_images\9210_christmas_fried_chicken.jpg,cloudflare_url/recipe_images/43c95f00-acad-5575-89d5-96ac42604763.jpg
8456,98dc2891-08c4-55c4-8a53-971c5d0cb902,Chukadon,,
8953,6dd64606-f969-56df-ba96-d4272d9e30de,Coffee Jelly,food_dataset_v2\recipe_images\8953_coffee_jelly.jpg,cloudflare_url/recipe_images/6dd64606-f969-56df-ba96-d4272d9e30de.jpg
8713,746adb39-c544-59be-a722-bfd0925c83bd,Cold Shabu-shabu Pork Salad,food_dataset_v2\recipe_images\8713_cold_shabu_shabu_pork_salad.jpg,cloudflare_url/recipe_images/746adb39-c544-59be-a722-bfd0925c83bd.jpg
4932,0e88e022-d68f-585b-ab69-a25dfecf81f1,Breakfast Tamales,food_dataset_v2\recipe_images\4932_breakfast_tamales.jpg,cloudflare_url/recipe_images/0e88e022-d68f-585b-ab69-a25dfecf81f1.jpg
5100,c6a38ada-05db-5378-bfc6-fb1b9c39eb63,Burnt Dulce De Leche,food_dataset_v2\recipe_images\5100_burnt_dulce_de_leche.jpg,cloudflare_url/recipe_images/c6a38ada-05db-5378-bfc6-fb1b9c39eb63.jpg
4598,defef3f6-f528-5cc5-875e-58369788982b,Burrito De Machaca,food_dataset_v2\recipe_images\4598_burrito_de_machaca.jpg,cloudflare_url/recipe_images/defef3f6-f528-5cc5-875e-58369788982b.jpg
4599,99970adc-b3b0-5933-8069-de441bef6343,Burro Percheron,food_dataset_v2\recipe_images\4599_burro_percheron.jpg,cloudflare_url/recipe_images/99970adc-b3b0-5933-8069-de441bef6343.jpg
4928,39ad2e03-f649-582d-82a4-a7950a610099,Buñuelos,food_dataset_v2\recipe_images\4928_buñuelos.jpg,cloudflare_url/recipe_images/39ad2e03-f649-582d-82a4-a7950a610099.jpg
5047,4deeed75-f19f-5e55-856b-099f519b70be,Buñuelos Con Miel,food_dataset_v2\recipe_images\5047_buñuelos_con_miel.jpg,cloudflare_url/recipe_images/4deeed75-f19f-5e55-856b-099f519b70be.jpg
5243,6eeb3930-7ef2-536c-a084-da74c200e428,Buñuelos De Navidad,food_dataset_v2\recipe_images\5243_buñuelos_de_navidad.jpg,cloudflare_url/recipe_images/6eeb3930-7ef2-536c-a084-da74c200e428.jpg
5003,fb43dceb-e9e8-5250-8131-2f7958583512,Buñuelos De Viento,food_dataset_v2\recipe_images\5003_buñuelos_de_viento.jpg,cloudflare_url/recipe_images/fb43dceb-e9e8-5250-8131-2f7958583512.jpg
4972,d1379fe5-ed42-5342-aba4-3a65128058ef,Cabrito Al Pastor,food_dataset_v2\recipe_images\4972_cabrito_al_pastor.jpg,cloudflare_url/recipe_images/d1379fe5-ed42-5342-aba4-3a65128058ef.jpg
4973,f5b13492-b595-5e61-a0fd-64a316d97324,Cabrito Asado Norteño,food_dataset_v2\recipe_images\4973_cabrito_asado_norteño.jpg,cloudflare_url/recipe_images/f5b13492-b595-5e61-a0fd-64a316d97324.jpg
10028,8020d980-57f7-589c-a367-b4b2736b2cb2,Black Pork Ribs with Migas,food_dataset_v2\recipe_images\10028_black_pork_ribs_with_migas.jpg,cloudflare_url/recipe_images/8020d980-57f7-589c-a367-b4b2736b2cb2.jpg
10027,413a2af8-7598-5b8f-9c9e-338423447f2d,Black Pork Secretos Grilled,food_dataset_v2\recipe_images\10027_black_pork_secretos_grilled.jpg,cloudflare_url/recipe_images/413a2af8-7598-5b8f-9c9e-338423447f2d.jpg
9366,b4b2fa03-61e2-59ff-a87b-9954255b5fa4,Black Pork Tenderloin with Acorn Sauce,,
10111,834bb0fa-6ea6-5a96-864f-9e2b43471707,Black-eyed Pea Salad,,
10084,08463f49-7584-5b2d-9b90-13f6ac4acf95,Black-eyed Pea Soup,,
9617,b11dc901-6098-57a8-9678-6492e01c0af0,Blood Rice,,
10128,885723fa-d7cc-5bbc-8709-5c4af4160068,Blt with Presunto,,
9729,4b9470e2-d2ed-5f9b-ba76-0590a09d733c,Bola De Carne,,
9954,a40c3ad0-3202-5f2d-b4f6-45db0f48d5c8,Bolinhos De Chuva,,
9945,8626fd09-9be4-56fc-86af-fec7fa2256cd,Bolo De Arroz,,
5692,fad48d9b-1d7e-51c2-962d-bf8bd72c82ef,Baked Langoustines,,
5645,24c01448-8112-5929-8d22-f59ad075eade,Baked Monkfish,,
6244,aead7e51-0ead-5a48-9559-3b43b38fd978,Baked Pork Ribs,,
5715,cb77980b-4723-57b4-ab5a-bce1b7ebef8f,Baked Red Snapper,,
6257,2ddc3e74-4033-541a-9e89-45cc3628a7a6,Baked Rice with Vegetables,,
5705,64094c2e-022b-5bd5-9fe9-563e44f3ff9f,Baked Snapper Canary,,
5659,7672c1f5-0ddf-5ac0-bbf8-89f53c6194f4,Baked Trout,,
5646,b86c34dc-91d1-59e6-93a5-83148c91250b,Baked Turbot,,
5394,9c173ddb-2340-513e-9b5c-21e58ec9a019,Banderillas,,
6178,f03759a3-7691-5a8c-bcac-54ec7c54e95a,Baptism Feast Spanish,,
3233,0a61d9b6-5496-59e0-b8cd-bb02926bd5a2,Gaeng Pla Duk,,
3060,d5a884f7-da57-595f-8607-efe0822a09f3,Gaeng Pla Duk,,
3195,77240f53-c6b1-54f8-beed-3b4b1433a98e,Gaeng Prik,,
3222,80a2c345-8d1c-5622-9e7d-19592adedbd7,Gaeng Raiang,,
2301,e7b31f15-89d0-5d24-ae91-8e630da89deb,Gaeng Sataw,,
3037,5f05be65-c154-5510-875d-437cbf109038,Gaeng Sataw Kapi,,
3226,10e208ec-86e1-5a83-86a3-4019bbc85548,Gaeng Som,,
2267,07a3ca72-d970-5759-aeab-92e53fe3f888,Gaeng Som,,
2269,124ab193-d4f5-58fd-b438-6be9ecacadf3,Gaeng Som,,
3131,f57ff8e1-cb15-559d-b02f-3a411d09d3b2,Gaeng Som Pla,,
6929,f92e7040-bac9-5faa-bcd0-8b06fde0f197,Balık Ekmek,,
6979,abbe035b-302d-5892-a41e-83eb0167050f,Balık çorbası,,
6391,6543e393-f1b2-5e94-8c8b-b6d553c45326,Bamya Corbasi,,
6939,d6e1431a-0a52-5a55-8f7e-775441df621f,Barbunya Izgara,,
6501,cd202327-b25e-503d-9b92-86971dbe249d,Barbunya Pilaki,,
6354,e8b9b498-b63a-5bf0-a7ac-7b46be9dfc40,Barbunya Tava with Fried Red Mullet,,
6732,6b407f52-81ab-56ee-b388-b4304d42ba8a,Bartın Sweet Paste,,
6801,3a67505c-fb4f-5873-b403-452e9797d625,Batman Wheat Porridge,,
6776,0cd46ea8-6976-5a84-95a7-92bd46d2335b,Bayburt Bread Ring,,
7002,64768339-8f46-50d3-b0e2-d4105a8ace7c,Bazlama Thick Flatbread,,
1126,bf52d7c9-d864-5087-a33a-322dfe202871,Bellini Peach,,
915,70dfa5af-8f62-534b-9c26-da01e7919f14,Bellini Peach Cocktail,,
23,42d8d6a8-c4a5-5ddf-b080-d2ae9d9399db,Beyond Meat Plant Burger,,
1030,da098bee-0c6b-5967-bfd2-02c9b4b5a7ab,Birria Tacos American Style,,
720,95389c41-6f0e-53c1-9915-8754e1df9d1b,Biscuits and Gravy,,
21,5679cb37-e86e-59e7-ab69-767890823c74,Bison Burger,,
932,bdf66155-13d1-57ca-8010-ca4e3cb43c85,Black Drip Coffee,,
530,8544f389-2b86-5236-a98e-59ff568fdae1,Black Eyed Peas for New Year's,,
884,e49d2212-3565-517d-85ab-20d71f8400d1,Black and White Cookie,food_dataset_v2\recipe_images\884_black_and_white_cookie.jpg,cloudflare_url/recipe_images/e49d2212-3565-517d-85ab-20d71f8400d1.jpg
540,06a4923d-8c0f-569a-8ea5-cd330398b1b7,Blackberry Cobbler,food_dataset_v2\recipe_images\540_blackberry_cobbler.jpg,cloudflare_url/recipe_images/06a4923d-8c0f-569a-8ea5-cd330398b1b7.jpg
1417,780bfaa8-cda4-5f90-b801-5d0de127381a,Breaded Veal Escalope,food_dataset_v2\recipe_images\1417_breaded_veal_escalope.jpg,cloudflare_url/recipe_images/780bfaa8-cda4-5f90-b801-5d0de127381a.jpg
2103,c08aa21f-210b-5305-aacb-3c29765ef079,Bresse Chicken in Cream,food_dataset_v2\recipe_images\2103_bresse_chicken_in_cream.jpg,cloudflare_url/recipe_images/c08aa21f-210b-5305-aacb-3c29765ef079.jpg
1833,173ab529-1d04-5e19-9528-34f3e767449f,Breton Butter Cake,food_dataset_v2\recipe_images\1833_breton_butter_cake.jpg,cloudflare_url/recipe_images/173ab529-1d04-5e19-9528-34f3e767449f.jpg
1876,a5434133-5e10-57ed-90e8-f24855789036,Breton Butter Cookie,food_dataset_v2\recipe_images\1876_breton_butter_cookie.jpg,cloudflare_url/recipe_images/a5434133-5e10-57ed-90e8-f24855789036.jpg
1808,bb592e4c-4320-5420-b31f-9979cf5a8f34,Breton Far,food_dataset_v2\recipe_images\1808_breton_far.jpg,cloudflare_url/recipe_images/bb592e4c-4320-5420-b31f-9979cf5a8f34.jpg
1873,0ec00f45-09c5-5ef2-a450-70ba1b40da08,Breton Palet Cookie,food_dataset_v2\recipe_images\1873_breton_palet_cookie.jpg,cloudflare_url/recipe_images/0ec00f45-09c5-5ef2-a450-70ba1b40da08.jpg
1874,525fc2f5-7fa5-55d1-95a5-be4d36ad3b8b,Breton Shortbread,food_dataset_v2\recipe_images\1874_breton_shortbread.jpg,cloudflare_url/recipe_images/525fc2f5-7fa5-55d1-95a5-be4d36ad3b8b.jpg
1453,54c5b810-c0e8-53a4-9836-f9be55f5b8ef,Breton-style Leg of Lamb,food_dataset_v2\recipe_images\1453_breton_style_leg_of_lamb.jpg,cloudflare_url/recipe_images/54c5b810-c0e8-53a4-9836-f9be55f5b8ef.jpg
1578,de9fc64d-4cac-52a1-ac58-8c9b48c2659b,Breton-style Scallops,food_dataset_v2\recipe_images\1578_breton_style_scallops.jpg,cloudflare_url/recipe_images/de9fc64d-4cac-52a1-ac58-8c9b48c2659b.jpg
1864,a980dfff-5c61-59ce-92d2-dd2258fbccdc,Brioche,food_dataset_v2\recipe_images\1864_brioche.jpg,cloudflare_url/recipe_images/a980dfff-5c61-59ce-92d2-dd2258fbccdc.jpg
7347,d80370e7-c5ce-5567-9df3-edeafe07be50,Bourekakia,,
7348,366e69fb-340d-5b6e-9254-64695e6a0a4a,Bourekia,,
7457,bcb24c4d-c7f3-586a-b6cc-60bdc9f73629,Braised Lamb Shanks Greek-style,,
7692,367efdd9-becc-5051-a00c-85eb60b3ba3a,Briam,,
7794,7d0a5f00-3ca8-520e-9004-5d5d8d9bf450,Briami Nistisimo,,
7519,d80811a1-94e7-5ebc-8b69-2e2f0f830d99,Brizola Scharas,,
7828,5bdb19cc-ec7c-526c-a4f1-dd39ec2c0c08,Broad Bean Puree,food_dataset_v2\recipe_images\7828_broad_bean_puree.jpg,cloudflare_url/recipe_images/5bdb19cc-ec7c-526c-a4f1-dd39ec2c0c08.jpg
7808,05ffb1b6-ffd8-5848-bc89-a8894d9a5238,Brousko,,
7298,6c197fc7-e13e-5662-9217-11084a81f7e8,Cabbage Soup Greek-style,food_dataset_v2\recipe_images\7298_cabbage_soup_greek_style.jpg,cloudflare_url/recipe_images/6c197fc7-e13e-5662-9217-11084a81f7e8.jpg
8053,fc14c94c-4a40-59f2-8191-2361d7221b8e,Caper and Lemon Relish,food_dataset_v2\recipe_images\8053_caper_and_lemon_relish.jpg,cloudflare_url/recipe_images/fc14c94c-4a40-59f2-8191-2361d7221b8e.jpg
4149,b54c0c08-7c71-52e4-9ab4-9f00f507d4c0,Butter and Sage Sauce,food_dataset_v2\recipe_images\4149_butter_and_sage_sauce.jpg,cloudflare_url/recipe_images/b54c0c08-7c71-52e4-9ab4-9f00f507d4c0.jpg
4141,7904220c-8696-554a-b138-a00a6382901e,Béchamel Sauce,food_dataset_v2\recipe_images\4141_béchamel_sauce.jpg,cloudflare_url/recipe_images/7904220c-8696-554a-b138-a00a6382901e.jpg
3522,198ca71a-13d2-5808-bc59-0457780a3f42,Cabbage and Bean Soup,food_dataset_v2\recipe_images\3522_cabbage_and_bean_soup.jpg,cloudflare_url/recipe_images/198ca71a-13d2-5808-bc59-0457780a3f42.jpg
3496,a810cbb1-40f7-53f7-8c2f-c1edfda11189,Cacciucco,food_dataset_v2\recipe_images\3496_cacciucco.jpg,cloudflare_url/recipe_images/a810cbb1-40f7-53f7-8c2f-c1edfda11189.jpg
3695,5ba01f8c-523e-5a24-88fd-53bf9fbff3ef,Cacciucco Livornese,food_dataset_v2\recipe_images\3695_cacciucco_livornese.jpg,cloudflare_url/recipe_images/5ba01f8c-523e-5a24-88fd-53bf9fbff3ef.jpg
3251,18bcef6a-5857-523c-a5c0-d2ab87fb9e3c,Cacio E Pepe,food_dataset_v2\recipe_images\3251_cacio_e_pepe.jpg,cloudflare_url/recipe_images/18bcef6a-5857-523c-a5c0-d2ab87fb9e3c.jpg
4169,f1dba342-e919-5796-b293-3818577f28c5,Caffe Corretto,food_dataset_v2\recipe_images\4169_caffe_corretto.jpg,cloudflare_url/recipe_images/f1dba342-e919-5796-b293-3818577f28c5.jpg
4166,df5bbf42-0a52-59a3-b667-cb382db183d8,Caffe Latte,food_dataset_v2\recipe_images\4166_caffe_latte.jpg,cloudflare_url/recipe_images/df5bbf42-0a52-59a3-b667-cb382db183d8.jpg
4293,88051aea-b253-5ce7-a6c6-323ea6064251,Caffe Latte,food_dataset_v2\recipe_images\4293_caffe_latte.jpg,cloudflare_url/recipe_images/88051aea-b253-5ce7-a6c6-323ea6064251.jpg
4292,5721a8c7-abae-5dcc-ab90-455c1d6a9c99,Caffè Corretto,food_dataset_v2\recipe_images\4292_caffè_corretto.jpg,cloudflare_url/recipe_images/5721a8c7-abae-5dcc-ab90-455c1d6a9c99.jpg
8267,365edb28-2445-58ce-93f5-d9ef9410992c,Corn Potage,food_dataset_v2\recipe_images\8267_corn_potage.jpg,cloudflare_url/recipe_images/365edb28-2445-58ce-93f5-d9ef9410992c.jpg
8835,eff59521-52d8-54ac-96a7-759e183923b4,Crab Gratin,food_dataset_v2\recipe_images\8835_crab_gratin.jpg,cloudflare_url/recipe_images/eff59521-52d8-54ac-96a7-759e183923b4.jpg
8294,12b3382a-c3cf-5ac3-a749-77e2623c5f95,Crab Miso Soup,food_dataset_v2\recipe_images\8294_crab_miso_soup.jpg,cloudflare_url/recipe_images/12b3382a-c3cf-5ac3-a749-77e2623c5f95.jpg
8999,8fa083bb-8be2-5711-a6d2-fa7afded7eec,Cream Anmitsu,food_dataset_v2\recipe_images\8999_cream_anmitsu.jpg,cloudflare_url/recipe_images/8fa083bb-8be2-5711-a6d2-fa7afded7eec.jpg
8864,e78c9c5a-42e5-5c15-90b3-f5d23ef45f9f,Cream Pan,food_dataset_v2\recipe_images\8864_cream_pan.jpg,cloudflare_url/recipe_images/e78c9c5a-42e5-5c15-90b3-f5d23ef45f9f.jpg
8819,dd6a40fc-d1d3-514a-8487-6bb40b8e8d91,Cream Stew,food_dataset_v2\recipe_images\8819_cream_stew.jpg,cloudflare_url/recipe_images/dd6a40fc-d1d3-514a-8487-6bb40b8e8d91.jpg
8273,0018c0e7-a0a2-5c5a-a932-aded5f66687b,Cream of Sweet Potato Soup,food_dataset_v2\recipe_images\8273_cream_of_sweet_potato_soup.jpg,cloudflare_url/recipe_images/0018c0e7-a0a2-5c5a-a932-aded5f66687b.jpg
8627,e1ecb26a-951d-575c-a955-6771e484f66d,Curry Nabe,food_dataset_v2\recipe_images\8627_curry_nabe.jpg,cloudflare_url/recipe_images/e1ecb26a-951d-575c-a955-6771e484f66d.jpg
8419,8227be36-ecec-58fb-9d3e-32dd224369b4,Curry Nanban Soba,food_dataset_v2\recipe_images\8419_curry_nanban_soba.jpg,cloudflare_url/recipe_images/8227be36-ecec-58fb-9d3e-32dd224369b4.jpg
8682,e945a578-3929-52c7-9675-e488881fa4cd,Curry Pan,food_dataset_v2\recipe_images\8682_curry_pan.jpg,cloudflare_url/recipe_images/e945a578-3929-52c7-9675-e488881fa4cd.jpg
4974,995fdc19-16aa-51c3-810b-380289f5aece,Cabrito En Sangre,food_dataset_v2\recipe_images\4974_cabrito_en_sangre.jpg,cloudflare_url/recipe_images/995fdc19-16aa-51c3-810b-380289f5aece.jpg
5194,fe85ec4a-dfee-57f1-8fb2-6e56c265ede1,Caesar Salad,food_dataset_v2\recipe_images\5194_caesar_salad.jpg,cloudflare_url/recipe_images/fe85ec4a-dfee-57f1-8fb2-6e56c265ede1.jpg
4921,f77e50db-ff18-5a19-b5a3-ba54688326f2,Café De Olla,food_dataset_v2\recipe_images\4921_café_de_olla.jpg,cloudflare_url/recipe_images/f77e50db-ff18-5a19-b5a3-ba54688326f2.jpg
5006,f3c44315-3f9d-55ea-a5b6-055afeb50f5f,Cajeta,food_dataset_v2\recipe_images\5006_cajeta.jpg,cloudflare_url/recipe_images/f3c44315-3f9d-55ea-a5b6-055afeb50f5f.jpg
4858,7b60e4ef-17e2-5d7d-8bb6-bf5fb9c44721,Calabacitas a La Mexicana,food_dataset_v2\recipe_images\4858_calabacitas_a_la_mexicana.jpg,cloudflare_url/recipe_images/7b60e4ef-17e2-5d7d-8bb6-bf5fb9c44721.jpg
4854,48dee3ef-7ac4-5da1-a97e-c19a53182fa1,Calabacitas with Corn,food_dataset_v2\recipe_images\4854_calabacitas_with_corn.jpg,cloudflare_url/recipe_images/48dee3ef-7ac4-5da1-a97e-c19a53182fa1.jpg
5043,5995dc15-4457-5dc1-ae90-e7c2c8423708,Calabaza En Tacha,food_dataset_v2\recipe_images\5043_calabaza_en_tacha.jpg,cloudflare_url/recipe_images/5995dc15-4457-5dc1-ae90-e7c2c8423708.jpg
4795,c6a0e2fb-3151-509b-b85f-9199b0631dbe,Calamares En Su Tinta,food_dataset_v2\recipe_images\4795_calamares_en_su_tinta.jpg,cloudflare_url/recipe_images/c6a0e2fb-3151-509b-b85f-9199b0631dbe.jpg
5229,a2f95d4e-454b-5951-91d6-b3b5c60fe3c3,Calaveras De Azucar,food_dataset_v2\recipe_images\5229_calaveras_de_azucar.jpg,cloudflare_url/recipe_images/a2f95d4e-454b-5951-91d6-b3b5c60fe3c3.jpg
5071,64451da1-20d5-58ca-981b-6cf61c4add64,Calaveras De Azúcar,food_dataset_v2\recipe_images\5071_calaveras_de_azúcar.jpg,cloudflare_url/recipe_images/64451da1-20d5-58ca-981b-6cf61c4add64.jpg
10141,37419c76-babd-562d-b03e-584de536377a,Bolo De Bolacha,food_dataset_v2\recipe_images\10141_bolo_de_bolacha.jpg,cloudflare_url/recipe_images/37419c76-babd-562d-b03e-584de536377a.jpg
9916,9d9f8380-2201-50c2-abd5-ddb166d7a568,Bolo De Cenoura,food_dataset_v2\recipe_images\9916_bolo_de_cenoura.jpg,cloudflare_url/recipe_images/9d9f8380-2201-50c2-abd5-ddb166d7a568.jpg
9917,1c2d085b-ec46-5c83-af1b-23339fc67901,Bolo De Chocolate,food_dataset_v2\recipe_images\9917_bolo_de_chocolate.jpg,cloudflare_url/recipe_images/1c2d085b-ec46-5c83-af1b-23339fc67901.jpg
10136,7e18e5ef-74ad-58ef-b689-fc2b3fc1c67a,Bolo De Laranja,food_dataset_v2\recipe_images\10136_bolo_de_laranja.jpg,cloudflare_url/recipe_images/7e18e5ef-74ad-58ef-b689-fc2b3fc1c67a.jpg
9915,b7423fef-1c43-5781-9e5c-44e292d25510,Bolo De Mel,food_dataset_v2\recipe_images\9915_bolo_de_mel.jpg,cloudflare_url/recipe_images/b7423fef-1c43-5781-9e5c-44e292d25510.jpg
10175,f5c9ca0b-12eb-539c-9556-0f9ebddf21f4,Bolo Rainha,food_dataset_v2\recipe_images\10175_bolo_rainha.jpg,cloudflare_url/recipe_images/f5c9ca0b-12eb-539c-9556-0f9ebddf21f4.jpg
9914,495b35cc-41f2-5d59-a67d-85dd2dedc2bf,Bolo Rei,food_dataset_v2\recipe_images\9914_bolo_rei.jpg,cloudflare_url/recipe_images/495b35cc-41f2-5d59-a67d-85dd2dedc2bf.jpg
9412,7db28533-d48a-5398-9257-22d5f70d13d1,Braised Beef Brisket,food_dataset_v2\recipe_images\9412_braised_beef_brisket.jpg,cloudflare_url/recipe_images/7db28533-d48a-5398-9257-22d5f70d13d1.jpg
9432,53ec49fe-f400-5bdf-8f1f-946ac9b871ec,Braised Beef in Tomato Sauce,food_dataset_v2\recipe_images\9432_braised_beef_in_tomato_sauce.jpg,cloudflare_url/recipe_images/53ec49fe-f400-5bdf-8f1f-946ac9b871ec.jpg
9445,def40794-77d8-52e4-aa84-2c38bde2669a,Braised Beef with Carrot Puree,food_dataset_v2\recipe_images\9445_braised_beef_with_carrot_puree.jpg,cloudflare_url/recipe_images/def40794-77d8-52e4-aa84-2c38bde2669a.jpg
6090,02777c7c-7920-5fd1-ac20-95e65e3c5e20,Barraquito,,
5834,07f3c1c9-f72f-50e3-a74c-3ddc4f325f90,Bartolillos,,
6044,61316627-1c51-5511-8219-c406c58a700b,Bartolillos Madrilenos,food_dataset_v2\recipe_images\6044_bartolillos_madrilenos.jpg,cloudflare_url/recipe_images/61316627-1c51-5511-8219-c406c58a700b.jpg
5984,a969ec7a-0759-57a1-9a08-cda1657fe28d,Basque Cheesecake,food_dataset_v2\recipe_images\5984_basque_cheesecake.jpg,cloudflare_url/recipe_images/a969ec7a-0759-57a1-9a08-cda1657fe28d.jpg
6190,d9016803-763d-5595-ae80-4573997921d1,Basque Pintxo Competition Spread,food_dataset_v2\recipe_images\6190_basque_pintxo_competition_spread.jpg,cloudflare_url/recipe_images/d9016803-763d-5595-ae80-4573997921d1.jpg
6275,c31857fa-aec3-5e7f-97e7-7425c6abbc1f,Battered Cauliflower,food_dataset_v2\recipe_images\6275_battered_cauliflower.jpg,cloudflare_url/recipe_images/c31857fa-aec3-5e7f-97e7-7425c6abbc1f.jpg
6258,f49890e7-7523-5bd1-814e-7d113733ba11,Berenjenas a La Miel,food_dataset_v2\recipe_images\6258_berenjenas_a_la_miel.jpg,cloudflare_url/recipe_images/f49890e7-7523-5bd1-814e-7d113733ba11.jpg
5337,d56ab268-86b4-5e9c-904b-015c764ea112,Berza Gaditana,food_dataset_v2\recipe_images\5337_berza_gaditana.jpg,cloudflare_url/recipe_images/d56ab268-86b4-5e9c-904b-015c764ea112.jpg
6031,57227a5b-0ca1-5e44-a6af-4d9211970fdc,Berza Gaditana,food_dataset_v2\recipe_images\6031_berza_gaditana.jpg,cloudflare_url/recipe_images/57227a5b-0ca1-5e44-a6af-4d9211970fdc.jpg
5644,28054b9a-496a-5cdf-9c58-9a1b3e92412d,Besugo Al Horno,food_dataset_v2\recipe_images\5644_besugo_al_horno.jpg,cloudflare_url/recipe_images/28054b9a-496a-5cdf-9c58-9a1b3e92412d.jpg
2264,f379a46d-37ed-5caf-9bb7-9857e11df399,Gaeng Som Sour Orange Curry with Shrimp,food_dataset_v2\recipe_images\2264_gaeng_som_sour_orange_curry_with_shrimp.jpg,cloudflare_url/recipe_images/f379a46d-37ed-5caf-9bb7-9857e11df399.jpg
2266,fc60d4bc-3136-5ed6-bff2-752e15b332e3,Gaeng Tai Pla,food_dataset_v2\recipe_images\2266_gaeng_tai_pla.jpg,cloudflare_url/recipe_images/fc60d4bc-3136-5ed6-bff2-752e15b332e3.jpg
3186,722bc60d-64c5-5d39-882d-e1048b92b6b5,Gaeng Tai Pla,food_dataset_v2\recipe_images\3186_gaeng_tai_pla.jpg,cloudflare_url/recipe_images/722bc60d-64c5-5d39-882d-e1048b92b6b5.jpg
2298,fab85bc8-8c15-574c-bc6a-a64944d914b6,Gaeng nor Mai,food_dataset_v2\recipe_images\2298_gaeng_nor_mai.jpg,cloudflare_url/recipe_images/fab85bc8-8c15-574c-bc6a-a64944d914b6.jpg
2762,b7a38344-c647-5c31-8b41-23edc34e5f64,Gai Baan Tod,food_dataset_v2\recipe_images\2762_gai_baan_tod.jpg,cloudflare_url/recipe_images/b7a38344-c647-5c31-8b41-23edc34e5f64.jpg
2641,038d1b0e-ef02-5a3e-b5bf-99e2a2b2ea8d,Gai Baan Yang,food_dataset_v2\recipe_images\2641_gai_baan_yang.jpg,cloudflare_url/recipe_images/038d1b0e-ef02-5a3e-b5bf-99e2a2b2ea8d.jpg
2696,d338b281-a1a7-5411-b019-e586a98f35df,Gai Op Oven-roasted Chicken with Thai Herbs,food_dataset_v2\recipe_images\2696_gai_op_oven_roasted_chicken_with_thai_herbs.jpg,cloudflare_url/recipe_images/d338b281-a1a7-5411-b019-e586a98f35df.jpg
3064,5d07e1b6-b795-5f3f-9269-a33875348f28,Gai Op Sai Khao,food_dataset_v2\recipe_images\3064_gai_op_sai_khao.jpg,cloudflare_url/recipe_images/5d07e1b6-b795-5f3f-9269-a33875348f28.jpg
2352,3cc781fb-d198-53a7-b016-3cbd45d16d2f,Gai Pad Khing,food_dataset_v2\recipe_images\2352_gai_pad_khing.jpg,cloudflare_url/recipe_images/3cc781fb-d198-53a7-b016-3cbd45d16d2f.jpg
3011,adcf53bf-9f6f-5d65-bc23-ca36ca1c2106,Gai Pad Krapao Kai Dao,food_dataset_v2\recipe_images\3011_gai_pad_krapao_kai_dao.jpg,cloudflare_url/recipe_images/adcf53bf-9f6f-5d65-bc23-ca36ca1c2106.jpg
6695,b552df0a-80b8-5345-a12b-d6265719715f,Bazlama with Cheese,food_dataset_v2\recipe_images\6695_bazlama_with_cheese.jpg,cloudflare_url/recipe_images/b552df0a-80b8-5345-a12b-d6265719715f.jpg
6982,7f29b6ff-cc25-590a-b1aa-e1aec7a5e9df,Beetroot Soup,food_dataset_v2\recipe_images\6982_beetroot_soup.jpg,cloudflare_url/recipe_images/7f29b6ff-cc25-590a-b1aa-e1aec7a5e9df.jpg
6474,9f6297e1-6172-57bc-bb89-27fb78d469bb,Beetroot Yogurt Salad,food_dataset_v2\recipe_images\6474_beetroot_yogurt_salad.jpg,cloudflare_url/recipe_images/9f6297e1-6172-57bc-bb89-27fb78d469bb.jpg
6772,ca204558-e126-56b9-a281-6e58f2a9e599,Bergama Style Meatball,food_dataset_v2\recipe_images\6772_bergama_style_meatball.jpg,cloudflare_url/recipe_images/ca204558-e126-56b9-a281-6e58f2a9e599.jpg
6446,b579b416-f4dd-56e9-b87d-620f79e8aa3b,Beyaz Pilav,food_dataset_v2\recipe_images\6446_beyaz_pilav.jpg,cloudflare_url/recipe_images/b579b416-f4dd-56e9-b87d-620f79e8aa3b.jpg
6966,8bbbfdfa-d2bb-550b-bb98-ad7b48ffe536,Beyran Soup,food_dataset_v2\recipe_images\6966_beyran_soup.jpg,cloudflare_url/recipe_images/8bbbfdfa-d2bb-550b-bb98-ad7b48ffe536.jpg
6282,c96c3071-06ba-5fcf-ad60-501160d57cbd,Beyti Kebab Wrapped in Lavash,food_dataset_v2\recipe_images\6282_beyti_kebab_wrapped_in_lavash.jpg,cloudflare_url/recipe_images/c96c3071-06ba-5fcf-ad60-501160d57cbd.jpg
6974,1108ec63-a6b3-5978-9a72-91db09eb94c0,Bezelye Corbasi,,
6489,f6463f32-c7cc-5380-9060-577a331aeccf,Biber Dolmasi,food_dataset_v2\recipe_images\6489_biber_dolmasi.jpg,cloudflare_url/recipe_images/f6463f32-c7cc-5380-9060-577a331aeccf.jpg
7256,e77aecb7-320c-5c92-ad3b-9e24217b66d4,Biber Kizartma,food_dataset_v2\recipe_images\7256_biber_kizartma.jpg,cloudflare_url/recipe_images/e77aecb7-320c-5c92-ad3b-9e24217b66d4.jpg
483,4fde0755-7d82-5f97-bc3c-13c02d63d848,Blackened Cajun Chicken,food_dataset_v2\recipe_images\483_blackened_cajun_chicken.jpg,cloudflare_url/recipe_images/4fde0755-7d82-5f97-bc3c-13c02d63d848.jpg
315,ce3621b7-de5d-5ff8-be38-8c9fd3d976c8,Blackened Catfish,food_dataset_v2\recipe_images\315_blackened_catfish.jpg,cloudflare_url/recipe_images/ce3621b7-de5d-5ff8-be38-8c9fd3d976c8.jpg
479,a881ad57-cceb-56ec-a82b-ce223a081ba4,Blackened Redfish,food_dataset_v2\recipe_images\479_blackened_redfish.jpg,cloudflare_url/recipe_images/a881ad57-cceb-56ec-a82b-ce223a081ba4.jpg
306,34927621-9681-5bf1-a899-b2151d1bce91,Blackened Shrimp,food_dataset_v2\recipe_images\306_blackened_shrimp.jpg,cloudflare_url/recipe_images/34927621-9681-5bf1-a899-b2151d1bce91.jpg
831,9bb67746-07c1-5d1f-9c95-14fd2377d148,Blondie Bars,food_dataset_v2\recipe_images\831_blondie_bars.jpg,cloudflare_url/recipe_images/9bb67746-07c1-5d1f-9c95-14fd2377d148.jpg
921,2b845d65-61a5-5a73-ad68-20409aff8f66,Bloody Mary,food_dataset_v2\recipe_images\921_bloody_mary.jpg,cloudflare_url/recipe_images/2b845d65-61a5-5a73-ad68-20409aff8f66.jpg
17,d56da682-04fb-523b-bba3-34431e279863,Blue Cheese Burger,food_dataset_v2\recipe_images\17_blue_cheese_burger.jpg,cloudflare_url/recipe_images/d56da682-04fb-523b-bba3-34431e279863.jpg
956,fb6cef2e-7d0c-51ab-a475-aefaa29e1654,Blue Cheese Dressing,food_dataset_v2\recipe_images\956_blue_cheese_dressing.jpg,cloudflare_url/recipe_images/fb6cef2e-7d0c-51ab-a475-aefaa29e1654.jpg
872,631407a9-08bf-5936-8156-0b275c99f3b7,Blueberry Crumble,food_dataset_v2\recipe_images\872_blueberry_crumble.jpg,cloudflare_url/recipe_images/631407a9-08bf-5936-8156-0b275c99f3b7.jpg
731,3e4430da-7616-5c45-ba7b-4138d649a319,Blueberry Muffins,food_dataset_v2\recipe_images\731_blueberry_muffins.jpg,cloudflare_url/recipe_images/3e4430da-7616-5c45-ba7b-4138d649a319.jpg
1945,9b17cb03-fa42-5b93-ac46-c17fa25cc526,Brioche French Toast,food_dataset_v2\recipe_images\1945_brioche_french_toast.jpg,cloudflare_url/recipe_images/9b17cb03-fa42-5b93-ac46-c17fa25cc526.jpg
1679,589d4baa-c8a8-52fd-a6fb-1631acd3aed3,Broccoli Puree,food_dataset_v2\recipe_images\1679_broccoli_puree.jpg,cloudflare_url/recipe_images/589d4baa-c8a8-52fd-a6fb-1631acd3aed3.jpg
2000,27921e89-8066-5be2-a340-712805fef037,Brown Butter,food_dataset_v2\recipe_images\2000_brown_butter.jpg,cloudflare_url/recipe_images/27921e89-8066-5be2-a340-712805fef037.jpg
1307,a8919d4a-44f4-5352-992b-f7f7e4278625,Buckwheat Blinis,food_dataset_v2\recipe_images\1307_buckwheat_blinis.jpg,cloudflare_url/recipe_images/a8919d4a-44f4-5352-992b-f7f7e4278625.jpg
1296,ce974ffb-2251-5479-b1ed-5d9a157d9b81,Burgundy Fondue,food_dataset_v2\recipe_images\1296_burgundy_fondue.jpg,cloudflare_url/recipe_images/ce974ffb-2251-5479-b1ed-5d9a157d9b81.jpg
1170,2288237d-8580-5278-9e18-cfbe6d9d8f7f,Burgundy Snails,food_dataset_v2\recipe_images\1170_burgundy_snails.jpg,cloudflare_url/recipe_images/2288237d-8580-5278-9e18-cfbe6d9d8f7f.jpg
1558,63cef61b-8a54-5e08-ae4d-6603e6d6fbed,Butter-grilled Lobster,food_dataset_v2\recipe_images\1558_butter_grilled_lobster.jpg,cloudflare_url/recipe_images/63cef61b-8a54-5e08-ae4d-6603e6d6fbed.jpg
1669,79db928f-6e5c-5186-95c7-e4b075fa0d6b,Buttered Salsify,food_dataset_v2\recipe_images\1669_buttered_salsify.jpg,cloudflare_url/recipe_images/79db928f-6e5c-5186-95c7-e4b075fa0d6b.jpg
1683,834c3e0b-ba87-5b37-9233-5d7346b1a42b,Butternut Squash Puree,food_dataset_v2\recipe_images\1683_butternut_squash_puree.jpg,cloudflare_url/recipe_images/834c3e0b-ba87-5b37-9233-5d7346b1a42b.jpg
1996,823405b2-1f0a-5b77-b670-b2dc3ce2cc18,Béarnaise Sauce,food_dataset_v2\recipe_images\1996_béarnaise_sauce.jpg,cloudflare_url/recipe_images/823405b2-1f0a-5b77-b670-b2dc3ce2cc18.jpg
8146,ae2a12e9-d7da-5f64-b8e0-631e2af12d9a,Cappadocia-style Pastries,food_dataset_v2\recipe_images\8146_cappadocia_style_pastries.jpg,cloudflare_url/recipe_images/ae2a12e9-d7da-5f64-b8e0-631e2af12d9a.jpg
8209,b68561c9-a9bf-5b8d-81e2-3238e3822216,Carnival Bourani,food_dataset_v2\recipe_images\8209_carnival_bourani.jpg,cloudflare_url/recipe_images/b68561c9-a9bf-5b8d-81e2-3238e3822216.jpg
8211,e3f66aa3-54bd-5a3d-8cc7-2bffcd87016c,Carnival Loukaniko Sausages,food_dataset_v2\recipe_images\8211_carnival_loukaniko_sausages.jpg,cloudflare_url/recipe_images/e3f66aa3-54bd-5a3d-8cc7-2bffcd87016c.jpg
8248,8875073f-0cae-524d-a90e-771127e54aad,Carnival Tsiknopempti BBQ,food_dataset_v2\recipe_images\8248_carnival_tsiknopempti_bbq.jpg,cloudflare_url/recipe_images/8875073f-0cae-524d-a90e-771127e54aad.jpg
7297,66edd22c-95fc-5275-884e-a6dc41b6f1d5,Carrot and Cumin Soup,food_dataset_v2\recipe_images\7297_carrot_and_cumin_soup.jpg,cloudflare_url/recipe_images/66edd22c-95fc-5275-884e-a6dc41b6f1d5.jpg
7718,06cc2005-8ce0-5cb7-9fd8-4c94c6515ee5,Cauliflower Bake Greek-style,food_dataset_v2\recipe_images\7718_cauliflower_bake_greek_style.jpg,cloudflare_url/recipe_images/06cc2005-8ce0-5cb7-9fd8-4c94c6515ee5.jpg
7302,f316ce5e-d8be-5631-842c-1e853d5ca28d,Cauliflower Soup Greek-style,food_dataset_v2\recipe_images\7302_cauliflower_soup_greek_style.jpg,cloudflare_url/recipe_images/f316ce5e-d8be-5631-842c-1e853d5ca28d.jpg
7832,05b9f70a-7353-53ff-a659-4fdf29b5edf3,Cauliflower Stifado,food_dataset_v2\recipe_images\7832_cauliflower_stifado.jpg,cloudflare_url/recipe_images/05b9f70a-7353-53ff-a659-4fdf29b5edf3.jpg
7299,dc80a11a-8513-513c-a848-8e8e151d4ee6,Celery Root Soup,food_dataset_v2\recipe_images\7299_celery_root_soup.jpg,cloudflare_url/recipe_images/dc80a11a-8513-513c-a848-8e8e151d4ee6.jpg
7982,1c24ada9-5393-5069-8347-ba1cbba1a82e,Chalvas with Nuts,food_dataset_v2\recipe_images\7982_chalvas_with_nuts.jpg,cloudflare_url/recipe_images/1c24ada9-5393-5069-8347-ba1cbba1a82e.jpg
4167,b4b8e1f0-5d3b-5555-b5c2-c1ab86be5770,Caffè Macchiato,food_dataset_v2\recipe_images\4167_caffè_macchiato.jpg,cloudflare_url/recipe_images/b4b8e1f0-5d3b-5555-b5c2-c1ab86be5770.jpg
4171,539b39f0-49fa-50c7-9863-81d5167980e3,Caffè Shakerato,food_dataset_v2\recipe_images\4171_caffè_shakerato.jpg,cloudflare_url/recipe_images/539b39f0-49fa-50c7-9863-81d5167980e3.jpg
4270,480d8303-2278-52bf-8c0f-8fb22307ca00,Calabrese Pita,food_dataset_v2\recipe_images\4270_calabrese_pita.jpg,cloudflare_url/recipe_images/480d8303-2278-52bf-8c0f-8fb22307ca00.jpg
3983,98562ad8-6023-5bc0-8f25-a7ed27d649bf,Calabrese Pita Sandwich,food_dataset_v2\recipe_images\3983_calabrese_pita_sandwich.jpg,cloudflare_url/recipe_images/98562ad8-6023-5bc0-8f25-a7ed27d649bf.jpg
3377,fb0b9000-d380-533d-be3b-66fd042837b1,Calamarata with Squid,food_dataset_v2\recipe_images\3377_calamarata_with_squid.jpg,cloudflare_url/recipe_images/fb0b9000-d380-533d-be3b-66fd042837b1.jpg
3673,0327652b-1e55-5f27-a1ef-e2f9cca63a22,Calamari Fritti,food_dataset_v2\recipe_images\3673_calamari_fritti.jpg,cloudflare_url/recipe_images/0327652b-1e55-5f27-a1ef-e2f9cca63a22.jpg
3680,46c905e6-77d0-5e04-b60a-a42cabb2eb81,Calamari Ripieni Al Forno,food_dataset_v2\recipe_images\3680_calamari_ripieni_al_forno.jpg,cloudflare_url/recipe_images/46c905e6-77d0-5e04-b60a-a42cabb2eb81.jpg
3598,b7bc4170-be23-5ea4-a93e-04153cf6fc98,Calf's Liver with Sage,food_dataset_v2\recipe_images\3598_calf_s_liver_with_sage.jpg,cloudflare_url/recipe_images/b7bc4170-be23-5ea4-a93e-04153cf6fc98.jpg
3403,03f2fda0-e3fa-5628-be0d-cdbceead7342,Calzone,food_dataset_v2\recipe_images\3403_calzone.jpg,cloudflare_url/recipe_images/03f2fda0-e3fa-5628-be0d-cdbceead7342.jpg
3972,0b4458a7-7aa5-556a-a13c-fbb6bce5e330,Calzone Di Cipolla,food_dataset_v2\recipe_images\3972_calzone_di_cipolla.jpg,cloudflare_url/recipe_images/0b4458a7-7aa5-556a-a13c-fbb6bce5e330.jpg
8472,608e8c97-28da-5247-ac72-ea8b2e9cfa20,Curry Pilaf,food_dataset_v2\recipe_images\8472_curry_pilaf.jpg,cloudflare_url/recipe_images/608e8c97-28da-5247-ac72-ea8b2e9cfa20.jpg
8384,869b6288-eb4e-5b77-8f49-fa35616f0339,Curry Udon,food_dataset_v2\recipe_images\8384_curry_udon.jpg,cloudflare_url/recipe_images/869b6288-eb4e-5b77-8f49-fa35616f0339.jpg
8285,1b988106-9803-5cf3-ac90-0faa0b09e242,Dagojiru,,
8947,995f82f0-1df0-50a7-852a-71507217bd2e,Daifuku,food_dataset_v2\recipe_images\8947_daifuku.jpg,cloudflare_url/recipe_images/995f82f0-1df0-50a7-852a-71507217bd2e.jpg
8975,be0d452e-af1a-5618-9d78-45061c027b65,Daigaku Imo,food_dataset_v2\recipe_images\8975_daigaku_imo.jpg,cloudflare_url/recipe_images/be0d452e-af1a-5618-9d78-45061c027b65.jpg
8300,12604a98-cec5-5e20-899b-9cafe1471193,Daikon Miso Soup,food_dataset_v2\recipe_images\8300_daikon_miso_soup.jpg,cloudflare_url/recipe_images/12604a98-cec5-5e20-899b-9cafe1471193.jpg
8689,34691ed2-b4fa-52f1-9179-4e3563c1dc3e,Daikon Salad,food_dataset_v2\recipe_images\8689_daikon_salad.jpg,cloudflare_url/recipe_images/34691ed2-b4fa-52f1-9179-4e3563c1dc3e.jpg
8912,9e8b99b1-2563-53af-8aca-6191a37dc15f,Dango,food_dataset_v2\recipe_images\8912_dango.jpg,cloudflare_url/recipe_images/9e8b99b1-2563-53af-8aca-6191a37dc15f.jpg
8269,2db39229-8438-5feb-92b0-7b2f7eb1ec60,Dashi Stock,food_dataset_v2\recipe_images\8269_dashi_stock.jpg,cloudflare_url/recipe_images/2db39229-8438-5feb-92b0-7b2f7eb1ec60.jpg
8536,16030e77-0548-5988-9b4c-e93060ffdc47,Dashimaki Tamago,food_dataset_v2\recipe_images\8536_dashimaki_tamago.jpg,cloudflare_url/recipe_images/16030e77-0548-5988-9b4c-e93060ffdc47.jpg
4648,0082e447-9c39-514e-84ef-6759a8dbc48e,Caldillo Duranguense,,
4352,3a7e0bc8-d344-52f4-b7a6-5e8b30a68b4e,Caldo De Birria Tatemada,food_dataset_v2\recipe_images\4352_caldo_de_birria_tatemada.jpg,cloudflare_url/recipe_images/3a7e0bc8-d344-52f4-b7a6-5e8b30a68b4e.jpg
4304,579c4363-0a02-5eea-8891-0a2be976e61c,Caldo De Camaron,food_dataset_v2\recipe_images\4304_caldo_de_camaron.jpg,cloudflare_url/recipe_images/579c4363-0a02-5eea-8891-0a2be976e61c.jpg
4336,a24427b7-cd4c-59ef-b311-832ca6f8445d,Caldo De Gallina,food_dataset_v2\recipe_images\4336_caldo_de_gallina.jpg,cloudflare_url/recipe_images/a24427b7-cd4c-59ef-b311-832ca6f8445d.jpg
4307,89ee654b-f1ee-5707-bd23-a5af931ae74d,Caldo De Mariscos,food_dataset_v2\recipe_images\4307_caldo_de_mariscos.jpg,cloudflare_url/recipe_images/89ee654b-f1ee-5707-bd23-a5af931ae74d.jpg
4302,9ffd0607-223c-565b-aeea-8bacdbb2edd2,Caldo De Pescado,food_dataset_v2\recipe_images\4302_caldo_de_pescado.jpg,cloudflare_url/recipe_images/9ffd0607-223c-565b-aeea-8bacdbb2edd2.jpg
4335,807d15ba-0a6a-557e-8726-5ad4b1f9680a,Caldo De Piedra,food_dataset_v2\recipe_images\4335_caldo_de_piedra.jpg,cloudflare_url/recipe_images/807d15ba-0a6a-557e-8726-5ad4b1f9680a.jpg
4298,8a00102c-8873-5bca-a671-e32bfb849186,Caldo De Pollo,food_dataset_v2\recipe_images\4298_caldo_de_pollo.jpg,cloudflare_url/recipe_images/8a00102c-8873-5bca-a671-e32bfb849186.jpg
4334,9e5d07c6-7123-557e-9933-e5e3f536a79b,Caldo De Quelites,food_dataset_v2\recipe_images\4334_caldo_de_quelites.jpg,cloudflare_url/recipe_images/9e5d07c6-7123-557e-9933-e5e3f536a79b.jpg
4303,2ff2c0c8-07ed-5209-81c3-3d8d441d4a32,Caldo De Res,food_dataset_v2\recipe_images\4303_caldo_de_res.jpg,cloudflare_url/recipe_images/2ff2c0c8-07ed-5209-81c3-3d8d441d4a32.jpg
10182,3de2ca64-eed3-556d-9d7a-a0b681a208e5,Braised Chicken in Tomato Sauce,food_dataset_v2\recipe_images\10182_braised_chicken_in_tomato_sauce.jpg,cloudflare_url/recipe_images/3de2ca64-eed3-556d-9d7a-a0b681a208e5.jpg
10054,81363562-4f07-5bb8-854f-d0fbd9bfb244,Braised Duck with Turnips,food_dataset_v2\recipe_images\10054_braised_duck_with_turnips.jpg,cloudflare_url/recipe_images/81363562-4f07-5bb8-854f-d0fbd9bfb244.jpg
10064,a77606ca-ae9a-50cf-8079-3f0d522fe0e2,Braised Lamb Belly,food_dataset_v2\recipe_images\10064_braised_lamb_belly.jpg,cloudflare_url/recipe_images/a77606ca-ae9a-50cf-8079-3f0d522fe0e2.jpg
9541,2cfaf2f9-a541-5d6c-973a-4f602505b18a,Braised Lamb Neck,food_dataset_v2\recipe_images\9541_braised_lamb_neck.jpg,cloudflare_url/recipe_images/2cfaf2f9-a541-5d6c-973a-4f602505b18a.jpg
10122,7c653f0f-3e4f-5740-88fb-81ef93a68a41,Braised Leek,food_dataset_v2\recipe_images\10122_braised_leek.jpg,cloudflare_url/recipe_images/7c653f0f-3e4f-5740-88fb-81ef93a68a41.jpg
10001,0408dd45-06d9-5e53-90aa-dd57e5d48e89,Braised Octopus with Wine,food_dataset_v2\recipe_images\10001_braised_octopus_with_wine.jpg,cloudflare_url/recipe_images/0408dd45-06d9-5e53-90aa-dd57e5d48e89.jpg
9850,14cf7937-95f3-5eec-80a2-6d959dc88704,Braised Red Cabbage,food_dataset_v2\recipe_images\9850_braised_red_cabbage.jpg,cloudflare_url/recipe_images/14cf7937-95f3-5eec-80a2-6d959dc88704.jpg
9650,0c552455-da0d-595c-9104-f04bbb77712d,Bread Soup Ribatejana,food_dataset_v2\recipe_images\9650_bread_soup_ribatejana.jpg,cloudflare_url/recipe_images/0c552455-da0d-595c-9104-f04bbb77712d.jpg
10188,0b4523bf-f60d-5768-ac48-cf6968057fc4,Bread and Garlic Soup,food_dataset_v2\recipe_images\10188_bread_and_garlic_soup.jpg,cloudflare_url/recipe_images/0b4523bf-f60d-5768-ac48-cf6968057fc4.jpg
9470,4d5ef9b7-d68a-5a1c-ac01-fbd81316ba99,Breaded Chicken Escalopes,food_dataset_v2\recipe_images\9470_breaded_chicken_escalopes.jpg,cloudflare_url/recipe_images/4d5ef9b7-d68a-5a1c-ac01-fbd81316ba99.jpg
6131,ff0b7d7c-7ac1-5524-9a4f-7f2356076acb,Besugo De Nochebuena,food_dataset_v2\recipe_images\6131_besugo_de_nochebuena.jpg,cloudflare_url/recipe_images/ff0b7d7c-7ac1-5524-9a4f-7f2356076acb.jpg
6048,a1b1faa2-f336-5c7c-b3f4-dff36357b446,Besugo a La Madrilena,food_dataset_v2\recipe_images\6048_besugo_a_la_madrilena.jpg,cloudflare_url/recipe_images/a1b1faa2-f336-5c7c-b3f4-dff36357b446.jpg
5877,86d581db-3bfb-5711-a4c8-166c0b860921,Bienmesabe,food_dataset_v2\recipe_images\5877_bienmesabe.jpg,cloudflare_url/recipe_images/86d581db-3bfb-5711-a4c8-166c0b860921.jpg
6085,0371b2e3-172d-5575-bf68-b372c90a7127,Bienmesabe Canario,food_dataset_v2\recipe_images\6085_bienmesabe_canario.jpg,cloudflare_url/recipe_images/0371b2e3-172d-5575-bf68-b372c90a7127.jpg
5957,138a41dd-13ba-5ff5-85ff-530aa49ca0b9,Bizcochada,food_dataset_v2\recipe_images\5957_bizcochada.jpg,cloudflare_url/recipe_images/138a41dd-13ba-5ff5-85ff-530aa49ca0b9.jpg
5368,3a0b8393-8845-57c9-b5e2-cbe95aec3923,Blood Sausage Croquettes,food_dataset_v2\recipe_images\5368_blood_sausage_croquettes.jpg,cloudflare_url/recipe_images/3a0b8393-8845-57c9-b5e2-cbe95aec3923.jpg
6042,cef79cdf-3444-5273-b036-47fe39d54627,Bocadillo De Calamares,food_dataset_v2\recipe_images\6042_bocadillo_de_calamares.jpg,cloudflare_url/recipe_images/cef79cdf-3444-5273-b036-47fe39d54627.jpg
6228,922ac919-bbad-5a09-b0c1-e8860db97106,Bodega Sherry and Tapas Pairing,food_dataset_v2\recipe_images\6228_bodega_sherry_and_tapas_pairing.jpg,cloudflare_url/recipe_images/922ac919-bbad-5a09-b0c1-e8860db97106.jpg
5672,a15b6417-1b0b-54ae-a474-e13443bcd9d0,Bogavante a La Brasa,food_dataset_v2\recipe_images\5672_bogavante_a_la_brasa.jpg,cloudflare_url/recipe_images/a15b6417-1b0b-54ae-a474-e13443bcd9d0.jpg
6105,f81d762b-e319-54d1-9e66-efdca15d8694,Bonito Cantabria Lunchbox,food_dataset_v2\recipe_images\6105_bonito_cantabria_lunchbox.jpg,cloudflare_url/recipe_images/f81d762b-e319-54d1-9e66-efdca15d8694.jpg
2350,274870ba-7d6c-5af2-91d2-2126d83e7326,Gai Pad Med Mamuang,food_dataset_v2\recipe_images\2350_gai_pad_med_mamuang.jpg,cloudflare_url/recipe_images/274870ba-7d6c-5af2-91d2-2126d83e7326.jpg
2353,d3f7e7a0-e625-5a7b-946e-4f2ba265e863,Gai Pad Pong Kari,food_dataset_v2\recipe_images\2353_gai_pad_pong_kari.jpg,cloudflare_url/recipe_images/d3f7e7a0-e625-5a7b-946e-4f2ba265e863.jpg
2351,aca58fc0-2b3d-5dca-a78b-7e2503087c20,Gai Pad Prik,food_dataset_v2\recipe_images\2351_gai_pad_prik.jpg,cloudflare_url/recipe_images/aca58fc0-2b3d-5dca-a78b-7e2503087c20.jpg
2393,63134453-49b4-508b-9d35-8eaeba14c933,Gai Pad Prik Haeng,food_dataset_v2\recipe_images\2393_gai_pad_prik_haeng.jpg,cloudflare_url/recipe_images/63134453-49b4-508b-9d35-8eaeba14c933.jpg
2354,2ec19737-6c09-5498-bebf-8b966bb9013f,Gai Pad Sataw,food_dataset_v2\recipe_images\2354_gai_pad_sataw.jpg,cloudflare_url/recipe_images/2ec19737-6c09-5498-bebf-8b966bb9013f.jpg
2355,7cc53254-c173-5d21-a937-1303a7ecec87,Gai Pad nor Mai Farang,food_dataset_v2\recipe_images\2355_gai_pad_nor_mai_farang.jpg,cloudflare_url/recipe_images/7cc53254-c173-5d21-a937-1303a7ecec87.jpg
3152,20bf5a8d-080c-551a-bd13-5c27ab920326,Gai Satay,food_dataset_v2\recipe_images\3152_gai_satay.jpg,cloudflare_url/recipe_images/20bf5a8d-080c-551a-bd13-5c27ab920326.jpg
2623,450ff178-324a-53dd-939e-1f09d738e997,Gai Tod,food_dataset_v2\recipe_images\2623_gai_tod.jpg,cloudflare_url/recipe_images/450ff178-324a-53dd-939e-1f09d738e997.jpg
2664,46b34164-c63d-54ed-8f3e-4cccab7caef5,Gai Tod Hat Yai,food_dataset_v2\recipe_images\2664_gai_tod_hat_yai.jpg,cloudflare_url/recipe_images/46b34164-c63d-54ed-8f3e-4cccab7caef5.jpg
2626,93e9b87a-cf69-59b6-8a0c-81843a262155,Gai Tod Kratiam Prik Thai,food_dataset_v2\recipe_images\2626_gai_tod_kratiam_prik_thai.jpg,cloudflare_url/recipe_images/93e9b87a-cf69-59b6-8a0c-81843a262155.jpg
6425,a38b5c43-38d5-5be6-b468-2ae4b4908561,Bicak Arasi,,
7160,7c2d70a2-853f-5747-8fb6-26275d901286,Bici Bici Starch Jelly Dessert,food_dataset_v2\recipe_images\7160_bici_bici_starch_jelly_dessert.jpg,cloudflare_url/recipe_images/7c2d70a2-853f-5747-8fb6-26275d901286.jpg
6717,334f995f-9680-5639-950f-de12136a484e,Bilecik Chard Rolls,food_dataset_v2\recipe_images\6717_bilecik_chard_rolls.jpg,cloudflare_url/recipe_images/334f995f-9680-5639-950f-de12136a484e.jpg
7224,6c5a7823-a741-5c7f-ba81-5463635b8058,Bilecik Eggplant Kebab,food_dataset_v2\recipe_images\7224_bilecik_eggplant_kebab.jpg,cloudflare_url/recipe_images/6c5a7823-a741-5c7f-ba81-5463635b8058.jpg
7211,70864915-8063-5824-9ae2-953b7fd424d6,Bingol Cheese Specialty,food_dataset_v2\recipe_images\7211_bingol_cheese_specialty.jpg,cloudflare_url/recipe_images/70864915-8063-5824-9ae2-953b7fd424d6.jpg
6810,c8fa56d5-1f82-5676-930a-a62d3fed2298,Bingol Cut Noodle Soup,food_dataset_v2\recipe_images\6810_bingol_cut_noodle_soup.jpg,cloudflare_url/recipe_images/c8fa56d5-1f82-5676-930a-a62d3fed2298.jpg
6654,9e9e6339-2674-53aa-b96d-2b065c913081,Biscuit Layer Cake,food_dataset_v2\recipe_images\6654_biscuit_layer_cake.jpg,cloudflare_url/recipe_images/9e9e6339-2674-53aa-b96d-2b065c913081.jpg
6805,6ec6fec2-77a9-573d-81bc-ab807af9607d,Bitlis Bulgur Pilaf,food_dataset_v2\recipe_images\6805_bitlis_bulgur_pilaf.jpg,cloudflare_url/recipe_images/6ec6fec2-77a9-573d-81bc-ab807af9607d.jpg
7210,f4d84547-e0cf-559b-b91e-c2558a163de2,Bitlis Büryan,food_dataset_v2\recipe_images\7210_bitlis_büryan.jpg,cloudflare_url/recipe_images/f4d84547-e0cf-559b-b91e-c2558a163de2.jpg
7070,85ebaafd-f9cf-551b-9aa8-341080985beb,Black Olive Tapenade,food_dataset_v2\recipe_images\7070_black_olive_tapenade.jpg,cloudflare_url/recipe_images/85ebaafd-f9cf-551b-9aa8-341080985beb.jpg
690,50247083-0180-5bbc-8e63-1dc521cbd97f,Blueberry Pancakes,food_dataset_v2\recipe_images\690_blueberry_pancakes.jpg,cloudflare_url/recipe_images/50247083-0180-5bbc-8e63-1dc521cbd97f.jpg
810,855c811e-23e6-5a62-996d-e4d4ab486026,Blueberry Pie,food_dataset_v2\recipe_images\810_blueberry_pie.jpg,cloudflare_url/recipe_images/855c811e-23e6-5a62-996d-e4d4ab486026.jpg
405,8429339b-e5e6-52ba-b04b-ee36219ec498,Bolognese Sauce Slow Cooked,food_dataset_v2\recipe_images\405_bolognese_sauce_slow_cooked.jpg,cloudflare_url/recipe_images/8429339b-e5e6-52ba-b04b-ee36219ec498.jpg
176,acf63f4e-3d43-5b75-902e-be24e7fc37bb,Boneless Chicken Bites,food_dataset_v2\recipe_images\176_boneless_chicken_bites.jpg,cloudflare_url/recipe_images/acf63f4e-3d43-5b75-902e-be24e7fc37bb.jpg
1026,442f806f-9583-5582-b995-8d86f856e14b,Boston Cream Pie,food_dataset_v2\recipe_images\1026_boston_cream_pie.jpg,cloudflare_url/recipe_images/442f806f-9583-5582-b995-8d86f856e14b.jpg
484,2057f6ba-f276-5e26-851f-125ea80eea74,Boudin Balls Fried,food_dataset_v2\recipe_images\484_boudin_balls_fried.jpg,cloudflare_url/recipe_images/2057f6ba-f276-5e26-851f-125ea80eea74.jpg
480,b919f247-4de7-5e8b-ae17-69b628d4fc3b,Boudin Sausage,food_dataset_v2\recipe_images\480_boudin_sausage.jpg,cloudflare_url/recipe_images/b919f247-4de7-5e8b-ae17-69b628d4fc3b.jpg
215,8ed911fb-88d3-5328-a004-3c49b78acb8f,Bourbon Chicken,food_dataset_v2\recipe_images\215_bourbon_chicken.jpg,cloudflare_url/recipe_images/8ed911fb-88d3-5328-a004-3c49b78acb8f.jpg
901,4b5b0521-d165-56a9-a097-29f43d677508,Bourbon Old Fashioned,food_dataset_v2\recipe_images\901_bourbon_old_fashioned.jpg,cloudflare_url/recipe_images/4b5b0521-d165-56a9-a097-29f43d677508.jpg
823,5c9425d3-9420-5113-b05e-3dc81c0cf6ec,Boysenberry Pie,food_dataset_v2\recipe_images\823_boysenberry_pie.jpg,cloudflare_url/recipe_images/5c9425d3-9420-5113-b05e-3dc81c0cf6ec.jpg
1421,be7d70d7-d7fd-592f-b8f3-4dc8f8276979,Calf's Head,food_dataset_v2\recipe_images\1421_calf_s_head.jpg,cloudflare_url/recipe_images/be7d70d7-d7fd-592f-b8f3-4dc8f8276979.jpg
1422,87cf491e-9566-5dea-899c-0f6c085a0f89,Calf's Liver Lyonnaise,food_dataset_v2\recipe_images\1422_calf_s_liver_lyonnaise.jpg,cloudflare_url/recipe_images/87cf491e-9566-5dea-899c-0f6c085a0f89.jpg
2201,a5f67838-9901-502d-bc7d-29f7a4623b5c,Calisson,food_dataset_v2\recipe_images\2201_calisson.jpg,cloudflare_url/recipe_images/a5f67838-9901-502d-bc7d-29f7a4623b5c.jpg
2125,c4ad2fc3-3d49-59c9-9afe-3356997daf33,Calvados Chicken,food_dataset_v2\recipe_images\2125_calvados_chicken.jpg,cloudflare_url/recipe_images/c4ad2fc3-3d49-59c9-9afe-3356997daf33.jpg
2077,3ac9fb0c-609b-5c98-bc65-6f5c7f24984d,Camargue Beef Stew,food_dataset_v2\recipe_images\2077_camargue_beef_stew.jpg,cloudflare_url/recipe_images/3ac9fb0c-609b-5c98-bc65-6f5c7f24984d.jpg
1894,6ffd46c6-e2af-5a94-a8d5-8b6794b1e313,Cambrai Mint Candy,food_dataset_v2\recipe_images\1894_cambrai_mint_candy.jpg,cloudflare_url/recipe_images/6ffd46c6-e2af-5a94-a8d5-8b6794b1e313.jpg
1745,dbe4f081-11b5-516e-9298-bfe6747cca41,Camembert Pie,food_dataset_v2\recipe_images\1745_camembert_pie.jpg,cloudflare_url/recipe_images/dbe4f081-11b5-516e-9298-bfe6747cca41.jpg
1956,f400cb71-0fe6-50b0-ac34-0624e7145f94,Candied Fruit Cake,food_dataset_v2\recipe_images\1956_candied_fruit_cake.jpg,cloudflare_url/recipe_images/f400cb71-0fe6-50b0-ac34-0624e7145f94.jpg
2022,1bef8d5b-b076-549a-b0fe-d50f660838b2,Caramel Sauce,food_dataset_v2\recipe_images\2022_caramel_sauce.jpg,cloudflare_url/recipe_images/1bef8d5b-b076-549a-b0fe-d50f660838b2.jpg
1753,41131aac-6f14-5dbb-b3ce-dc0d72594224,Caramelized Apple Crepes,food_dataset_v2\recipe_images\1753_caramelized_apple_crepes.jpg,cloudflare_url/recipe_images/41131aac-6f14-5dbb-b3ce-dc0d72594224.jpg
7751,4b4591c7-d8ab-599f-95be-4572193d5325,Cheese Bougatsa,food_dataset_v2\recipe_images\7751_cheese_bougatsa.jpg,cloudflare_url/recipe_images/4b4591c7-d8ab-599f-95be-4572193d5325.jpg
7867,1170894d-67a1-5cf0-be1e-5d60fd26412c,Cheese Bread Rolls,food_dataset_v2\recipe_images\7867_cheese_bread_rolls.jpg,cloudflare_url/recipe_images/1170894d-67a1-5cf0-be1e-5d60fd26412c.jpg
7792,137e20ba-155f-5bdf-87c1-7b970d95671f,Cheese Pie with Homemade Phyllo,food_dataset_v2\recipe_images\7792_cheese_pie_with_homemade_phyllo.jpg,cloudflare_url/recipe_images/137e20ba-155f-5bdf-87c1-7b970d95671f.jpg
7740,0c0c60d7-abdf-5607-98c5-82baa8b3a597,Cheese and Egg Casserole,food_dataset_v2\recipe_images\7740_cheese_and_egg_casserole.jpg,cloudflare_url/recipe_images/0c0c60d7-abdf-5607-98c5-82baa8b3a597.jpg
7573,ef20abdb-2d7f-5ec1-a47c-7ab267cb878e,Chicken Fricassee with Lettuce,food_dataset_v2\recipe_images\7573_chicken_fricassee_with_lettuce.jpg,cloudflare_url/recipe_images/ef20abdb-2d7f-5ec1-a47c-7ab267cb878e.jpg
7563,c86d5c01-e339-563a-8f2a-ab3b06b3bb01,Chicken Gyro,food_dataset_v2\recipe_images\7563_chicken_gyro.jpg,cloudflare_url/recipe_images/c86d5c01-e339-563a-8f2a-ab3b06b3bb01.jpg
7576,2b645d81-f829-5d45-9ed1-bc299a376a48,Chicken Kleftiko,food_dataset_v2\recipe_images\7576_chicken_kleftiko.jpg,cloudflare_url/recipe_images/2b645d81-f829-5d45-9ed1-bc299a376a48.jpg
7593,a8df8479-040b-5caf-a5e4-a3117c47c797,Chicken Liver Pilaf,food_dataset_v2\recipe_images\7593_chicken_liver_pilaf.jpg,cloudflare_url/recipe_images/a8df8479-040b-5caf-a5e4-a3117c47c797.jpg
7585,1c1d6a0e-8754-5ac8-826b-c4643d901629,Chicken Moussaka,food_dataset_v2\recipe_images\7585_chicken_moussaka.jpg,cloudflare_url/recipe_images/1c1d6a0e-8754-5ac8-826b-c4643d901629.jpg
7587,18af0e6a-3056-5fcb-b814-4b84f5ed1138,Chicken Pastitsio,food_dataset_v2\recipe_images\7587_chicken_pastitsio.jpg,cloudflare_url/recipe_images/18af0e6a-3056-5fcb-b814-4b84f5ed1138.jpg
3304,382e4282-57dd-55c0-aa50-0738c1593cda,Campanelle with Cream and Ham,food_dataset_v2\recipe_images\3304_campanelle_with_cream_and_ham.jpg,cloudflare_url/recipe_images/382e4282-57dd-55c0-aa50-0738c1593cda.jpg
3292,84b1324d-4b2a-57db-85c0-a3edb12c8627,Canederli,,
3900,d319f9de-d40b-554e-ba59-b237ff20fa67,Cannellini Beans in Tomato Sauce,food_dataset_v2\recipe_images\3900_cannellini_beans_in_tomato_sauce.jpg,cloudflare_url/recipe_images/d319f9de-d40b-554e-ba59-b237ff20fa67.jpg
3309,1575e1da-8b8a-5c04-b060-a607f6d630a9,Cannelloni with Meat Filling,,
3310,9ae7fae4-c163-55e0-a5ec-39e57ff7923a,Cannelloni with Spinach and Ricotta,,
3994,3887a298-f9e2-5c66-aa38-747dda53a873,Cannoli Siciliani,,
4156,5c486c94-2d82-5807-b525-ebb9730900e4,Caper and Olive Sauce,,
3746,a68c0d7f-cb92-50fe-b1ab-4a7cbfe72d89,Caponata,,
3846,f933ce81-4880-5765-96e5-b91213e95f60,Caponata Siciliana,,
3350,ebfef1ef-4c90-551a-9efc-6892bb4eba94,Cappelletti in Broth,,
9239,d3f25df5-d115-5b9a-a424-00f24acfdb4c,Dashimaki Tamago,,
9147,9e1dbf30-68b3-5778-8c5c-fb2c92f02eb2,Datemaki,,
9182,55f4d329-a736-5bdc-8567-38b3f92a69e0,Datemaki,,
8841,298973bc-a8b2-5a3c-8cb6-6ac1e6dd5fdb,Demi-glace Hamburger Set,,
8510,9dac1e02-45ee-51ca-a501-99a336d5274d,Dengaku,,
9041,7a2d48fa-a500-54bc-925c-ae7a45f2d19c,Dengaku Miso,,
9166,6d8d8b6b-6cc8-5006-845a-542e74457a83,Dogo Onsen Dango,,
8920,11c4af32-5075-50fa-9270-c65959d9d615,Dorayaki,,
8461,b0d57287-b9b2-5fdc-8392-4d2db82d7188,Doria,,
8342,fa294fa0-bd57-5bfa-b6a4-678fb2ff258c,Dragon Roll,,
4808,fb759522-658b-5641-9a80-82aa50a736fe,Caldo De Siete Mares,,
4338,da77879f-8550-5ab8-82d9-8ae78010be3c,Caldo Largo De Alvarado,,
4311,ddb5512b-d841-51b5-b7fa-f556e69f8d89,Caldo Michi,,
4305,e699d16d-3113-591d-b051-943e3452154f,Caldo Tlalpeño,,
4308,e92a42b2-630a-5ff4-b3a4-e65ecd34a586,Caldo Xochitl,,
4819,ded3386f-bb5c-5bd4-9dd9-7fc50eb716cc,Camarones Al Mezcal,,
4773,2e1202e8-b0f4-55ee-aaed-ed6f181d6d41,Camarones Al Mojo De Ajo,,
4806,1fa5a10d-cacd-5c9d-846b-b96ec906337e,Camarones Al Tamarindo,,
4810,a6aaa9f5-aa3c-52da-b060-ea20f5f6580d,Camarones Cucarachas,,
4779,f6520757-7962-5637-8f64-ebe19d7e5a52,Camarones Empanizados,,
9351,cc5cf7f0-182b-587c-b3ed-20eff9b48ebb,Breaded Pork Cutlets,,
9938,19c6ded9-2d46-5e5d-97c5-9af7fa90c578,Brigadeiros Portuguese Style,,
9722,63ad0ad7-2dbd-5fed-81f2-202af46180fb,Broa De Milho,,
9759,30d1066e-acda-58a5-ad27-46ee1deb9b12,Broa with Butter and Presunto,,
9608,0e710e6b-c18a-5bf8-95c8-694d41dedc63,Broad Bean Rice,,
9699,a6984165-f4c0-58c3-942e-de08052beb3b,Broad Bean and Bacon Stew,,
10170,09a02146-bb16-5aaf-81b7-079367eca26f,Broad Bean and Mint Salad,,
9671,20f7cd05-3cb1-5adc-aa65-d96eccd331a1,Broad Bean and Mint Soup,,
9853,54f05245-d2f6-5699-a4e0-d106a9c5887c,Broad Beans with Chorizo,,
9919,14a6c703-34d5-5204-9f9a-b9efe80e3b91,Broas De Mel,,
5655,b37c138f-d5ac-5648-ba2e-1d61b0383bba,Bonito Con Tomate,,
5656,a669a898-45b1-5934-99b0-34b8d3e3cf1b,Bonito Del Norte Grilled,,
5375,6d676de6-4395-5471-8336-277963569f40,Boquerones En Vinagre,,
5381,39e441bd-b138-5213-a8be-9082f8001be4,Boquerones Fritos,,
5996,c15a42d4-542b-5707-9c26-1c2c4df56660,Borage with Potato,,
5922,bd8bb8bd-62ee-5004-a18f-2172ab2c7220,Borrachuelos,,
6013,c7157ede-a9bb-5da7-8d07-fadcfe19ad95,Botifarra Amb Mongetes,,
5544,0101f3d0-18ca-5237-b947-b637d59f4d28,Braised Veal Cheeks,,
6242,c19109ea-1f70-52e0-b66f-258c88c66d70,Braised Veal Shank,,
5894,dc688de8-bb42-59cc-b563-81dfdc934339,Brazo De Gitano,,
2620,232c192d-ee59-5de6-b05c-c3a8814eece6,Gai Yang,,
2622,f7ef4667-2572-5786-9881-767ecfe7353f,Gai Yang,,
2969,4aea6354-1c0c-5c9b-8937-492638396aa3,Gai Yang Isan,,
2901,804c7e5c-b925-5415-a7e2-90571a2cb791,Ginger Tea Nam Khing,,
2684,a18087e6-a61b-596f-b0f0-7510d3dc4352,Goong Mae Nam Pao,,
3022,d5bd8e89-2333-5eb4-a098-3bc6413cda0a,Goong Ob Mor Din,,
2673,cf88189e-7cc8-5c75-9687-77db64b5a1fc,Goong Ob Wun Sen,,
2367,2048bf34-779c-5d14-965d-e1a27af8af21,Goong Pad Kratiam,,
2373,d5d4d91a-b18b-5ac9-b1c6-52f0ec1d6ca2,Goong Pad Pong Kari,,
2365,d35331e8-ba76-520a-bfda-7405c21ae63c,Goong Pad Prik Sod,,
6421,909eec29-a19b-5b23-b234-93e6146079d0,Blue Cheese Pastry,,
6866,fb0860f4-d649-5cac-8deb-1b2ce2996be4,Bobrek Sis,,
7223,746d7f4a-d749-527c-9b62-91941fbc9fec,Bodrum Zucchini Flower Stuffed,,
7187,d30817e5-3f28-5adb-bbf7-52aee5896d10,Boiled Egg Breakfast,,
6748,8db88709-e8db-5e25-b575-dd197d2d51bd,Bolu Abant Lake Trout Dish,,
6785,2d79edb3-ea47-5295-9821-393bca238d3a,Bolu Lake Fish Specialty,,
7203,ce040fd8-f01a-523c-8673-034b378c6d33,Bolu Special Pilaf,,
6557,b9412138-c8eb-561d-8c4b-b6fd9f25754d,Borani Spinach Yogurt Meat Stew,,
6688,db92eb26-c2d3-516b-8b3f-2f3ca6fed34a,Borek,,
6426,7eea977f-855d-552a-a230-6c749b744675,Borek Cesitleri,,
1690,1f1faee4-ca4e-550b-8259-21d0c9df4de8,Caramelized Onions,,
1467,0cfce382-d248-5e17-89b4-a4a0d8e51f59,Caramelized Pork Ribs,,
2090,4003ab00-46ca-531d-8951-c6b056ac0bb6,Cardoon Gratin,,
1670,fe542b5b-4faf-59d9-b760-37c5b3b4f6d8,Cardoons with Bone Marrow,,
2196,a0aa26a6-cd9a-5286-b0d8-e0167368db5c,Carnival Doughnuts,,
1905,a501567c-3467-5892-aafe-7ae0ce2cd149,Carnival Fritters,,
1897,55327930-f1d2-5120-97e8-c069dec3529e,Carpentras Berlingot Candy,,
1731,7a76a048-104c-5504-be5e-460813b6c04c,Carrot Flan,,
1642,12997ea2-aa28-5a64-8341-ae36c3b09e7b,Carrot Puree,,
1464,22ba9456-6bfc-5831-8cc4-fc6f1e55ce6d,Cassoulet,,
7763,aef5d30e-23d5-5a26-9c24-f7b5895a668e,Chicken Phyllo Pie,,
7564,b79c6493-9bd7-5097-962d-9acfe27454b6,Chicken Souvlaki,,
7562,e4def5a8-41eb-50e8-9985-cea2b76d87bf,Chicken Souvlaki Pita Wrap,,
7596,b1a53ba7-731f-5676-9997-b7adc261856f,Chicken Souvlaki Platter,,
7568,1ab5d67f-a0ad-5b8c-bca7-859d10b622c4,Chicken Stifado,,
7565,c7c8c6de-9cbf-5427-9cdd-3addbe8f2f9e,Chicken Stuffed with Feta,,
7588,40fcd33d-7d19-523d-9935-5544da0b9fc2,Chicken Thighs with Kalamata Olives,,
7597,55125cd6-8b3e-52af-b331-c67f7491e2a3,Chicken Wrapped in Vine Leaves,,
7598,7f00bdd7-0b15-5d6b-a963-f74f8ea8b4a8,Chicken and Chickpea Stew,,
7592,55347e0c-0c8c-5f77-96ab-66199e6e9216,Chicken and Halloumi Skewers,,
4165,802c50aa-b713-5949-b25d-baa9165a770d,Cappuccino,,
3733,d09a5eb8-94ce-5765-bc0a-252f030fa2fe,Caprese Salad,,
3909,12192178-d09d-5daf-a2d0-1d252bfca158,Caprese Side Salad,,
3768,c4938e8c-f919-5b19-b9e7-1f953d0efc9d,Caprese Skewers,,
3396,54b88868-9fe3-57bf-91ff-9feaee43e786,Capricciosa Pizza,,
4135,4dc2c0c3-46b1-5a48-a395-5b60a077d298,Carbonara Sauce,,
4235,f59ca8a4-0811-558a-9319-6347919c85b6,Carpaccio Di Manzo,,
3523,f41f9b5a-690d-5d31-a749-5a01910e82e4,Carrot and Ginger Soup Italian Style,,
3848,5e2206fc-0363-5621-9d83-24c07047b207,Carrots with Marsala,,
3948,31c73dde-62c0-5431-845c-9ae71a93341f,Carta Di Musica,,
8449,628a3feb-32f1-5a66-965c-1f9ca5c112fb,Dry Curry,,
8457,4ec9fe8d-3f99-57aa-ad05-bc4a7f9bc598,Ebi Chahan,,
8465,5db00fa0-cdb8-52c5-9d2a-d6753c961f4b,Ebi Doria,,
8542,50981440-b9e7-5640-915c-eab582b9021b,Ebi Fry,,
8899,c99dfcd1-887f-5874-be2e-5bfee8e0356f,Ebi Fry Bento,,
8847,31cf9d1c-ee5b-5b9d-9c6e-8ee44b309fe1,Ebi Fry Sandwich,,
8885,045d3d50-230c-5fde-8939-0f8d853b3c84,Ebi Fry Teishoku,,
8822,e4d71993-7ea7-5121-babd-1be9dfeb053a,Ebi Gratin,,
8552,1815a070-84e5-551f-af23-4c6c9d515ad6,Ebi Katsu,,
8313,a41c33fc-1904-52db-8d37-fc6ecbc64576,Ebi Nigiri,,
4781,c71b7c69-4702-5160-b1b9-ba547ec72925,Camarones Rancheros,,
4776,c79dfc12-a476-5c6f-b6ef-7c188912387e,Camarones a La Diabla,,
4862,f870b00f-db1a-5609-bbc5-33d6b64efca9,Camote Al Horno,,
5044,71aa8812-f735-531b-9f9a-86e7de4c020e,Camote Enmielado,,
5030,53f99b02-df4a-5373-be1e-2af51c7d69f5,Camotes Poblanos,,
4800,dbb83c92-3e97-5532-8929-a6d233b3d32b,Campechana De Mariscos,,
5097,52eeffe7-1673-58a9-a2dc-918badbf444a,Campechanas,,
5205,36435254-05a4-57ee-aeed-2b13c23bb365,Campeche Pan De Cazon,,
5272,3575b24c-57b0-5f38-9faf-22f4000dd145,Cantina Botana Spread,,
5002,633306d2-8509-5f2e-9dc9-4e0cd2d99afe,Capirotada,,
9670,6505b8d0-f6bc-5bab-bad7-1619d1ad2140,Broccoli Cream Soup,,
9823,f8f590fe-9ab0-50a9-a4e4-abf79f43fc0f,Broccoli with Olive Oil and Lemon,,
9577,61943f5c-0e88-5394-bf9f-2d6d58b64759,Butelo with Casulas,,
9598,92fe0122-4ca8-5d8d-b658-c9427b6ac54d,Cabbage Rice,,
9806,4be52703-7abc-5ec0-9d22-1370703520b0,Cabbage and Carrot Slaw,,
9700,f8c5e2b1-f3ee-549c-9c69-49cefedf9dd5,Cabbage and Meat Stew,,
9655,999bab77-08a6-5e11-87df-e0a779d1b3a6,Cabbage and Potato Soup,,
9574,183e86db-5da2-5039-a3f2-e94c8fa25957,Cacholeira Sausage Fried,,
9885,f25d8ed8-600f-5025-aa4d-6bdabb79929d,Cachorro Hot Dog Portuguese Style,,
9311,55d61ce4-a445-574d-aa56-7ebccdac8070,Caldeirada,,
5623,3c789d35-446f-5e51-b617-54e42264487d,Breaded Pig Trotters,,
5353,e3098c92-b3e0-59b4-a2e7-eb703d6c6d21,Broad Bean Soup,,
5430,737dcaec-7b14-526a-b0c4-8c49d646b523,Broad Beans with Ham,,
5800,c999e2b6-c700-5d00-9664-26d0f748617d,Broken Eggs with Chistorra and Potatoes,,
5679,fa6e6037-f762-512d-8c69-4ac86d642cc9,Brown Crab,,
6261,eba28d6c-e884-55e1-950d-b6c3e5efd04b,Brussels Sprouts with Ham,,
5582,c762f2c2-c4ff-579a-8cb7-4ee8e4e61040,Butifarra Con Mongetes,,
5570,fabf653d-e12f-58e2-92fa-d42f0b507396,Butifarra a La Brasa,,
5407,e31df34a-0672-5680-9965-65adaa04db91,Buñuelos De Bacalao,,
5892,467fdf40-2b1c-5a0a-bb2e-bcad0bbd940b,Buñuelos De Bacalao Dulce,,
2366,614f426d-b01f-5143-9c5f-41c3c22791ac,Goong Pad Sataw,,
2675,66f6f755-2dea-5b38-8319-79f61c7a5d75,Goong Pad Sauce Makham,,
3008,29dd58f7-dd8e-57a5-a857-bb0b6f77020e,Goong Pao,,
3063,d1d453bd-8198-515d-87c9-6382ffbd2b60,Goong Phao,,
2736,b0d8375c-7d7f-5e1f-9d7b-f3fc249190a9,Goong Sarong,,
2674,2cf226c1-8b9d-5f75-9d4d-abe710a5228d,Goong Tempura,,
2672,773813d6-1e10-5690-8efb-bda8ca65e4ad,Goong Tod Kratiam,,
2671,e605da79-9e9c-58a3-ae52-18337cbb590f,Goong Yang,,
3229,d3d73dc7-fc85-5cdd-8731-896f5b09adf8,Green Curry with Bamboo Shoot,,
2232,a0122cea-8320-52a2-96e3-a9817c84bf21,Green Curry with Beef,,
6529,d9c7cb39-7d84-5d99-b177-3458c4547911,Borek Plate,,
6987,3d19c0f6-3144-5630-82c3-e7c3b1d4fee6,Bosnian Spiral Pastry,,
7107,92977bf7-57b6-55c2-9c6e-f26c3212672e,Boza,,
6693,b74c8e9d-ee3f-5fd9-bb83-1afeb2129601,Breakfast Frankfurters,,
7023,4b852e8a-c958-52da-a766-731ccd8c1c46,Broad Bean Rice Pilaf,,
7057,53290f15-0eb4-57b2-b11b-aa90493d51c1,Broccoli Gratin,,
6962,a9db7efe-135b-56c8-b8dc-f14b9d7c854c,Broccoli Soup,,
7026,49b732fc-f372-5bf9-9c9e-b6abe6d08695,Bukhara-style Pilaf,,
6977,655b6bbb-3824-54bc-a2ab-a5746597195a,Bulgur Soup,,
6434,e1c777f5-1cd5-570e-a8a2-c4d90c0ae542,Bulgur Wheat Pilaf,,
255,b3d642f8-d39f-510a-acd8-6f051961bf2d,Braised Pork Shanks,,
146,d067dcb5-eea3-51f5-8028-ea7d67b4acb0,Braised Short Ribs,,
735,8728402b-4f7d-57ee-8c0d-31e3a15b6c31,Bran Muffin,,
1107,f6d99051-f839-5a6f-b267-8d9213481327,Bran Muffins,,
269,3c1135d6-0cee-50f5-8341-6fc53803871c,Bratwurst with Sauerkraut,,
867,95b18a75-5637-56f1-9a24-410c1a08b81c,Bread Pudding Classic American,,
495,0799ccf7-17e3-579f-b72b-3bff81d15cf2,Bread Pudding New Orleans,,
973,1ce74aa4-1f8b-5f7d-a511-934c98a8f711,Bread and Butter Pickles,,
231,49745627-5830-5ac3-b651-4ad14278ccf4,Breaded Pork Chops,,
29,5872297e-b35d-5ca4-99fe-08b28f267bd2,Breakfast Burger with Hash Brown,,
1875,88b4345e-10ca-58a1-ab6a-0ea93353afdd,Cat's Tongue Cookie,,
1631,2609eafb-5b4f-50b3-9d2d-47fde5274cf8,Cauliflower Gratin,,
1646,6d115c66-2901-5388-8dcb-736a576ea570,Celeriac Purée,,
1182,3245310b-2b07-5ebe-a577-b40b1f61e9b7,Celeriac Remoulade,,
1918,f49a58c8-6d86-59da-bb1d-2a64c217e9b5,Chantilly Cream,,
2034,7c4e39c4-415f-58c0-9036-329bd8e0191f,Charcutiere Sauce,,
2133,a5cef41b-db95-537a-88ca-3b1a7261b968,Charente Butter Cookie,,
1703,fc3986c5-1882-525e-8920-a95f9687c6d2,Chateau Potatoes,,
1738,ffb8a5e0-139c-5e84-9dde-a5ba2b562d2b,Cheese Fondue,,
1210,b6e38188-aa8c-5198-9d45-94d5f18ffcc5,Cheese Matchstick Pastries,,
7578,f363a713-df15-5dce-aa40-56b12e9c6b3c,Chicken and Leek Pie,,
7595,f1d9d683-62ae-5315-8623-f5b9773074c2,Chicken and Mushroom Stew Greek-style,,
7580,47952a6b-86d4-5fc4-8fc7-5cd295b26a8d,Chicken and Orzo One-pot,,
7583,8c74e1e5-c413-59b5-bab0-5d4c90ec4515,Chicken and Potato Lemon Bake,,
7577,d4b04936-e229-5994-9460-e8256160fb7e,Chicken and Rice Pilaf,,
7571,8cb47476-8d3d-5a7e-9f76-9eb900d290d2,Chicken with Artichokes Avgolemono,,
7686,acb4d463-e8af-59aa-82d0-02378ae8f8ed,Chicken with Eggplant and Feta Bake,,
7603,06ac0eb1-fec1-5c7a-833d-83500d4b23e5,Chicken with Fennel and Olives,,
7584,5a62b6bd-da56-5215-b586-bb73e96c1f48,Chicken with Green Beans and Tomato,,
7558,b2f5cc93-56ce-54cb-b0fe-58d8f085bb65,Chicken with Okra,,
4268,b9d8d53c-65a6-5e64-b0c0-eaf2dc2522c1,Carta Di Musica,,
4037,a267850e-7839-50e7-9f1b-9e5197711db1,Cartellate Pugliesi,,
3305,9190df6b-80f4-5c88-a6f9-269abf478187,Casarecce with Swordfish,,
3963,7237a1aa-f183-57c2-8707-3cea9093c63b,Casatiello Napoletano,,
3395,57e8d801-d81c-5a90-8503-dfebd579a9f2,Casoncelli Alla Bergamasca,food_dataset_v2\recipe_images\3395_casoncelli_alla_bergamasca.jpg,cloudflare_url/recipe_images/57e8d801-d81c-5a90-8503-dfebd579a9f2.jpg
4118,24665f3a-1ca3-555c-ad06-a27a5890bd2c,Cassata Al Forno,food_dataset_v2\recipe_images\4118_cassata_al_forno.jpg,cloudflare_url/recipe_images/24665f3a-1ca3-555c-ad06-a27a5890bd2c.jpg
4072,6c493366-6eb8-58ae-81bf-76eb2e0421d7,Cassata Gelata,food_dataset_v2\recipe_images\4072_cassata_gelata.jpg,cloudflare_url/recipe_images/6c493366-6eb8-58ae-81bf-76eb2e0421d7.jpg
3998,289b98de-e3bc-519b-8735-ca0930bbd2d1,Cassata Siciliana,food_dataset_v2\recipe_images\3998_cassata_siciliana.jpg,cloudflare_url/recipe_images/289b98de-e3bc-519b-8735-ca0930bbd2d1.jpg
4116,c7bec255-9d7c-5a44-950d-7b3a99608c3c,Cassatelle Siciliane,food_dataset_v2\recipe_images\4116_cassatelle_siciliane.jpg,cloudflare_url/recipe_images/c7bec255-9d7c-5a44-950d-7b3a99608c3c.jpg
4050,a4cbdaa8-a71c-53fb-9a33-860e61218e8d,Castagnaccio,,
8636,cad93f40-c5cf-55af-958d-bf4b8bf41653,Ebi Tempura,food_dataset_v2\recipe_images\8636_ebi_tempura.jpg,cloudflare_url/recipe_images/cad93f40-c5cf-55af-958d-bf4b8bf41653.jpg
8675,fd239ed6-bc05-5018-8a44-74a18d9c20f7,Ebiten,,
9105,585bddb1-38d1-598a-84e9-5bd403e66c25,Echizen Oroshi Soba,food_dataset_v2\recipe_images\9105_echizen_oroshi_soba.jpg,cloudflare_url/recipe_images/585bddb1-38d1-598a-84e9-5bd403e66c25.jpg
8690,1a73fc9e-499c-5349-a001-cfca7d982bf6,Edamame,food_dataset_v2\recipe_images\8690_edamame.jpg,cloudflare_url/recipe_images/1a73fc9e-499c-5349-a001-cfca7d982bf6.jpg
8306,41031da6-0857-5a93-868d-70caf1e11dc0,Edamame Potage,food_dataset_v2\recipe_images\8306_edamame_potage.jpg,cloudflare_url/recipe_images/41031da6-0857-5a93-868d-70caf1e11dc0.jpg
9091,8abdbd83-1323-5410-9288-e74b46e2d6d8,Edo-mae Sushi,food_dataset_v2\recipe_images\9091_edo_mae_sushi.jpg,cloudflare_url/recipe_images/8abdbd83-1323-5410-9288-e74b46e2d6d8.jpg
8295,af0eb8fd-42fd-5ab3-943a-1e33d75d645c,Egg Tofu Soup,food_dataset_v2\recipe_images\8295_egg_tofu_soup.jpg,cloudflare_url/recipe_images/af0eb8fd-42fd-5ab3-943a-1e33d75d645c.jpg
9192,374b7276-e782-5c0f-8930-0f693173eb1d,Ehomaki,,
8353,38134058-6462-525a-adc0-b973eb5effee,Ehou Maki,food_dataset_v2\recipe_images\8353_ehou_maki.jpg,cloudflare_url/recipe_images/38134058-6462-525a-adc0-b973eb5effee.jpg
8893,1fbe3e77-21dc-5c4f-a576-b4e5b5d70bf7,Ekiben,,
5251,76b9d6d3-e96e-5743-be9d-f0a0bd821122,Capirotada,food_dataset_v2\recipe_images\5251_capirotada.jpg,cloudflare_url/recipe_images/76b9d6d3-e96e-5743-be9d-f0a0bd821122.jpg
5079,43a0990f-6c4d-5000-bfd2-30949b99a07e,Carlota De Limón,food_dataset_v2\recipe_images\5079_carlota_de_limón.jpg,cloudflare_url/recipe_images/43a0990f-6c4d-5000-bfd2-30949b99a07e.jpg
4607,3ce1ed07-ffbc-5fac-a5ee-7583c417af78,Carne Asada,food_dataset_v2\recipe_images\4607_carne_asada.jpg,cloudflare_url/recipe_images/3ce1ed07-ffbc-5fac-a5ee-7583c417af78.jpg
4597,386e7bbb-f1c0-5255-966b-15f45d4ed8e7,Carne Asada Burrito,food_dataset_v2\recipe_images\4597_carne_asada_burrito.jpg,cloudflare_url/recipe_images/386e7bbb-f1c0-5255-966b-15f45d4ed8e7.jpg
4632,71cfeac3-29cb-5d73-9d86-3b667c592f82,Carne Asada Tampiqueña,food_dataset_v2\recipe_images\4632_carne_asada_tampiqueña.jpg,cloudflare_url/recipe_images/71cfeac3-29cb-5d73-9d86-3b667c592f82.jpg
4614,c8980751-6572-577b-a46f-81eae3631eed,Carne Con Chile,food_dataset_v2\recipe_images\4614_carne_con_chile.jpg,cloudflare_url/recipe_images/c8980751-6572-577b-a46f-81eae3631eed.jpg
4638,b7bfe722-b562-5662-9054-6639a9af994c,Carne Con Nopales,food_dataset_v2\recipe_images\4638_carne_con_nopales.jpg,cloudflare_url/recipe_images/b7bfe722-b562-5662-9054-6639a9af994c.jpg
4613,c2dbbd0f-d065-5242-979d-535c74b6f8fd,Carne Con Papas,food_dataset_v2\recipe_images\4613_carne_con_papas.jpg,cloudflare_url/recipe_images/c2dbbd0f-d065-5242-979d-535c74b6f8fd.jpg
4639,58d24134-8950-55a7-972e-98fe4a3bb92a,Carne Con Rajas,food_dataset_v2\recipe_images\4639_carne_con_rajas.jpg,cloudflare_url/recipe_images/58d24134-8950-55a7-972e-98fe4a3bb92a.jpg
4610,26a4cba2-689f-51d5-a50b-2a655634cb2e,Carne Deshebrada,food_dataset_v2\recipe_images\4610_carne_deshebrada.jpg,cloudflare_url/recipe_images/26a4cba2-689f-51d5-a50b-2a655634cb2e.jpg
9695,d3eea4be-77ed-5804-91ad-af111468dbd8,Caldeirada De Peixe,food_dataset_v2\recipe_images\9695_caldeirada_de_peixe.jpg,cloudflare_url/recipe_images/d3eea4be-77ed-5804-91ad-af111468dbd8.jpg
9668,ba471212-df41-57a2-b6c1-9e3e479be009,Caldo De Peixe,food_dataset_v2\recipe_images\9668_caldo_de_peixe.jpg,cloudflare_url/recipe_images/ba471212-df41-57a2-b6c1-9e3e479be009.jpg
10161,9c8085b7-f162-532a-96c6-9cf0a71cda1e,Caldo Verde,food_dataset_v2\recipe_images\10161_caldo_verde.jpg,cloudflare_url/recipe_images/9c8085b7-f162-532a-96c6-9cf0a71cda1e.jpg
9897,864a7cc9-5907-5329-b633-266e2ea1e2e7,Caracóis,food_dataset_v2\recipe_images\9897_caracóis.jpg,cloudflare_url/recipe_images/864a7cc9-5907-5329-b633-266e2ea1e2e7.jpg
9962,04925fc7-852b-5ef6-a27c-bb79ee9f2135,Caramel Flan with Coffee,food_dataset_v2\recipe_images\9962_caramel_flan_with_coffee.jpg,cloudflare_url/recipe_images/04925fc7-852b-5ef6-a27c-bb79ee9f2135.jpg
9977,4219f151-61f2-53c3-91d1-017b7643af7b,Caramelized Orange Slices,food_dataset_v2\recipe_images\9977_caramelized_orange_slices.jpg,cloudflare_url/recipe_images/4219f151-61f2-53c3-91d1-017b7643af7b.jpg
10153,a2989503-b96c-5267-b321-91881b171142,Carob Cake Algarve,food_dataset_v2\recipe_images\10153_carob_cake_algarve.jpg,cloudflare_url/recipe_images/a2989503-b96c-5267-b321-91881b171142.jpg
9852,a9a1de4d-0454-536e-aa4f-11a1775c7f11,Carrot Fritters,food_dataset_v2\recipe_images\9852_carrot_fritters.jpg,cloudflare_url/recipe_images/a9a1de4d-0454-536e-aa4f-11a1775c7f11.jpg
9601,765fba07-7a9b-5849-8071-592a921e2b2e,Carrot Rice,food_dataset_v2\recipe_images\9601_carrot_rice.jpg,cloudflare_url/recipe_images/765fba07-7a9b-5849-8071-592a921e2b2e.jpg
9795,6ca5fd1c-9a5e-5d94-9613-78773933b73d,Carrot and Coriander Salad,food_dataset_v2\recipe_images\9795_carrot_and_coriander_salad.jpg,cloudflare_url/recipe_images/6ca5fd1c-9a5e-5d94-9613-78773933b73d.jpg
5827,0936c321-6379-5f74-a8e3-ac9659603f66,Buñuelos De Calabaza,food_dataset_v2\recipe_images\5827_buñuelos_de_calabaza.jpg,cloudflare_url/recipe_images/0936c321-6379-5f74-a8e3-ac9659603f66.jpg
5860,b7234a05-3cf6-5944-9dc8-2383f3772e88,Buñuelos De San Jose,food_dataset_v2\recipe_images\5860_buñuelos_de_san_jose.jpg,cloudflare_url/recipe_images/b7234a05-3cf6-5944-9dc8-2383f3772e88.jpg
6139,b2dccb90-dc0a-54fe-be65-0b003c3d87b9,Buñuelos De Semana Santa,food_dataset_v2\recipe_images\6139_buñuelos_de_semana_santa.jpg,cloudflare_url/recipe_images/b2dccb90-dc0a-54fe-be65-0b003c3d87b9.jpg
6148,b6b4e60f-b713-5ace-9c08-fa36ae10aae5,Buñuelos De Todos Los Santos,food_dataset_v2\recipe_images\6148_buñuelos_de_todos_los_santos.jpg,cloudflare_url/recipe_images/b6b4e60f-b713-5ace-9c08-fa36ae10aae5.jpg
5529,e49a453d-b46d-56a0-bf4c-3b30a649a889,Cabrito Al Ajillo,food_dataset_v2\recipe_images\5529_cabrito_al_ajillo.jpg,cloudflare_url/recipe_images/e49a453d-b46d-56a0-bf4c-3b30a649a889.jpg
5528,56c3a67e-4354-5fab-8120-4fd2f41f5501,Cabrito Asado,food_dataset_v2\recipe_images\5528_cabrito_asado.jpg,cloudflare_url/recipe_images/56c3a67e-4354-5fab-8120-4fd2f41f5501.jpg
5558,f8d6ca0e-3b8c-55fb-8a52-927a15c09051,Cachopo Asturiano,food_dataset_v2\recipe_images\5558_cachopo_asturiano.jpg,cloudflare_url/recipe_images/f8d6ca0e-3b8c-55fb-8a52-927a15c09051.jpg
5960,01ce55d6-ce33-5cb0-8e73-230795b44502,Cachopo Asturiano,food_dataset_v2\recipe_images\5960_cachopo_asturiano.jpg,cloudflare_url/recipe_images/01ce55d6-ce33-5cb0-8e73-230795b44502.jpg
5729,486ac11b-4c00-58fb-aa13-b7cca8865cd4,Calabacines Rellenos,food_dataset_v2\recipe_images\5729_calabacines_rellenos.jpg,cloudflare_url/recipe_images/486ac11b-4c00-58fb-aa13-b7cca8865cd4.jpg
5376,a9887e93-5faa-54d4-ba45-c5f8199a89df,Calamares a La Romana,food_dataset_v2\recipe_images\5376_calamares_a_la_romana.jpg,cloudflare_url/recipe_images/a9887e93-5faa-54d4-ba45-c5f8199a89df.jpg
2239,1631aaf6-0a42-5b32-8934-625aa2b5492c,Green Curry with Chicken,food_dataset_v2\recipe_images\2239_green_curry_with_chicken.jpg,cloudflare_url/recipe_images/1631aaf6-0a42-5b32-8934-625aa2b5492c.jpg
2235,87e1133c-84fb-52fe-8bb3-9f7fe26ef74d,Green Curry with Duck,food_dataset_v2\recipe_images\2235_green_curry_with_duck.jpg,cloudflare_url/recipe_images/87e1133c-84fb-52fe-8bb3-9f7fe26ef74d.jpg
2236,00454711-a253-57ea-8b95-3574eb92af1b,Green Curry with Eggplant,food_dataset_v2\recipe_images\2236_green_curry_with_eggplant.jpg,cloudflare_url/recipe_images/00454711-a253-57ea-8b95-3574eb92af1b.jpg
2234,c202fc19-a044-5db2-91bf-4f315d8dc5ef,Green Curry with Fish Balls,food_dataset_v2\recipe_images\2234_green_curry_with_fish_balls.jpg,cloudflare_url/recipe_images/c202fc19-a044-5db2-91bf-4f315d8dc5ef.jpg
2233,acfeddc8-9bd1-59e9-ac4c-e374e25f3d92,Green Curry with Pork,food_dataset_v2\recipe_images\2233_green_curry_with_pork.jpg,cloudflare_url/recipe_images/acfeddc8-9bd1-59e9-ac4c-e374e25f3d92.jpg
2285,b3e14226-bd92-52dd-9f19-56be9ceef7ab,Green Curry with Shrimp,food_dataset_v2\recipe_images\2285_green_curry_with_shrimp.jpg,cloudflare_url/recipe_images/b3e14226-bd92-52dd-9f19-56be9ceef7ab.jpg
3160,2ff823ae-7c7f-5af8-9cf6-74e629d4c715,Green Curry with Tofu,food_dataset_v2\recipe_images\3160_green_curry_with_tofu.jpg,cloudflare_url/recipe_images/2ff823ae-7c7f-5af8-9cf6-74e629d4c715.jpg
2845,30fac2c7-7475-5a27-90f4-13b287a621c7,Green Pandan Coconut Pudding,food_dataset_v2\recipe_images\2845_green_pandan_coconut_pudding.jpg,cloudflare_url/recipe_images/30fac2c7-7475-5a27-90f4-13b287a621c7.jpg
2972,c42375cb-f2c9-5bbd-8100-d23cb8dbc0a4,Grilled Sai Krok Isan,food_dataset_v2\recipe_images\2972_grilled_sai_krok_isan.jpg,cloudflare_url/recipe_images/c42375cb-f2c9-5bbd-8100-d23cb8dbc0a4.jpg
2912,582d265a-43a2-556b-8e33-a7c6f8d69956,Guava Juice Nam Farang,food_dataset_v2\recipe_images\2912_guava_juice_nam_farang.jpg,cloudflare_url/recipe_images/582d265a-43a2-556b-8e33-a7c6f8d69956.jpg
6719,a0a33e95-3241-5149-bd12-9c84a16ab41d,Burdur Shish Kofta,food_dataset_v2\recipe_images\6719_burdur_shish_kofta.jpg,cloudflare_url/recipe_images/a0a33e95-3241-5149-bd12-9c84a16ab41d.jpg
7120,7e6c84ac-0f3a-56e2-b7fc-ad45e7ac741f,Burma Kadayif,food_dataset_v2\recipe_images\7120_burma_kadayif.jpg,cloudflare_url/recipe_images/7e6c84ac-0f3a-56e2-b7fc-ad45e7ac741f.jpg
6744,e74e4b57-ddd1-5166-914c-f23a6b2fb1d3,Bursa Candied Chestnuts,food_dataset_v2\recipe_images\6744_bursa_candied_chestnuts.jpg,cloudflare_url/recipe_images/e74e4b57-ddd1-5166-914c-f23a6b2fb1d3.jpg
6791,64104aa1-0cf2-5c9f-9cba-a2fa07d3a348,Bursa Milk Halva,food_dataset_v2\recipe_images\6791_bursa_milk_halva.jpg,cloudflare_url/recipe_images/64104aa1-0cf2-5c9f-9cba-a2fa07d3a348.jpg
7232,e47aac77-dc35-536b-ad00-01c892fd4b7d,Bursa Pideli Kofte,food_dataset_v2\recipe_images\7232_bursa_pideli_kofte.jpg,cloudflare_url/recipe_images/e47aac77-dc35-536b-ad00-01c892fd4b7d.jpg
7181,9d795e18-a011-5c71-9a09-5dd8d5b3ccb9,Butter Honey Bread,food_dataset_v2\recipe_images\7181_butter_honey_bread.jpg,cloudflare_url/recipe_images/9d795e18-a011-5c71-9a09-5dd8d5b3ccb9.jpg
7014,08715fe6-fd36-5e28-9b23-6bc5f0755077,Butter Rice Pilaf,food_dataset_v2\recipe_images\7014_butter_rice_pilaf.jpg,cloudflare_url/recipe_images/08715fe6-fd36-5e28-9b23-6bc5f0755077.jpg
7124,343eb0e5-71f7-5342-bf91-1d2a322d358a,Bülbül Yuvası,food_dataset_v2\recipe_images\7124_bülbül_yuvası.jpg,cloudflare_url/recipe_images/343eb0e5-71f7-5342-bf91-1d2a322d358a.jpg
6337,2c15d8e1-9bd9-5ce6-9862-5420b5898564,Bıldırcın Fırın,,
6888,ac85f6e5-0bb7-5a20-a1d8-5bf03fd36955,Bıldırcın Izgara,,
417,49a8cc31-9045-5f29-805f-00b98a140eb5,Breakfast Burrito,food_dataset_v2\recipe_images\417_breakfast_burrito.jpg,cloudflare_url/recipe_images/49a8cc31-9045-5f29-805f-00b98a140eb5.jpg
748,cea76c90-730c-5bc5-901a-9564f88e9e4d,Breakfast Casserole,food_dataset_v2\recipe_images\748_breakfast_casserole.jpg,cloudflare_url/recipe_images/cea76c90-730c-5bc5-901a-9564f88e9e4d.jpg
609,1acbaeb7-1e4c-537d-a93e-20a1ca4d0b63,Breakfast Pizza,food_dataset_v2\recipe_images\609_breakfast_pizza.jpg,cloudflare_url/recipe_images/1acbaeb7-1e4c-537d-a93e-20a1ca4d0b63.jpg
686,81cd9520-01fe-572c-8f9e-05c70aedfea0,Breakfast Sandwich Egg Mcmuffin Style,food_dataset_v2\recipe_images\686_breakfast_sandwich_egg_mcmuffin_style.jpg,cloudflare_url/recipe_images/81cd9520-01fe-572c-8f9e-05c70aedfea0.jpg
268,b7d3f249-c264-5c19-add8-d20c0070f441,Breakfast Sausage Patties,food_dataset_v2\recipe_images\268_breakfast_sausage_patties.jpg,cloudflare_url/recipe_images/b7d3f249-c264-5c19-add8-d20c0070f441.jpg
416,c7deadcc-e0ee-58cc-b899-cf0d89929f2e,Breakfast Tacos,food_dataset_v2\recipe_images\416_breakfast_tacos.jpg,cloudflare_url/recipe_images/c7deadcc-e0ee-58cc-b899-cf0d89929f2e.jpg
400,99d3f7f6-b37f-5ade-aa8a-b9ce8fd82a21,Broccoli Cheddar Pasta Bake,food_dataset_v2\recipe_images\400_broccoli_cheddar_pasta_bake.jpg,cloudflare_url/recipe_images/99d3f7f6-b37f-5ade-aa8a-b9ce8fd82a21.jpg
801,07a246db-6117-5b01-b1c2-56b17861f1f3,Broccoli Cheese Soup,food_dataset_v2\recipe_images\801_broccoli_cheese_soup.jpg,cloudflare_url/recipe_images/07a246db-6117-5b01-b1c2-56b17861f1f3.jpg
292,5c38a2b5-eee1-543b-9090-2bcaea4e1cb7,Broiled Lobster Tail,food_dataset_v2\recipe_images\292_broiled_lobster_tail.jpg,cloudflare_url/recipe_images/5c38a2b5-eee1-543b-9090-2bcaea4e1cb7.jpg
828,ca37364d-0758-5d63-89eb-70bf169c6a09,Brownie Fudge Classic,food_dataset_v2\recipe_images\828_brownie_fudge_classic.jpg,cloudflare_url/recipe_images/ca37364d-0758-5d63-89eb-70bf169c6a09.jpg
1712,027bd8d9-077d-55d2-a04a-4f768ef812fc,Cheese Omelette,food_dataset_v2\recipe_images\1712_cheese_omelette.jpg,cloudflare_url/recipe_images/027bd8d9-077d-55d2-a04a-4f768ef812fc.jpg
1209,0198f2d4-4a59-5f05-be22-fe62eedd0bbb,Cheese Puff Pastry Rolls,food_dataset_v2\recipe_images\1209_cheese_puff_pastry_rolls.jpg,cloudflare_url/recipe_images/0198f2d4-4a59-5f05-be22-fe62eedd0bbb.jpg
1175,17bc989e-91a0-5d86-aa2c-9ef5e640d0d2,Cheese Souffle,food_dataset_v2\recipe_images\1175_cheese_souffle.jpg,cloudflare_url/recipe_images/17bc989e-91a0-5d86-aa2c-9ef5e640d0d2.jpg
1920,79e13cf6-4402-502b-a94b-2c9a6d294ffc,Cherries Jubilee,food_dataset_v2\recipe_images\1920_cherries_jubilee.jpg,cloudflare_url/recipe_images/79e13cf6-4402-502b-a94b-2c9a6d294ffc.jpg
1809,2d5849e4-21d3-5b66-8616-098c1af513d5,Cherry Clafoutis,food_dataset_v2\recipe_images\1809_cherry_clafoutis.jpg,cloudflare_url/recipe_images/2d5849e4-21d3-5b66-8616-098c1af513d5.jpg
1803,11dfc440-4dd3-55c2-bced-2192e649e23d,Cherry Tart,food_dataset_v2\recipe_images\1803_cherry_tart.jpg,cloudflare_url/recipe_images/11dfc440-4dd3-55c2-bced-2192e649e23d.jpg
1944,516c4e70-7e03-5d2b-b82b-a381cd4a0e5d,Chestnut Cream,food_dataset_v2\recipe_images\1944_chestnut_cream.jpg,cloudflare_url/recipe_images/516c4e70-7e03-5d2b-b82b-a381cd4a0e5d.jpg
1647,d292c856-0527-5c7d-9e54-bcae7e40d6bd,Chestnut Puree,food_dataset_v2\recipe_images\1647_chestnut_puree.jpg,cloudflare_url/recipe_images/d292c856-0527-5c7d-9e54-bcae7e40d6bd.jpg
1158,f8f69416-2a35-54ce-b8ff-498e4d5b550c,Chestnut Soup,food_dataset_v2\recipe_images\1158_chestnut_soup.jpg,cloudflare_url/recipe_images/f8f69416-2a35-54ce-b8ff-498e4d5b550c.jpg
1255,28154426-e6e4-50aa-8eaf-0da5f8e84df8,Chicken Aspic,food_dataset_v2\recipe_images\1255_chicken_aspic.jpg,cloudflare_url/recipe_images/28154426-e6e4-50aa-8eaf-0da5f8e84df8.jpg
7579,574ac811-0498-52a5-b5f0-0f95e1b13766,Chicken with Peppers and Onions,food_dataset_v2\recipe_images\7579_chicken_with_peppers_and_onions.jpg,cloudflare_url/recipe_images/574ac811-0498-52a5-b5f0-0f95e1b13766.jpg
7560,bfdb6553-b1d4-5061-9894-0bfb9e6774da,Chicken with Potatoes,food_dataset_v2\recipe_images\7560_chicken_with_potatoes.jpg,cloudflare_url/recipe_images/bfdb6553-b1d4-5061-9894-0bfb9e6774da.jpg
7572,ab28450e-dc57-5365-a97c-183ec6c519a3,Chicken with Spinach and Feta,food_dataset_v2\recipe_images\7572_chicken_with_spinach_and_feta.jpg,cloudflare_url/recipe_images/ab28450e-dc57-5365-a97c-183ec6c519a3.jpg
7575,31765eca-9a2c-5a00-b145-2932c4257b87,Chicken with Sun-dried Tomatoes and Feta,food_dataset_v2\recipe_images\7575_chicken_with_sun_dried_tomatoes_and_feta.jpg,cloudflare_url/recipe_images/31765eca-9a2c-5a00-b145-2932c4257b87.jpg
7590,41980f8e-64a4-5727-b749-30745fd13355,Chicken with Trahana,food_dataset_v2\recipe_images\7590_chicken_with_trahana.jpg,cloudflare_url/recipe_images/41980f8e-64a4-5727-b749-30745fd13355.jpg
7411,d0a0bd92-6a03-5bcf-a30a-db26e636f408,Chickpea Salad Greek-style,food_dataset_v2\recipe_images\7411_chickpea_salad_greek_style.jpg,cloudflare_url/recipe_images/d0a0bd92-6a03-5bcf-a30a-db26e636f408.jpg
7295,8608b9b4-d7e6-5c9f-b8bb-267115d10ccd,Chickpea and Spinach Soup,food_dataset_v2\recipe_images\7295_chickpea_and_spinach_soup.jpg,cloudflare_url/recipe_images/8608b9b4-d7e6-5c9f-b8bb-267115d10ccd.jpg
7725,6eca0502-c654-5d47-ab10-35245dad464d,Chickpea and Vegetable Bake,food_dataset_v2\recipe_images\7725_chickpea_and_vegetable_bake.jpg,cloudflare_url/recipe_images/6eca0502-c654-5d47-ab10-35245dad464d.jpg
8097,a18d7e0b-8236-51dd-bb76-802874d3101a,Chios Mastiha Desserts,food_dataset_v2\recipe_images\8097_chios_mastiha_desserts.jpg,cloudflare_url/recipe_images/a18d7e0b-8236-51dd-bb76-802874d3101a.jpg
7937,02cad7fc-c224-5cc3-adfd-6698a2bf9333,Chocolate Baklava,food_dataset_v2\recipe_images\7937_chocolate_baklava.jpg,cloudflare_url/recipe_images/02cad7fc-c224-5cc3-adfd-6698a2bf9333.jpg
4040,d47c3921-d61e-59ea-b8dd-c556c60b7811,Castagnole,food_dataset_v2\recipe_images\4040_castagnole.jpg,cloudflare_url/recipe_images/d47c3921-d61e-59ea-b8dd-c556c60b7811.jpg
3892,264cea30-e338-5d56-a12b-17f95112d51a,Cauliflower Gratinée,food_dataset_v2\recipe_images\3892_cauliflower_gratinée.jpg,cloudflare_url/recipe_images/264cea30-e338-5d56-a12b-17f95112d51a.jpg
3515,833ac61b-fb31-5672-baaa-4106cae50469,Cauliflower Soup Italian Style,food_dataset_v2\recipe_images\3515_cauliflower_soup_italian_style.jpg,cloudflare_url/recipe_images/833ac61b-fb31-5672-baaa-4106cae50469.jpg
4052,c0adc861-d353-55e2-8064-a1d38612ae96,Cavallucci Senesi,,
3311,87eeb3cb-4a94-5103-a8b5-84c7e7d0202f,Cavatappi with Spicy Sausage,,
3289,416f0b2f-8c49-51c2-8acf-fc5ca3062ccd,Cavatelli with Mussels,,
3979,a4180bfd-98a4-5fe7-9d9e-51f08befcd87,Cecina Toscana,,
4100,764c2bf0-c3c4-509e-b6e1-7bd2988b87e0,Cherry Clafoutis Italian Style,,
4109,749cdf7a-1014-5018-bc3c-3c0127e4445b,Chestnut Flour Crepes,,
4106,87048cb2-c5bc-5e80-a3ff-838878ea9b54,Chestnut Mousse,,
8956,66cd2906-d89e-50db-9d2b-1cb9038b876e,Fruit Jelly,,
8852,928a2bb2-4fbf-5531-a288-966561923835,Fruit Sando,,
8585,28fe24d8-0426-51e8-89f8-f79c054add75,Fu No Nimono,,
8605,9d176903-3829-5638-a6e8-b6b7957b222c,Fugu Chiri,,
9150,0cf613a9-7a3b-5624-bc62-a32635636e3e,Fugu Ryori,,
8735,53e894ff-857c-5221-8448-bd13bf052287,Fugu Sashimi,,
9089,e536fc34-7173-5133-8c85-46ec67541994,Fukagawa Meshi,,
8616,33aa32ce-f2f4-59cb-b7b5-1eec3f716d83,Fuki No Nimono,,
8746,ffe82a83-e662-5650-8790-6091d5286a1a,Fukujinzuke,,
8655,b0c34e28-f860-5c0d-bbd7-8aa302550760,Furai Moriawase,,
4984,3d6519a9-1479-5847-bbd6-16043d935d35,Carne En Su Jugo,,
4330,6f1070a0-eb18-5ead-9107-3728e677be75,Carne En Su Jugo,,
4612,40bea79c-3428-5a59-8b39-388e7e558941,Carne Guisada,,
4644,f2808333-33e0-51bb-a533-8d6624137ae3,Carne Seca,,
4706,a24cc311-c5a1-545b-b55f-7c5ad8940dc3,Carnitas De Buche,,
4654,da862b71-1479-5fc1-bc37-2213ef834787,Carnitas Michoacanas,,
4705,65d9808d-6ef3-5172-8527-21b6db16a359,Carnitas Surtidas,,
5214,237b3c43-32ac-52cc-b22e-fe6606e10f82,Cdmx Basket Tacos,,
5218,a33f3134-a5b5-58ab-918c-5e49aaf859b6,Cdmx Gorditas De Chicharron,,
5219,39abefd4-0ae4-50db-b9b6-657740200c8f,Cdmx Market-style Quesadillas,,
9653,f48f141e-cf90-51d5-a4ce-3dd0f9f6670b,Carrot and Coriander Soup,,
9694,4dffcab8-2abb-5a43-9944-085938b13a4d,Cataplana Mixed Meat,,
10085,0ac074db-4176-53e1-aa22-3a8792d7a684,Cauliflower Soup,,
9923,00c2b9f0-753d-5f62-9107-62f502a87865,Cavacas Sweet Pastry,,
9674,79d8adba-c7e7-5293-aad9-9f75a37a500f,Celeriac Soup,,
9797,21ed73a6-e6f6-5cca-870c-8e2070d66b88,Celery and Apple Salad,,
9662,1b3b5539-3a73-5ba6-b2a4-3c3bd314c1c1,Celery and Apple Soup,,
9753,5cbb24f5-f3a5-5f00-b21d-a194cce9e845,Chamuças,,
10163,11a72087-8ace-59da-9c4f-d8c14a80dae3,Chanfana Goat Stew,,
10125,f223236f-b045-551f-b189-370553076b0e,Cheese Bread Balls,,
5532,ded756a4-6e0c-5d2d-87c2-0da0e2856645,Caldereta De Cabrito,,
5327,4028cd05-4ed2-5182-b074-cc8e29fe241a,Caldereta De Cabrito,,
5525,5a7a4f60-70c2-5228-9f5d-864318966e1f,Caldereta De Cordero,,
5323,7627f16f-f7a4-5341-9a4a-3d7d4221ae6b,Caldereta De Cordero Extremeña,,
5325,66e6db6f-aed6-5d49-8568-b8f2bb89b9ad,Caldereta De Langosta,,
6107,c5329178-ed4c-55ba-9db5-b70a807217a7,Caldereta De Langosta Menorca,,
5331,442cfe06-901e-598a-a0cc-11c4bf468be8,Caldereta Extremeña,,
6038,0cccbc04-8175-50c8-842f-d6aff51a7dd4,Caldereta Extremeña,,
6074,6228b2d1-07d7-5d76-9656-707056fec072,Caldero Murciano,,
5347,eeb078af-7792-53d0-acf8-468507446beb,Caldo De Carne,,
3026,0a23d1bb-95ad-5b7a-8865-4f14a97ea62c,Guay Teow Haeng Moo Daeng,,
3073,d59b4699-2243-5a67-9ff3-58320f9f07b8,Guay Teow Khua Gai,,
2529,96499278-3d10-5f35-9877-f96ac0285912,Guay Teow Kua Gai,,
3139,8bb8fe50-3af5-5621-8e1e-4cd6bf27dc4f,Guay Teow Lord Noodle Blanched Simple Bowl,,
3071,306c9353-d33f-5ece-9e90-79cc999516b9,Guay Teow Pik Gai,food_dataset_v2\recipe_images\3071_guay_teow_pik_gai.jpg,cloudflare_url/recipe_images/306c9353-d33f-5ece-9e90-79cc999516b9.jpg
3197,b7447f0c-85b2-548f-9ff4-3dd52d5f173d,Guay Teow Sen Lek,,
2683,0c285104-e199-56bf-80f5-850cb3d17595,Hoi Kraeng Luak,food_dataset_v2\recipe_images\2683_hoi_kraeng_luak.jpg,cloudflare_url/recipe_images/0c285104-e199-56bf-80f5-850cb3d17595.jpg
2372,4f917c5b-6e32-5b7a-a6aa-1838805c04b3,Hoi Lai Pad Nam Prik Pao,food_dataset_v2\recipe_images\2372_hoi_lai_pad_nam_prik_pao.jpg,cloudflare_url/recipe_images/4f917c5b-6e32-5b7a-a6aa-1838805c04b3.jpg
2371,c4dace9c-a752-51dd-a79e-8d9b7efb594b,Hoi Lai Pad Prik,food_dataset_v2\recipe_images\2371_hoi_lai_pad_prik.jpg,cloudflare_url/recipe_images/c4dace9c-a752-51dd-a79e-8d9b7efb594b.jpg
3072,0e4c8bb0-b8c8-522b-83f4-714c68560da6,Hoi Mang Phu Neung,food_dataset_v2\recipe_images\3072_hoi_mang_phu_neung.jpg,cloudflare_url/recipe_images/0e4c8bb0-b8c8-522b-83f4-714c68560da6.jpg
6403,03804ede-3f2a-5f73-814c-80e56e8b3f06,Bıldırcın çorbası,,
7039,3b1184d1-7da6-510d-be58-44da354b603a,Cacik,,
6815,7a9643f3-91ad-5f53-92a6-3e53470169df,Cag Kebab,food_dataset_v2\recipe_images\6815_cag_kebab.jpg,cloudflare_url/recipe_images/7a9643f3-91ad-5f53-92a6-3e53470169df.jpg
7072,9da5d9b5-6b52-5a95-a8bf-75ca64e2e67b,Cakildak Spiced Nuts Appetizer,food_dataset_v2\recipe_images\7072_cakildak_spiced_nuts_appetizer.jpg,cloudflare_url/recipe_images/9da5d9b5-6b52-5a95-a8bf-75ca64e2e67b.jpg
7206,fb78b917-679b-508c-8ecf-59ffecdb3d28,Canakkale Cheese Halva,food_dataset_v2\recipe_images\7206_canakkale_cheese_halva.jpg,cloudflare_url/recipe_images/fb78b917-679b-508c-8ecf-59ffecdb3d28.jpg
6779,03811848-511b-5758-b8df-b4c07952f682,Cankiri Pastirma,,
6740,4c7af5e9-d5f3-5849-9aae-b5fbc9d45bdb,Cankiri Sweet Ring Pastry,food_dataset_v2\recipe_images\6740_cankiri_sweet_ring_pastry.jpg,cloudflare_url/recipe_images/4c7af5e9-d5f3-5849-9aae-b5fbc9d45bdb.jpg
6445,b20da51e-5d64-5c1c-bda7-c4178c1849d6,Carrot Rice Pilaf,food_dataset_v2\recipe_images\6445_carrot_rice_pilaf.jpg,cloudflare_url/recipe_images/b20da51e-5d64-5c1c-bda7-c4178c1849d6.jpg
7076,fe06d462-23a0-5a25-9aa8-f1d2d1bcba91,Carrot Yogurt Appetizer,food_dataset_v2\recipe_images\7076_carrot_yogurt_appetizer.jpg,cloudflare_url/recipe_images/fe06d462-23a0-5a25-9aa8-f1d2d1bcba91.jpg
7044,1d26798e-e426-586d-911b-14a500d2641b,Carrot Yogurt Salad,food_dataset_v2\recipe_images\7044_carrot_yogurt_salad.jpg,cloudflare_url/recipe_images/1d26798e-e426-586d-911b-14a500d2641b.jpg
858,d2e40b21-90f7-5920-b4f0-31564a47c5cd,Brownie Sundae,food_dataset_v2\recipe_images\858_brownie_sundae.jpg,cloudflare_url/recipe_images/d2e40b21-90f7-5920-b4f0-31564a47c5cd.jpg
890,968494aa-069c-5ca7-b81a-b4ce327d78be,Buckeye Peanut Butter Balls,food_dataset_v2\recipe_images\890_buckeye_peanut_butter_balls.jpg,cloudflare_url/recipe_images/968494aa-069c-5ca7-b81a-b4ce327d78be.jpg
174,65b40a5f-bffa-58af-9bc3-f65cf70e12b6,Buffalo Chicken Dip,food_dataset_v2\recipe_images\174_buffalo_chicken_dip.jpg,cloudflare_url/recipe_images/65b40a5f-bffa-58af-9bc3-f65cf70e12b6.jpg
1028,f819c7bf-cdea-542d-a5ef-694275c21f0d,Buffalo Chicken Mac and Cheese,food_dataset_v2\recipe_images\1028_buffalo_chicken_mac_and_cheese.jpg,cloudflare_url/recipe_images/f819c7bf-cdea-542d-a5ef-694275c21f0d.jpg
606,9a7f08ba-b38a-51fe-974d-cb73f841a6bc,Buffalo Chicken Pizza,food_dataset_v2\recipe_images\606_buffalo_chicken_pizza.jpg,cloudflare_url/recipe_images/9a7f08ba-b38a-51fe-974d-cb73f841a6bc.jpg
169,6081928e-e67a-5340-9a3d-5fe20fb99adf,Buffalo Chicken Wings,food_dataset_v2\recipe_images\169_buffalo_chicken_wings.jpg,cloudflare_url/recipe_images/6081928e-e67a-5340-9a3d-5fe20fb99adf.jpg
683,c8a77fc1-5765-5181-b4ec-ce6c201842e8,Buffalo Chicken Wrap,food_dataset_v2\recipe_images\683_buffalo_chicken_wrap.jpg,cloudflare_url/recipe_images/c8a77fc1-5765-5181-b4ec-ce6c201842e8.jpg
968,af287da2-d144-51db-853b-b9cf03e8cdeb,Buffalo Sauce,food_dataset_v2\recipe_images\968_buffalo_sauce.jpg,cloudflare_url/recipe_images/af287da2-d144-51db-853b-b9cf03e8cdeb.jpg
61,b8b75cc4-bb4d-54ad-b7b0-70a2a2348831,Burnt Ends Kansas City,food_dataset_v2\recipe_images\61_burnt_ends_kansas_city.jpg,cloudflare_url/recipe_images/b8b75cc4-bb4d-54ad-b7b0-70a2a2348831.jpg
462,ff10b491-20a5-5f9d-954a-fcb94a96d278,Burrito Bowl,food_dataset_v2\recipe_images\462_burrito_bowl.jpg,cloudflare_url/recipe_images/ff10b491-20a5-5f9d-954a-fcb94a96d278.jpg
2226,455d0c4d-a478-51f8-81ae-56b597e854f8,Chicken Blanquette,food_dataset_v2\recipe_images\2226_chicken_blanquette.jpg,cloudflare_url/recipe_images/455d0c4d-a478-51f8-81ae-56b597e854f8.jpg
1383,f63ec918-1c9a-523c-a886-ee6e46c5e169,Chicken Casserole with Vegetables,food_dataset_v2\recipe_images\1383_chicken_casserole_with_vegetables.jpg,cloudflare_url/recipe_images/f63ec918-1c9a-523c-a886-ee6e46c5e169.jpg
1328,de375b2f-ff26-5ceb-8a5e-0a50ecd33b93,Chicken Fricassee,food_dataset_v2\recipe_images\1328_chicken_fricassee.jpg,cloudflare_url/recipe_images/de375b2f-ff26-5ceb-8a5e-0a50ecd33b93.jpg
1242,9010cebb-03ef-5000-8017-4c5d32b2a537,Chicken Galantine,food_dataset_v2\recipe_images\1242_chicken_galantine.jpg,cloudflare_url/recipe_images/9010cebb-03ef-5000-8017-4c5d32b2a537.jpg
1370,61b4f92b-dcb2-55eb-b92c-8f49235c15db,Chicken Leg Confit,food_dataset_v2\recipe_images\1370_chicken_leg_confit.jpg,cloudflare_url/recipe_images/61b4f92b-dcb2-55eb-b92c-8f49235c15db.jpg
1183,a65f7733-1f4f-5763-9f5f-f06a2ec1aef0,Chicken Liver Cake,food_dataset_v2\recipe_images\1183_chicken_liver_cake.jpg,cloudflare_url/recipe_images/a65f7733-1f4f-5763-9f5f-f06a2ec1aef0.jpg
1327,538859b8-238f-565c-8f50-438187aa2a2e,Chicken Marengo,food_dataset_v2\recipe_images\1327_chicken_marengo.jpg,cloudflare_url/recipe_images/538859b8-238f-565c-8f50-438187aa2a2e.jpg
1326,670630ed-3691-564f-8619-6a91b340b797,Chicken Supreme,food_dataset_v2\recipe_images\1326_chicken_supreme.jpg,cloudflare_url/recipe_images/670630ed-3691-564f-8619-6a91b340b797.jpg
1388,a15ac0e4-8994-5ac1-812e-64d33f58c5fd,Chicken Supreme with Supreme Sauce,food_dataset_v2\recipe_images\1388_chicken_supreme_with_supreme_sauce.jpg,cloudflare_url/recipe_images/a15ac0e4-8994-5ac1-812e-64d33f58c5fd.jpg
1321,3c490484-f27a-5489-866e-a82cc8b88187,Chicken Vallee D'auge,food_dataset_v2\recipe_images\1321_chicken_vallee_d_auge.jpg,cloudflare_url/recipe_images/3c490484-f27a-5489-866e-a82cc8b88187.jpg
7951,4d49d5dc-e3db-5a86-8dd6-69077633e731,Chocolate Cake Greek-style,food_dataset_v2\recipe_images\7951_chocolate_cake_greek_style.jpg,cloudflare_url/recipe_images/4d49d5dc-e3db-5a86-8dd6-69077633e731.jpg
7976,f7f53a86-9a3b-5575-bc70-82eb3b9933e1,Chocolate Kourambiedes,food_dataset_v2\recipe_images\7976_chocolate_kourambiedes.jpg,cloudflare_url/recipe_images/f7f53a86-9a3b-5575-bc70-82eb3b9933e1.jpg
7985,18bfce3e-3833-5b11-9be6-60379c2e2691,Chocolate Mousse Greek-style,food_dataset_v2\recipe_images\7985_chocolate_mousse_greek_style.jpg,cloudflare_url/recipe_images/18bfce3e-3833-5b11-9be6-60379c2e2691.jpg
8199,3777c6c3-5e12-57d0-8d88-757303b92b41,Christmas Baklava,food_dataset_v2\recipe_images\8199_christmas_baklava.jpg,cloudflare_url/recipe_images/3777c6c3-5e12-57d0-8d88-757303b92b41.jpg
8197,c80536ad-3438-535e-89d7-d23e4d46406e,Christmas Galaktoboureko,food_dataset_v2\recipe_images\8197_christmas_galaktoboureko.jpg,cloudflare_url/recipe_images/c80536ad-3438-535e-89d7-d23e4d46406e.jpg
8195,e1ddeca9-71c6-50e2-9ff3-691bf28de793,Christmas Pork Roast,food_dataset_v2\recipe_images\8195_christmas_pork_roast.jpg,cloudflare_url/recipe_images/e1ddeca9-71c6-50e2-9ff3-691bf28de793.jpg
7851,32db6e42-a78d-50b9-a240-7200807ca92c,Christopsomo,,
7369,b9ce8819-1573-5753-8d92-dcd1335edfef,Chtapodi Krasato,,
7647,bcb8961c-3ea0-5e31-a4c2-5ff8ade7e066,Chtapodi Me Kofto Makaronaki,food_dataset_v2\recipe_images\7647_chtapodi_me_kofto_makaronaki.jpg,cloudflare_url/recipe_images/bcb8961c-3ea0-5e31-a4c2-5ff8ade7e066.jpg
7370,bc793a22-aa76-5931-ae97-645f809ac959,Chtapodi Me Makaronia,food_dataset_v2\recipe_images\7370_chtapodi_me_makaronia.jpg,cloudflare_url/recipe_images/bc793a22-aa76-5931-ae97-645f809ac959.jpg
4036,1986f9c1-74ae-55d2-bb15-44462ed869a8,Chiacchiere,food_dataset_v2\recipe_images\4036_chiacchiere.jpg,cloudflare_url/recipe_images/1986f9c1-74ae-55d2-bb15-44462ed869a8.jpg
3567,e4044423-8d42-59ff-b3ab-156974489c5e,Chicken Cacciatore,food_dataset_v2\recipe_images\3567_chicken_cacciatore.jpg,cloudflare_url/recipe_images/e4044423-8d42-59ff-b3ab-156974489c5e.jpg
3575,70dee14d-39ce-524c-842c-2779f93e6d42,Chicken Milanese,food_dataset_v2\recipe_images\3575_chicken_milanese.jpg,cloudflare_url/recipe_images/70dee14d-39ce-524c-842c-2779f93e6d42.jpg
3568,27c0e399-1f3a-5eb1-821c-1112c4c1ef7e,Chicken Parmigiana,food_dataset_v2\recipe_images\3568_chicken_parmigiana.jpg,cloudflare_url/recipe_images/27c0e399-1f3a-5eb1-821c-1112c4c1ef7e.jpg
3577,12514244-0850-57aa-b224-fb63d5e26a58,Chicken Saltimbocca,food_dataset_v2\recipe_images\3577_chicken_saltimbocca.jpg,cloudflare_url/recipe_images/12514244-0850-57aa-b224-fb63d5e26a58.jpg
3645,a8b986c3-3de9-52be-8efc-b89f9124cf54,Chicken Under a Brick,food_dataset_v2\recipe_images\3645_chicken_under_a_brick.jpg,cloudflare_url/recipe_images/a8b986c3-3de9-52be-8efc-b89f9124cf54.jpg
3576,f95388d9-3e0d-579e-a97e-8b73470e234f,Chicken with Lemon and Herbs,food_dataset_v2\recipe_images\3576_chicken_with_lemon_and_herbs.jpg,cloudflare_url/recipe_images/f95388d9-3e0d-579e-a97e-8b73470e234f.jpg
3585,ec1abd05-8853-55b9-a24f-3da1181aebea,Chicken with Olives and Capers,food_dataset_v2\recipe_images\3585_chicken_with_olives_and_capers.jpg,cloudflare_url/recipe_images/ec1abd05-8853-55b9-a24f-3da1181aebea.jpg
3571,3347a0c3-3dda-5c9c-88df-4860378ef752,Chicken with Peppers,food_dataset_v2\recipe_images\3571_chicken_with_peppers.jpg,cloudflare_url/recipe_images/3347a0c3-3dda-5c9c-88df-4860378ef752.jpg
3812,ecab1b1c-b1f0-598e-a799-c7fa09f47354,Chickpea Fritters,food_dataset_v2\recipe_images\3812_chickpea_fritters.jpg,cloudflare_url/recipe_images/ecab1b1c-b1f0-598e-a799-c7fa09f47354.jpg
9050,66878474-b69a-57be-98ad-1cdd5a58feb7,Furikake,food_dataset_v2\recipe_images\9050_furikake.jpg,cloudflare_url/recipe_images/66878474-b69a-57be-98ad-1cdd5a58feb7.jpg
8469,00dd19c4-1968-5b06-995d-40ebdc5b0cc8,Furikake Gohan,food_dataset_v2\recipe_images\8469_furikake_gohan.jpg,cloudflare_url/recipe_images/00dd19c4-1968-5b06-995d-40ebdc5b0cc8.jpg
8331,5998ce0f-2aba-5f1e-89ab-6f6633ddb4ab,Futomaki,food_dataset_v2\recipe_images\8331_futomaki.jpg,cloudflare_url/recipe_images/5998ce0f-2aba-5f1e-89ab-6f6633ddb4ab.jpg
9222,c111f377-3c81-586e-9492-520aa7e48109,Fuyu No Nabe,food_dataset_v2\recipe_images\9222_fuyu_no_nabe.jpg,cloudflare_url/recipe_images/c111f377-3c81-586e-9492-520aa7e48109.jpg
8794,c7eff2fb-6f3b-5e8e-ac89-25b5e927d8d9,Ganmodoki,,
8591,96e6a7b1-8457-58ad-adae-d9bcae67d2c7,Ganmodoki No Nimono,food_dataset_v2\recipe_images\8591_ganmodoki_no_nimono.jpg,cloudflare_url/recipe_images/96e6a7b1-8457-58ad-adae-d9bcae67d2c7.jpg
8743,0061e293-eb0f-52f9-afa6-8fdfe518da64,Gari,food_dataset_v2\recipe_images\8743_gari.jpg,cloudflare_url/recipe_images/0061e293-eb0f-52f9-afa6-8fdfe518da64.jpg
8459,5b20a627-5d37-5828-95c3-5b556b67099a,Garlic Fried Rice,food_dataset_v2\recipe_images\8459_garlic_fried_rice.jpg,cloudflare_url/recipe_images/5b20a627-5d37-5828-95c3-5b556b67099a.jpg
9072,e70a3a31-eec6-5066-b2b2-78488b2c9202,Genghis Khan,food_dataset_v2\recipe_images\9072_genghis_khan.jpg,cloudflare_url/recipe_images/e70a3a31-eec6-5066-b2b2-78488b2c9202.jpg
8308,4550fb5d-73dd-5b63-aaba-cf92cc936692,Ginger Pork Soup,food_dataset_v2\recipe_images\8308_ginger_pork_soup.jpg,cloudflare_url/recipe_images/4550fb5d-73dd-5b63-aaba-cf92cc936692.jpg
5220,cdabd947-7426-5e62-98e3-b7716166e5ed,Cdmx Pambazos,food_dataset_v2\recipe_images\5220_cdmx_pambazos.jpg,cloudflare_url/recipe_images/cdabd947-7426-5e62-98e3-b7716166e5ed.jpg
5286,4e0f8791-283c-5f1c-acab-18d205377f45,Cdmx Street Food Tour Menu,food_dataset_v2\recipe_images\5286_cdmx_street_food_tour_menu.jpg,cloudflare_url/recipe_images/4e0f8791-283c-5f1c-acab-18d205377f45.jpg
5222,9e318993-6237-5da0-9829-5c51a5a6189d,Cdmx Street-style Esquites,food_dataset_v2\recipe_images\5222_cdmx_street_style_esquites.jpg,cloudflare_url/recipe_images/9e318993-6237-5da0-9829-5c51a5a6189d.jpg
5215,44d7469e-9e4e-54df-afc2-15b4be26eac7,Cdmx Tamal Sandwich,food_dataset_v2\recipe_images\5215_cdmx_tamal_sandwich.jpg,cloudflare_url/recipe_images/44d7469e-9e4e-54df-afc2-15b4be26eac7.jpg
4863,f9a870b4-3e55-53b2-968f-a7bf96687a28,Cebollitas Asadas,food_dataset_v2\recipe_images\4863_cebollitas_asadas.jpg,cloudflare_url/recipe_images/f9a870b4-3e55-53b2-968f-a7bf96687a28.jpg
4609,66806b9a-7ed4-5351-ae89-49e8013155d6,Cecina Enchilada,food_dataset_v2\recipe_images\4609_cecina_enchilada.jpg,cloudflare_url/recipe_images/66806b9a-7ed4-5351-ae89-49e8013155d6.jpg
4988,f23748eb-460b-5f6f-b7fb-b5d8166432ed,Cecina with Guacamole,food_dataset_v2\recipe_images\4988_cecina_with_guacamole.jpg,cloudflare_url/recipe_images/f23748eb-460b-5f6f-b7fb-b5d8166432ed.jpg
4590,6ac0f047-0e1c-500a-b82c-ff1d365a96be,Cemita Poblana,food_dataset_v2\recipe_images\4590_cemita_poblana.jpg,cloudflare_url/recipe_images/6ac0f047-0e1c-500a-b82c-ff1d365a96be.jpg
4709,0f80afe9-0f87-5728-8132-3016966b3215,Cerdo Al Mezcal,food_dataset_v2\recipe_images\4709_cerdo_al_mezcal.jpg,cloudflare_url/recipe_images/0f80afe9-0f87-5728-8132-3016966b3215.jpg
4692,6f2e5284-44ae-5492-a754-9dbd9de07aff,Cerdo Al Pastor,food_dataset_v2\recipe_images\4692_cerdo_al_pastor.jpg,cloudflare_url/recipe_images/6f2e5284-44ae-5492-a754-9dbd9de07aff.jpg
9738,3de41fb0-7c6b-59d8-a2e2-d12a89c83a86,Cheese Bread Roll,food_dataset_v2\recipe_images\9738_cheese_bread_roll.jpg,cloudflare_url/recipe_images/3de41fb0-7c6b-59d8-a2e2-d12a89c83a86.jpg
9749,e4659dfa-3b87-5318-aeb3-11e1fd12ca49,Cheese Croquettes,food_dataset_v2\recipe_images\9749_cheese_croquettes.jpg,cloudflare_url/recipe_images/e4659dfa-3b87-5318-aeb3-11e1fd12ca49.jpg
9867,dd472cb0-6721-57bf-adf6-95b40ef166b7,Cheese Platter Azores Style,food_dataset_v2\recipe_images\9867_cheese_platter_azores_style.jpg,cloudflare_url/recipe_images/dd472cb0-6721-57bf-adf6-95b40ef166b7.jpg
9871,b42157ce-6f03-53dd-9f34-8c693aeb2543,Cheese Stuffed Dates,food_dataset_v2\recipe_images\9871_cheese_stuffed_dates.jpg,cloudflare_url/recipe_images/b42157ce-6f03-53dd-9f34-8c693aeb2543.jpg
9762,3cd5a9a8-b0a8-5d19-a72e-29219bd4617d,Cheese and Bacon Muffins,food_dataset_v2\recipe_images\9762_cheese_and_bacon_muffins.jpg,cloudflare_url/recipe_images/3cd5a9a8-b0a8-5d19-a72e-29219bd4617d.jpg
9866,20ac1844-21c0-5cb4-87ae-22685a934099,Cheese and Chorizo Toast,food_dataset_v2\recipe_images\9866_cheese_and_chorizo_toast.jpg,cloudflare_url/recipe_images/20ac1844-21c0-5cb4-87ae-22685a934099.jpg
9873,e7a91172-25c8-50ed-bbcf-a06dfe4fa49d,Cheese and Fig Jam Bruschetta,food_dataset_v2\recipe_images\9873_cheese_and_fig_jam_bruschetta.jpg,cloudflare_url/recipe_images/e7a91172-25c8-50ed-bbcf-a06dfe4fa49d.jpg
9746,3bf4cd80-2c94-5c06-914d-8fded7f20597,Cheese and Herb Bread,food_dataset_v2\recipe_images\9746_cheese_and_herb_bread.jpg,cloudflare_url/recipe_images/3bf4cd80-2c94-5c06-914d-8fded7f20597.jpg
9875,e77ea0db-e1c8-5840-b00e-3dd1e920f86a,Cheese and Herb Frittata,food_dataset_v2\recipe_images\9875_cheese_and_herb_frittata.jpg,cloudflare_url/recipe_images/e77ea0db-e1c8-5840-b00e-3dd1e920f86a.jpg
9868,9ec7f9ce-389b-53bd-875a-a52aeca28b91,Cheese and Honey Tart,food_dataset_v2\recipe_images\9868_cheese_and_honey_tart.jpg,cloudflare_url/recipe_images/9ec7f9ce-389b-53bd-875a-a52aeca28b91.jpg
5305,be99edcb-6619-56f6-a7f1-31a17abc20a1,Caldo Gallego,food_dataset_v2\recipe_images\5305_caldo_gallego.jpg,cloudflare_url/recipe_images/be99edcb-6619-56f6-a7f1-31a17abc20a1.jpg
5969,c641796d-c3c4-59a3-a74f-ed9dd0993cb0,Caldo Gallego,food_dataset_v2\recipe_images\5969_caldo_gallego.jpg,cloudflare_url/recipe_images/c641796d-c3c4-59a3-a74f-ed9dd0993cb0.jpg
5575,dc2a365d-0263-5e99-abf6-92b669adf7a6,Callos a La Andaluza,food_dataset_v2\recipe_images\5575_callos_a_la_andaluza.jpg,cloudflare_url/recipe_images/dc2a365d-0263-5e99-abf6-92b669adf7a6.jpg
5470,987964f2-95b7-560e-ae77-ebaf76484766,Callos a La Madrilena,food_dataset_v2\recipe_images\5470_callos_a_la_madrilena.jpg,cloudflare_url/recipe_images/987964f2-95b7-560e-ae77-ebaf76484766.jpg
5572,6b7e4a81-2e8d-50f8-b849-c406da5bca46,Callos a La Madrilena,food_dataset_v2\recipe_images\5572_callos_a_la_madrilena.jpg,cloudflare_url/recipe_images/6b7e4a81-2e8d-50f8-b849-c406da5bca46.jpg
6073,75ad3243-a92e-5bb0-bc91-3d85d0ada816,Callos a La Madrilena,food_dataset_v2\recipe_images\6073_callos_a_la_madrilena.jpg,cloudflare_url/recipe_images/75ad3243-a92e-5bb0-bc91-3d85d0ada816.jpg
6143,d3cb4fd4-8ad1-5315-9c20-91686d49ef48,Calçotada,food_dataset_v2\recipe_images\6143_calçotada.jpg,cloudflare_url/recipe_images/d3cb4fd4-8ad1-5315-9c20-91686d49ef48.jpg
6197,3b24df63-840d-58f7-bf3e-dbf70033527e,Calçotada Complete Experience,food_dataset_v2\recipe_images\6197_calçotada_complete_experience.jpg,cloudflare_url/recipe_images/3b24df63-840d-58f7-bf3e-dbf70033527e.jpg
6010,b9a5454a-4997-5953-ad2b-9081cc2899c4,Calçots Con Romesco,food_dataset_v2\recipe_images\6010_calçots_con_romesco.jpg,cloudflare_url/recipe_images/b9a5454a-4997-5953-ad2b-9081cc2899c4.jpg
6198,4a993595-d371-5f7c-8730-1653862c2daa,Canarian Guachinche Feast,food_dataset_v2\recipe_images\6198_canarian_guachinche_feast.jpg,cloudflare_url/recipe_images/4a993595-d371-5f7c-8730-1653862c2daa.jpg
2685,2e2ec06a-ffdb-565d-a438-e312ee196510,Hoi Nang Rom Sod,food_dataset_v2\recipe_images\2685_hoi_nang_rom_sod.jpg,cloudflare_url/recipe_images/2e2ec06a-ffdb-565d-a438-e312ee196510.jpg
2377,402832c7-59d0-523f-82dd-8ab4122367cd,Hoi Shell Pad Cha Mussel Spicy Herb Stir-fry,food_dataset_v2\recipe_images\2377_hoi_shell_pad_cha_mussel_spicy_herb_stir_fry.jpg,cloudflare_url/recipe_images/402832c7-59d0-523f-82dd-8ab4122367cd.jpg
2680,279ec353-021a-5e41-a25b-7a1ab12c810f,Hoi Thod,food_dataset_v2\recipe_images\2680_hoi_thod.jpg,cloudflare_url/recipe_images/279ec353-021a-5e41-a25b-7a1ab12c810f.jpg
2711,0385667c-0672-5f45-8302-45baf4df96a6,Hoi Tod,food_dataset_v2\recipe_images\2711_hoi_tod.jpg,cloudflare_url/recipe_images/0385667c-0672-5f45-8302-45baf4df96a6.jpg
3009,310063e2-4257-53c8-8b98-e55d8a5e8643,Hoi Tod Classic Oyster Omelette,food_dataset_v2\recipe_images\3009_hoi_tod_classic_oyster_omelette.jpg,cloudflare_url/recipe_images/310063e2-4257-53c8-8b98-e55d8a5e8643.jpg
2888,03e18c2b-5c80-55eb-bd6f-a5db624da0b7,I-tim Thod,,
2975,8d34de27-a4ca-5f28-9afb-4f13a5a131f6,Isan Grilled Whole Chicken,,
2612,b625787d-b24b-510e-a760-1b93fb257414,Isan Style Mixed Vegetable Salad,,
3169,525b6a94-0c13-531a-a698-8100553545d2,Jackfruit Seed Boiled Sweet,,
2927,0d2045cd-5408-5241-b359-416af53a4073,Jackfruit Shake,,
7008,aa804c4e-3758-5636-aab4-a1393ad36d55,Catal Fried Fork-shaped Dough,,
7058,c1ca4cea-e56a-5c26-a4b3-847658a9b465,Cauliflower Stew with Meat,,
6560,e5f3df5a-f894-5b07-959c-134e88d4a18f,Cay,,
6689,516c7890-bb65-50ff-b72b-444c1cde164f,Cecil Cheese String Cheese Breakfast,,
6451,c34f859d-49cc-5166-be55-8b67f86831b5,Celery Root with Olive Oil,,
7161,2b6248bd-de89-52cf-8965-5737b4233d77,Cennet Camuru,,
6381,465e188a-0f5f-525e-877b-0845acfd8ad2,Cesm-i Nigar Soup,,
6495,64de55d8-6fb7-504f-9269-5c662ce1d799,Cesni Salad Mixed Appetizer Plate,,
6650,6e13f248-206c-519e-849e-0f4ad5cb784e,Ceviz Ezmesi,,
7138,216c7ec2-a439-556a-b44f-1ab19899dd4b,Ceviz Sucuğu,,
528,ac6fc0da-5d0f-509c-a77b-6a1815d43af1,Butter Beans Southern Style,,
35,5690232c-28f7-5cea-9de7-47bef3c9a585,Butter Burger Wisconsin Style,,
217,9f7888f3-ac41-50d4-8acb-0ea804e5653e,Butter Chicken American Style,,
860,986820ac-bbc7-54da-b75d-c6e8af6a4072,Butter Pecan Ice Cream,,
775,1ba24ca2-0e58-5231-a747-f8bec8e3d1e9,Buttered Corn on the Cob,,
588,36360d2c-a338-556e-b5f1-05cecde38ab0,Buttermilk Biscuits,,
163,690d20c0-39c8-5e0a-b220-1c87d3584b10,Buttermilk Fried Chicken,,
548,322ecfae-d46b-559e-88b8-537d2d784c11,Buttermilk Pie,,
381,ff6977d2-c075-5cc3-a2e3-104c7bc785c3,Cacio E Pepe American Style,,
962,eb713450-83f0-5c8c-a087-267e43b64fa4,Caesar Dressing,,
1214,fd4c03e0-6828-5b79-a964-e7ad612b5d1f,Chicken Vol-au-vent,,
1395,800de595-d064-5da7-ab11-94ec856d2641,Chicken Waterzooi,,
1324,ca09078e-19de-50c8-8174-326226c406a7,Chicken in Cream Sauce,,
1376,6c98d37b-4b56-5600-94a6-9afd11289abf,Chicken in Vinegar Sauce,,
1384,d703375a-51d7-5663-a6a2-cc44e1ef7563,Chicken in White Wine,,
1385,27e28274-f777-54ad-aa1e-3e9125a88dec,Chicken with Artichokes,,
1390,25cb7d73-dd73-5fbe-a3a5-d9c7dd10f8d5,Chicken with Comte Cheese,,
1333,746dbaf0-a38d-56a1-b769-b2e29c110275,Chicken with Crayfish,,
1329,247ecd2b-5151-5852-b184-11dfc4faf764,Chicken with Morel Mushrooms,,
1331,6eac840a-249c-5123-acb6-f410a09af4a1,Chicken with Olives,,
7366,d22fea4f-a1d9-546a-b189-5d6f758ecda8,Chtapodi Scharas,,
7368,8dfb4bb4-5181-5b61-96cb-155e6f1b9cf6,Chtapodi Stifado,,
7646,1247d559-6ba8-55ce-812b-0d33e711d314,Chtapodi Vrasto,,
7997,ff2f0991-3798-5db6-909d-de0ebec6dc77,Cinnamon Loukoumades,,
7983,b766814f-25e4-527d-80cd-b876debc14ae,Cinnamon Sugar Fritters,,
8066,dcb8ab4d-fe6b-59e0-89d3-d05a16c52212,Cinnamon Tomato Sauce,,
7658,d53e93d5-a076-59c3-a938-4fb7b98c995f,Clams with Ouzo and Tomato,,
8204,6050c86e-081d-58d5-bff3-0df4f9865433,Clean Monday Halva,,
8208,0929b651-496b-57f0-b5d1-6a713d539753,Clean Monday Pickled Vegetables,,
8205,14abe542-cb73-5a06-ab77-a62232761393,Clean Monday Seafood Feast,,
3787,d107963a-846f-5330-836f-8cb407777096,Chickpea Salad,,
3516,999327bd-a11b-5b92-aca0-fab02e7ab184,Chickpea and Rosemary Soup,,
3903,f80b4922-1cb7-54c6-9503-ed176510e71d,Chickpeas with Rosemary,,
3860,a00977a1-15c9-595f-a8f3-90cf811221a7,Chicory with Garlic and Chili,,
4017,fbda4e24-677e-5a4f-8be4-6183c2ef692d,Chocolate Crostata,,
4289,ad006fba-6da0-5af8-af1d-caa526b181df,Chocolate Mousse Italian Style,,
4074,325b0473-41ba-570a-a131-b0a26b0b77b0,Chocolate Salami,,
3946,fde5429b-3a20-5d47-b60d-d3a040a4b0e7,Ciabatta,,
3838,d534ac03-229e-5b74-aee6-ec11cac95847,Ciambotta,,
3381,b492fa80-fe35-53af-a322-d71daba04c33,Ciceri E Tria,,
8660,64436739-f076-58a3-b4bb-d5742891ee84,Gobo Chips,,
8607,cb1e752b-f846-5257-ab0a-359d90f0d7db,Gobo Maki,,
8700,6a915126-483e-5ddc-b50a-84aeb23bd87b,Gobou Salad,,
8418,bef0b5ca-49da-505f-af0d-dcb7afd5b9c5,Gohan,,
8792,12a0f53e-4db7-5d70-8e9d-aca6cc829b8d,Goma Dofu,,
8676,93eafdaa-dcb9-5202-b919-0a87d22954e0,Goma-ae,food_dataset_v2\recipe_images\8676_goma_ae.jpg,cloudflare_url/recipe_images/93eafdaa-dcb9-5202-b919-0a87d22954e0.jpg
9044,32e0f4b9-8be0-5066-9107-c8b55ea8f207,Gomadare,,
8466,5421dd2c-3308-5149-8763-817e7967b2f6,Gomoku Gohan,food_dataset_v2\recipe_images\8466_gomoku_gohan.jpg,cloudflare_url/recipe_images/5421dd2c-3308-5149-8763-817e7967b2f6.jpg
8408,a4044ee9-62d8-529e-b86c-d25e6ac8cbf2,Gomoku Yakisoba,food_dataset_v2\recipe_images\8408_gomoku_yakisoba.jpg,cloudflare_url/recipe_images/a4044ee9-62d8-529e-b86c-d25e6ac8cbf2.jpg
9141,19ea2b9b-b4b1-55dc-b4bb-2fb45257ead0,Goya Champuru,food_dataset_v2\recipe_images\9141_goya_champuru.jpg,cloudflare_url/recipe_images/19ea2b9b-b4b1-55dc-b4bb-2fb45257ead0.jpg
4811,100fcc57-1906-57f8-a019-991a9e15d202,Ceviche De Callo De Hacha,food_dataset_v2\recipe_images\4811_ceviche_de_callo_de_hacha.jpg,cloudflare_url/recipe_images/100fcc57-1906-57f8-a019-991a9e15d202.jpg
4765,2b9cedda-ba08-56dc-b661-0e33b12227d4,Ceviche De Pescado,food_dataset_v2\recipe_images\4765_ceviche_de_pescado.jpg,cloudflare_url/recipe_images/2b9cedda-ba08-56dc-b661-0e33b12227d4.jpg
4767,7aec39c6-adfc-5901-9cd7-45bde6d22ac0,Ceviche De Pulpo,food_dataset_v2\recipe_images\4767_ceviche_de_pulpo.jpg,cloudflare_url/recipe_images/7aec39c6-adfc-5901-9cd7-45bde6d22ac0.jpg
4768,8c99dbf4-8461-51fc-9ddf-3f23e2b9d5f9,Ceviche Nayarit-style,food_dataset_v2\recipe_images\4768_ceviche_nayarit_style.jpg,cloudflare_url/recipe_images/8c99dbf4-8461-51fc-9ddf-3f23e2b9d5f9.jpg
4766,7f66f892-6716-5599-8728-53a43b5dd58e,Ceviche Negro Oaxaqueño,food_dataset_v2\recipe_images\4766_ceviche_negro_oaxaqueño.jpg,cloudflare_url/recipe_images/7f66f892-6716-5599-8728-53a43b5dd58e.jpg
4532,f8cc5418-b119-5edb-a7b8-2ef04d0b8f1a,Chalupas Poblanas,food_dataset_v2\recipe_images\4532_chalupas_poblanas.jpg,cloudflare_url/recipe_images/f8cc5418-b119-5edb-a7b8-2ef04d0b8f1a.jpg
4687,1472e4c7-3238-5f1c-9821-71532cbebf77,Chamorro De Cerdo,food_dataset_v2\recipe_images\4687_chamorro_de_cerdo.jpg,cloudflare_url/recipe_images/1472e4c7-3238-5f1c-9821-71532cbebf77.jpg
4631,866535ca-d1e1-5bb4-800d-14401700ca43,Chamorro De Res,food_dataset_v2\recipe_images\4631_chamorro_de_res.jpg,cloudflare_url/recipe_images/866535ca-d1e1-5bb4-800d-14401700ca43.jpg
5037,590f9a4e-805f-51da-93d8-b7345e404ef5,Chamoy Fruit,food_dataset_v2\recipe_images\5037_chamoy_fruit.jpg,cloudflare_url/recipe_images/590f9a4e-805f-51da-93d8-b7345e404ef5.jpg
4923,e9c9967c-9f1e-5e46-bf43-62e95218b74f,Champurrado,,
10168,412c6195-9353-5b81-88f6-644ebd2ef10b,Cheese and Oregano Toast,food_dataset_v2\recipe_images\10168_cheese_and_oregano_toast.jpg,cloudflare_url/recipe_images/412c6195-9353-5b81-88f6-644ebd2ef10b.jpg
9872,d0bb9371-1dc5-5fc9-9882-9189335575c0,Cheese and Presunto Crepes,food_dataset_v2\recipe_images\9872_cheese_and_presunto_crepes.jpg,cloudflare_url/recipe_images/d0bb9371-1dc5-5fc9-9882-9189335575c0.jpg
9894,6f0ae15a-1589-57e9-9eb6-6acda6d704c5,Cheese and Spinach Pastries,food_dataset_v2\recipe_images\9894_cheese_and_spinach_pastries.jpg,cloudflare_url/recipe_images/6f0ae15a-1589-57e9-9eb6-6acda6d704c5.jpg
10126,339cb2c3-4aab-5cb4-a305-1eea639a5915,Cheese and Tomato Galette,food_dataset_v2\recipe_images\10126_cheese_and_tomato_galette.jpg,cloudflare_url/recipe_images/339cb2c3-4aab-5cb4-a305-1eea639a5915.jpg
9959,1df706fc-a381-5077-88fa-9bcd67ca1e04,Chestnut Purée with Cream,food_dataset_v2\recipe_images\9959_chestnut_purée_with_cream.jpg,cloudflare_url/recipe_images/1df706fc-a381-5077-88fa-9bcd67ca1e04.jpg
9502,5019b575-5a7c-5316-ade7-cbd7d9b341ec,Chicken Alfredo Portuguese Style,food_dataset_v2\recipe_images\9502_chicken_alfredo_portuguese_style.jpg,cloudflare_url/recipe_images/5019b575-5a7c-5316-ade7-cbd7d9b341ec.jpg
10049,6fad14e8-132a-58a6-a28f-51eaafc762ad,Chicken Breast Stuffed with Cheese,food_dataset_v2\recipe_images\10049_chicken_breast_stuffed_with_cheese.jpg,cloudflare_url/recipe_images/6fad14e8-132a-58a6-a28f-51eaafc762ad.jpg
9506,a43cb085-66fa-543f-8c52-87cd94ffff07,Chicken Breast in Pastry,food_dataset_v2\recipe_images\9506_chicken_breast_in_pastry.jpg,cloudflare_url/recipe_images/a43cb085-66fa-543f-8c52-87cd94ffff07.jpg
10046,bb7d5c93-5477-5013-890e-f6056f685218,Chicken Breast with Cream Sauce,food_dataset_v2\recipe_images\10046_chicken_breast_with_cream_sauce.jpg,cloudflare_url/recipe_images/bb7d5c93-5477-5013-890e-f6056f685218.jpg
9500,7671da8a-8cbe-51a3-b447-b8143adedbca,Chicken Breast with Olive Tapenade,food_dataset_v2\recipe_images\9500_chicken_breast_with_olive_tapenade.jpg,cloudflare_url/recipe_images/7671da8a-8cbe-51a3-b447-b8143adedbca.jpg
5783,3b950797-6dda-54df-a760-411b0eccfc43,Cane Honey Eggplant,food_dataset_v2\recipe_images\5783_cane_honey_eggplant.jpg,cloudflare_url/recipe_images/3b950797-6dda-54df-a760-411b0eccfc43.jpg
6025,b65a3da5-4a51-5f22-a088-8dc32bbd6497,Canelons De Sant Esteve,food_dataset_v2\recipe_images\6025_canelons_de_sant_esteve.jpg,cloudflare_url/recipe_images/b65a3da5-4a51-5f22-a088-8dc32bbd6497.jpg
5964,51b06483-4a31-5519-a108-4c7a15432845,Canutillos De Bilbao,food_dataset_v2\recipe_images\5964_canutillos_de_bilbao.jpg,cloudflare_url/recipe_images/51b06483-4a31-5519-a108-4c7a15432845.jpg
6116,8f9a9408-2056-5e4a-b78f-1ff3ff47a7c8,Canutillos De Bilbao,food_dataset_v2\recipe_images\6116_canutillos_de_bilbao.jpg,cloudflare_url/recipe_images/8f9a9408-2056-5e4a-b78f-1ff3ff47a7c8.jpg
6065,9e41b9d6-4a56-5f48-8274-b67478e74bde,Caparrones,,
5675,c17e97b7-5d2b-5b5a-9550-6d0596645912,Carabineros a La Plancha,food_dataset_v2\recipe_images\5675_carabineros_a_la_plancha.jpg,cloudflare_url/recipe_images/c17e97b7-5d2b-5b5a-9550-6d0596645912.jpg
5615,1562e860-e588-5a8a-8cd0-f2cd3d80922a,Caracoles a La Llauna,food_dataset_v2\recipe_images\5615_caracoles_a_la_llauna.jpg,cloudflare_url/recipe_images/1562e860-e588-5a8a-8cd0-f2cd3d80922a.jpg
6270,d763533f-15b5-5edb-91a5-11e7ab29b8a3,Caramelized Torrija,food_dataset_v2\recipe_images\6270_caramelized_torrija.jpg,cloudflare_url/recipe_images/d763533f-15b5-5edb-91a5-11e7ab29b8a3.jpg
5851,df39d82a-3def-5688-80d4-f59162896fa4,Carbayones,,
6133,30f0ef1e-7112-592f-830c-1b06566dedec,Cardoon in Sauce,food_dataset_v2\recipe_images\6133_cardoon_in_sauce.jpg,cloudflare_url/recipe_images/30f0ef1e-7112-592f-830c-1b06566dedec.jpg
2794,1fc892fd-961e-5e20-aeb9-b56f93f58601,Jaew Bong,food_dataset_v2\recipe_images\2794_jaew_bong.jpg,cloudflare_url/recipe_images/1fc892fd-961e-5e20-aeb9-b56f93f58601.jpg
2970,140bc800-e463-569a-bf93-17397bc50457,Jaew Bong,food_dataset_v2\recipe_images\2970_jaew_bong.jpg,cloudflare_url/recipe_images/140bc800-e463-569a-bf93-17397bc50457.jpg
3130,19d7b4ba-40ea-51b3-b902-44d04aa4f109,Jim Jum Isan,food_dataset_v2\recipe_images\3130_jim_jum_isan.jpg,cloudflare_url/recipe_images/19d7b4ba-40ea-51b3-b902-44d04aa4f109.jpg
2536,3cca1e59-a320-57ec-84ef-b1baaed71bca,Jim Jum Isan Hot Pot Herb Broth,food_dataset_v2\recipe_images\2536_jim_jum_isan_hot_pot_herb_broth.jpg,cloudflare_url/recipe_images/3cca1e59-a320-57ec-84ef-b1baaed71bca.jpg
3117,f0bdda42-a676-5f0f-94e1-cf5f1d04f5d9,Jin Hoom Simmered Meat Stew Northern,food_dataset_v2\recipe_images\3117_jin_hoom_simmered_meat_stew_northern.jpg,cloudflare_url/recipe_images/f0bdda42-a676-5f0f-94e1-cf5f1d04f5d9.jpg
2949,5ab0b77c-9257-5c02-8147-73a92fa3d41e,Jin Som,food_dataset_v2\recipe_images\2949_jin_som.jpg,cloudflare_url/recipe_images/5ab0b77c-9257-5c02-8147-73a92fa3d41e.jpg
2950,3ea4763a-a59c-51dd-b5bb-5bab9c087082,Jin Tup Northern Pounded Dried Meat,food_dataset_v2\recipe_images\2950_jin_tup_northern_pounded_dried_meat.jpg,cloudflare_url/recipe_images/3ea4763a-a59c-51dd-b5bb-5bab9c087082.jpg
2448,bab31607-3d68-58f3-ac28-28da8f105b8f,Jok Kai Congee with Egg,food_dataset_v2\recipe_images\2448_jok_kai_congee_with_egg.jpg,cloudflare_url/recipe_images/bab31607-3d68-58f3-ac28-28da8f105b8f.jpg
3196,11198ea0-d270-5a78-bebb-ddf195916821,Jok Moo,food_dataset_v2\recipe_images\3196_jok_moo.jpg,cloudflare_url/recipe_images/11198ea0-d270-5a78-bebb-ddf195916821.jpg
2449,763eb72f-b0f3-5905-a737-55dcb8544f9c,Jok Moo Sab Congee with Minced Pork,food_dataset_v2\recipe_images\2449_jok_moo_sab_congee_with_minced_pork.jpg,cloudflare_url/recipe_images/763eb72f-b0f3-5905-a737-55dcb8544f9c.jpg
6591,9a0c7138-f44c-53dc-bcdb-468ee62b67a1,Ceviz Suyu,,
6661,f92d08df-2158-5581-8c90-02b1898dbf36,Ceviz Tatlisi,food_dataset_v2\recipe_images\6661_ceviz_tatlisi.jpg,cloudflare_url/recipe_images/f92d08df-2158-5581-8c90-02b1898dbf36.jpg
6610,00608664-7d2a-5eab-a566-cc0e62dd4948,Cezerye,,
6795,4622bb0c-aca0-5c4d-869c-7fc1c1195f6b,Cezerye,,
6581,7a7f4529-e66a-5d84-8d7e-c9d6e049a488,Chamomile Tea,food_dataset_v2\recipe_images\6581_chamomile_tea.jpg,cloudflare_url/recipe_images/7a7f4529-e66a-5d84-8d7e-c9d6e049a488.jpg
7234,1f5f0b59-4a1a-5ab4-b7ed-900db91748fb,Charred Eggplant Kebab,food_dataset_v2\recipe_images\7234_charred_eggplant_kebab.jpg,cloudflare_url/recipe_images/1f5f0b59-4a1a-5ab4-b7ed-900db91748fb.jpg
7233,906a1db7-7a7f-592f-a7f5-78764cf038e6,Cheese Plate Breakfast,food_dataset_v2\recipe_images\7233_cheese_plate_breakfast.jpg,cloudflare_url/recipe_images/906a1db7-7a7f-592f-a7f5-78764cf038e6.jpg
6519,1a6db8f1-c9aa-5e08-ab0c-f51459c78015,Cheese Platter,food_dataset_v2\recipe_images\6519_cheese_platter.jpg,cloudflare_url/recipe_images/1a6db8f1-c9aa-5e08-ab0c-f51459c78015.jpg
6444,cb7840d2-fc0c-5319-af46-6a4fba1b5e86,Chestnut Pilaf,food_dataset_v2\recipe_images\6444_chestnut_pilaf.jpg,cloudflare_url/recipe_images/cb7840d2-fc0c-5319-af46-6a4fba1b5e86.jpg
6450,1bc3b82b-cdc9-5153-8516-21d02e138e8d,Chicken Bulgur Pilaf,food_dataset_v2\recipe_images\6450_chicken_bulgur_pilaf.jpg,cloudflare_url/recipe_images/1bc3b82b-cdc9-5153-8516-21d02e138e8d.jpg
1031,0386d6dd-5186-580b-9349-e46b128745f7,Cafe Au Lait and Beignets,food_dataset_v2\recipe_images\1031_cafe_au_lait_and_beignets.jpg,cloudflare_url/recipe_images/0386d6dd-5186-580b-9349-e46b128745f7.jpg
508,09241c0a-67ae-54d2-be93-4fa551839bd6,Cajun Andouille Bites,food_dataset_v2\recipe_images\508_cajun_andouille_bites.jpg,cloudflare_url/recipe_images/09241c0a-67ae-54d2-be93-4fa551839bd6.jpg
511,e86dcd9d-fee4-5ab3-bc17-0fab8bd961c8,Cajun Boiled Peanuts,food_dataset_v2\recipe_images\511_cajun_boiled_peanuts.jpg,cloudflare_url/recipe_images/e86dcd9d-fee4-5ab3-bc17-0fab8bd961c8.jpg
1086,5ebe2e31-e5d4-5348-bf3a-5aad373197f0,Cajun Catfish Fried,food_dataset_v2\recipe_images\1086_cajun_catfish_fried.jpg,cloudflare_url/recipe_images/5ebe2e31-e5d4-5348-bf3a-5aad373197f0.jpg
494,64f38f70-23aa-502e-8cc1-ce69a4b07cba,Cajun Chicken Alfredo,food_dataset_v2\recipe_images\494_cajun_chicken_alfredo.jpg,cloudflare_url/recipe_images/64f38f70-23aa-502e-8cc1-ce69a4b07cba.jpg
397,af23d78f-8162-5e7f-a912-a55d7fc257a8,Cajun Chicken Pasta,food_dataset_v2\recipe_images\397_cajun_chicken_pasta.jpg,cloudflare_url/recipe_images/af23d78f-8162-5e7f-a912-a55d7fc257a8.jpg
499,fd53b35a-f164-5444-a95a-12c722fae7c6,Cajun Corn Maque Choux,food_dataset_v2\recipe_images\499_cajun_corn_maque_choux.jpg,cloudflare_url/recipe_images/fd53b35a-f164-5444-a95a-12c722fae7c6.jpg
473,bc5c302a-3afc-5dd1-a32b-f1202046451f,Cajun Crawfish Boil,food_dataset_v2\recipe_images\473_cajun_crawfish_boil.jpg,cloudflare_url/recipe_images/bc5c302a-3afc-5dd1-a32b-f1202046451f.jpg
509,eb256620-8a88-5f85-87cf-c46d877c4461,Cajun Fried Catfish,food_dataset_v2\recipe_images\509_cajun_fried_catfish.jpg,cloudflare_url/recipe_images/eb256620-8a88-5f85-87cf-c46d877c4461.jpg
2454,5cdc394b-52b9-5ce0-9135-a388a057ab14,Jok Pla Congee with Fish,food_dataset_v2\recipe_images\2454_jok_pla_congee_with_fish.jpg,cloudflare_url/recipe_images/5cdc394b-52b9-5ce0-9135-a388a057ab14.jpg
