recipe_id,recipe_name,status,pixabay_url,local_path
af338fa3-e099-552d-97ca-7ab5e00aa273,German Vegetable Curry 003,already_exists,,recipe_images\af338fa3-e099-552d-97ca-7ab5e00aa273.jpg
42ae88b8-d45f-5940-b31f-8cb3f958a230,Chinese Breakfast Porridge 007,already_exists,,recipe_images\42ae88b8-d45f-5940-b31f-8cb3f958a230.jpg
18aa4bfa-91fd-5dad-af35-2a3da879c176,Indian Pasta Bake 006,already_exists,,recipe_images\18aa4bfa-91fd-5dad-af35-2a3da879c176.jpg
8fea376c-57a4-57aa-90cc-760c79586769,British Bean Salad 005,already_exists,,recipe_images\8fea376c-57a4-57aa-90cc-760c79586769.jpg
eada151f-e3bf-5df3-829d-ee4ee9eb8c3c,American Grilled Fish Plate 004,already_exists,,recipe_images\eada151f-e3bf-5df3-829d-ee4ee9eb8c3c.jpg
d89cd215-a204-5951-ac47-5cf543832def,Middle Eastern Tofu Stir Fry 009,already_exists,,recipe_images\d89cd215-a204-5951-ac47-5cf543832def.jpg
c77c7a84-3592-5065-90ba-205ae858d8d6,Japanese Quick Soup 008,already_exists,,recipe_images\c77c7a84-3592-5065-90ba-205ae858d8d6.jpg
f7f7dd06-3b7b-5dad-afdc-1b2f580106bd,French Rice Bowl 002,already_exists,,recipe_images\f7f7dd06-3b7b-5dad-afdc-1b2f580106bd.jpg
ff18f9c5-f204-5cda-aa64-e64af3caadfd,Cameroonian Stew 001,already_exists,,recipe_images\ff18f9c5-f204-5cda-aa64-e64af3caadfd.jpg
32eb07f5-18c6-5b60-810f-b51c8814dc51,Mexican Spiced Meat Platter 010,already_exists,,recipe_images\32eb07f5-18c6-5b60-810f-b51c8814dc51.jpg
585ca70e-89d9-52c7-b5cd-710a3e333429,Italian Stew 011,already_exists,,recipe_images\585ca70e-89d9-52c7-b5cd-710a3e333429.jpg
43c0043a-3e0e-57a0-b265-40007f2c9ea1,French Grilled Fish Plate 014,already_exists,,recipe_images\43c0043a-3e0e-57a0-b265-40007f2c9ea1.jpg
01e74ca0-7483-550a-810e-b38e4d23aa65,German Bean Salad 015,already_exists,,recipe_images\01e74ca0-7483-550a-810e-b38e4d23aa65.jpg
b1890d52-6aaf-5dc3-8730-845ff8207380,Cameroonian Vegetable Curry 013,already_exists,,recipe_images\b1890d52-6aaf-5dc3-8730-845ff8207380.jpg
86242496-9cba-50f8-a6b2-f8c71a427b01,Indian Quick Soup 018,already_exists,,recipe_images\86242496-9cba-50f8-a6b2-f8c71a427b01.jpg
c808e2ee-2df8-52b0-96e8-72e274898ef8,American Pasta Bake 016,already_exists,,recipe_images\c808e2ee-2df8-52b0-96e8-72e274898ef8.jpg
437e2340-6a5f-576f-bdd6-98c081ebf0df,British Breakfast Porridge 017,already_exists,,recipe_images\437e2340-6a5f-576f-bdd6-98c081ebf0df.jpg
98d21c92-730c-55a0-b3a3-2ae2d5208006,West African Rice Bowl 012,already_exists,,recipe_images\98d21c92-730c-55a0-b3a3-2ae2d5208006.jpg
1273cfba-3594-5172-9333-f5cedf9a413c,Chinese Tofu Stir Fry 019,already_exists,,recipe_images\1273cfba-3594-5172-9333-f5cedf9a413c.jpg
819550a5-f7fb-596d-8767-0eb725333379,Japanese Spiced Meat Platter 020,already_exists,,recipe_images\819550a5-f7fb-596d-8767-0eb725333379.jpg
91fcdfe4-41e1-5ac9-b5dc-3d509eaebf2e,Middle Eastern Stew 021,already_exists,,recipe_images\91fcdfe4-41e1-5ac9-b5dc-3d509eaebf2e.jpg
8df81324-213b-5113-84f3-3e6aac96a900,Cameroonian Bean Salad 025,already_exists,,recipe_images\8df81324-213b-5113-84f3-3e6aac96a900.jpg
00341841-2e2b-5cb1-96e7-c23e6ed1b480,French Pasta Bake 026,already_exists,,recipe_images\00341841-2e2b-5cb1-96e7-c23e6ed1b480.jpg
1711a164-ee06-57bb-85ea-5104c2c2bd03,German Breakfast Porridge 027,already_exists,,recipe_images\1711a164-ee06-57bb-85ea-5104c2c2bd03.jpg
e30e3ea3-c3eb-59a4-821b-7bc227d09ec3,American Quick Soup 028,already_exists,,recipe_images\e30e3ea3-c3eb-59a4-821b-7bc227d09ec3.jpg
7ff8d512-4a55-5209-ac0d-6d4f26bbdd97,British Tofu Stir Fry 029,already_exists,,recipe_images\7ff8d512-4a55-5209-ac0d-6d4f26bbdd97.jpg
98286064-a637-5c54-8164-54212ae79c78,Indian Spiced Meat Platter 030,already_exists,,recipe_images\98286064-a637-5c54-8164-54212ae79c78.jpg
043302cf-d270-58e9-a9d3-7db76d500907,Chinese Stew 031,already_exists,,recipe_images\043302cf-d270-58e9-a9d3-7db76d500907.jpg
b7efa4e1-71ab-5cea-a024-41b731e87ae7,West African Grilled Fish Plate 024,already_exists,,recipe_images\b7efa4e1-71ab-5cea-a024-41b731e87ae7.jpg
3440e5c1-0630-595f-bd00-c9eb7f07d6f0,Mexican Rice Bowl 022,already_exists,,recipe_images\3440e5c1-0630-595f-bd00-c9eb7f07d6f0.jpg
be590217-d860-5ed2-8f87-1ee6b05aa805,Italian Vegetable Curry 023,already_exists,,recipe_images\be590217-d860-5ed2-8f87-1ee6b05aa805.jpg
6fd2fad9-07a9-583f-aaa5-f82afb488c80,Japanese Rice Bowl 032,already_exists,,recipe_images\6fd2fad9-07a9-583f-aaa5-f82afb488c80.jpg
28c2543d-195a-54d0-890b-eb2eb66138e3,Middle Eastern Vegetable Curry 033,already_exists,,recipe_images\28c2543d-195a-54d0-890b-eb2eb66138e3.jpg
68e7aa11-816a-5dce-b834-02748c215030,Cameroonian Breakfast Porridge 037,already_exists,,recipe_images\68e7aa11-816a-5dce-b834-02748c215030.jpg
ded7c82c-c6b2-522f-a435-4f55c106d89c,Italian Bean Salad 035,already_exists,,recipe_images\ded7c82c-c6b2-522f-a435-4f55c106d89c.jpg
fb528195-eac0-5b80-8ad8-89c01c29734c,American Spiced Meat Platter 040,already_exists,,recipe_images\fb528195-eac0-5b80-8ad8-89c01c29734c.jpg
9c4383cd-d3b6-5a13-9f30-f82107fba083,Mexican Grilled Fish Plate 034,already_exists,,recipe_images\9c4383cd-d3b6-5a13-9f30-f82107fba083.jpg
8bd1718b-9add-568b-bce1-d8b8c9e53e43,French Quick Soup 038,already_exists,,recipe_images\8bd1718b-9add-568b-bce1-d8b8c9e53e43.jpg
73000328-20fa-5dde-a510-1a4830684fcc,German Tofu Stir Fry 039,already_exists,,recipe_images\73000328-20fa-5dde-a510-1a4830684fcc.jpg
3db6df4a-a532-5f82-bb6a-65420cd182d7,West African Pasta Bake 036,already_exists,,recipe_images\3db6df4a-a532-5f82-bb6a-65420cd182d7.jpg
3a51c16d-c7bc-5bb0-b54b-8c5503992f07,British Stew 041,already_exists,,recipe_images\3a51c16d-c7bc-5bb0-b54b-8c5503992f07.jpg
ea0d9f67-77df-5abd-bc9e-b528d9ff7c9c,Indian Rice Bowl 042,already_exists,,recipe_images\ea0d9f67-77df-5abd-bc9e-b528d9ff7c9c.jpg
a7ec68e4-7742-5922-ab60-d342acc613ba,Chinese Vegetable Curry 043,already_exists,,recipe_images\a7ec68e4-7742-5922-ab60-d342acc613ba.jpg
8d97ae0c-fa57-5385-b309-1e5ac0ea7754,Middle Eastern Bean Salad 045,already_exists,,recipe_images\8d97ae0c-fa57-5385-b309-1e5ac0ea7754.jpg
bf18b86e-b36a-5c84-819d-67967869857c,West African Quick Soup 048,already_exists,,recipe_images\bf18b86e-b36a-5c84-819d-67967869857c.jpg
e6b94189-83f2-5129-a3f9-030852ded50c,Italian Breakfast Porridge 047,already_exists,,recipe_images\e6b94189-83f2-5129-a3f9-030852ded50c.jpg
956be575-de2a-5a03-bc28-0f1017e6d7c7,Japanese Grilled Fish Plate 044,already_exists,,recipe_images\956be575-de2a-5a03-bc28-0f1017e6d7c7.jpg
2c1fdf9d-ed0e-5d1a-912c-2a75765f4ea5,Cameroonian Tofu Stir Fry 049,already_exists,,recipe_images\2c1fdf9d-ed0e-5d1a-912c-2a75765f4ea5.jpg
380a1638-c1f8-50b4-b993-bf51c4fb5a03,American Rice Bowl 052,already_exists,,recipe_images\380a1638-c1f8-50b4-b993-bf51c4fb5a03.jpg
7b8bcc0d-b8d9-5577-87d8-5ddeaa424f38,French Spiced Meat Platter 050,already_exists,,recipe_images\7b8bcc0d-b8d9-5577-87d8-5ddeaa424f38.jpg
2a590f53-0e6b-5e8c-8344-3b894d3faa2b,Indian Grilled Fish Plate 054,already_exists,,recipe_images\2a590f53-0e6b-5e8c-8344-3b894d3faa2b.jpg
c911bf37-81c8-550e-808c-7b6aa61c16eb,Chinese Bean Salad 055,already_exists,,recipe_images\c911bf37-81c8-550e-808c-7b6aa61c16eb.jpg
a0ab8d4a-697f-5211-bc34-3b3adeaaad63,German Stew 051,already_exists,,recipe_images\a0ab8d4a-697f-5211-bc34-3b3adeaaad63.jpg
6f14c9de-484e-5012-a6b7-de5bce9baa69,Middle Eastern Breakfast Porridge 057,already_exists,,recipe_images\6f14c9de-484e-5012-a6b7-de5bce9baa69.jpg
5069f6a2-28d1-5827-b174-efba984a1ce6,Mexican Quick Soup 058,already_exists,,recipe_images\5069f6a2-28d1-5827-b174-efba984a1ce6.jpg
ea22241c-407a-5e85-8ea3-e16d581ae257,Japanese Pasta Bake 056,already_exists,,recipe_images\ea22241c-407a-5e85-8ea3-e16d581ae257.jpg
707e1d34-51bb-5e88-a829-9a0d4e3075dc,British Vegetable Curry 053,already_exists,,recipe_images\707e1d34-51bb-5e88-a829-9a0d4e3075dc.jpg
1520106c-222e-577a-9fc6-24ae6c6699f2,Cameroonian Stew 061,already_exists,,recipe_images\1520106c-222e-577a-9fc6-24ae6c6699f2.jpg
85882d82-0278-54c3-af43-76b6deef1a80,Italian Tofu Stir Fry 059,already_exists,,recipe_images\85882d82-0278-54c3-af43-76b6deef1a80.jpg
fb701796-a40e-561a-af2e-ad6317a6686b,West African Spiced Meat Platter 060,already_exists,,recipe_images\fb701796-a40e-561a-af2e-ad6317a6686b.jpg
9321d88d-91a1-5847-9745-2bfce7ce8ab1,Mexican Pasta Bake 046,already_exists,,recipe_images\9321d88d-91a1-5847-9745-2bfce7ce8ab1.jpg
ebd4db4c-3b87-5434-999b-7c999c51264f,French Rice Bowl 062,already_exists,,recipe_images\ebd4db4c-3b87-5434-999b-7c999c51264f.jpg
d9a1a155-c3e5-5aa7-89d1-e9fbd722fcab,Indian Pasta Bake 066,already_exists,,recipe_images\d9a1a155-c3e5-5aa7-89d1-e9fbd722fcab.jpg
cdf519b9-0651-5000-87cc-6f46f03f3b57,Chinese Breakfast Porridge 067,already_exists,,recipe_images\cdf519b9-0651-5000-87cc-6f46f03f3b57.jpg
7467772c-be2a-5412-b95e-565fe9d5f00a,Japanese Quick Soup 068,already_exists,,recipe_images\7467772c-be2a-5412-b95e-565fe9d5f00a.jpg
71946a7c-ba60-52aa-a2e8-306efbb17450,Middle Eastern Tofu Stir Fry 069,already_exists,,recipe_images\71946a7c-ba60-52aa-a2e8-306efbb17450.jpg
b213fe16-8c0f-54f3-a4a7-2eb43f51fcde,Mexican Spiced Meat Platter 070,already_exists,,recipe_images\b213fe16-8c0f-54f3-a4a7-2eb43f51fcde.jpg
3c883178-b133-5854-82c8-a3c7df30a98f,Italian Stew 071,already_exists,,recipe_images\3c883178-b133-5854-82c8-a3c7df30a98f.jpg
bd02f28e-9f8b-56b2-8411-4af0b2b6f8e0,West African Rice Bowl 072,already_exists,,recipe_images\bd02f28e-9f8b-56b2-8411-4af0b2b6f8e0.jpg
35b200b4-8995-53c6-9694-68c34250e1e7,Cameroonian Vegetable Curry 073,already_exists,,recipe_images\35b200b4-8995-53c6-9694-68c34250e1e7.jpg
b94ed383-bdc1-5cc8-9765-47adf9ef6f1c,French Grilled Fish Plate 074,already_exists,,recipe_images\b94ed383-bdc1-5cc8-9765-47adf9ef6f1c.jpg
20644d8e-10f9-54b4-9bf4-786dcce3a590,German Bean Salad 075,already_exists,,recipe_images\20644d8e-10f9-54b4-9bf4-786dcce3a590.jpg
a7135d71-408a-536c-b28f-0700e813c64a,American Pasta Bake 076,already_exists,,recipe_images\a7135d71-408a-536c-b28f-0700e813c64a.jpg
06fbaa18-9ff9-5f37-9311-631d47302c0e,British Bean Salad 065,already_exists,,recipe_images\06fbaa18-9ff9-5f37-9311-631d47302c0e.jpg
16488d55-6389-58a1-8167-d28d316b4ef7,German Vegetable Curry 063,already_exists,,recipe_images\16488d55-6389-58a1-8167-d28d316b4ef7.jpg
115e90e2-5880-56a3-b577-00dd2f117960,American Grilled Fish Plate 064,already_exists,,recipe_images\115e90e2-5880-56a3-b577-00dd2f117960.jpg
40874523-b600-5608-9ef8-ebe2df29119f,British Breakfast Porridge 077,already_exists,,recipe_images\40874523-b600-5608-9ef8-ebe2df29119f.jpg
549e8ee1-fb7c-5fca-94f3-5d2647e05ad8,Indian Quick Soup 078,already_exists,,recipe_images\549e8ee1-fb7c-5fca-94f3-5d2647e05ad8.jpg
e9788405-fe71-5f22-a270-9fa5938e8136,Chinese Tofu Stir Fry 079,already_exists,,recipe_images\e9788405-fe71-5f22-a270-9fa5938e8136.jpg
25b10a11-bf6b-569d-8798-903a6b25f7f6,Italian Vegetable Curry 083,already_exists,,recipe_images\25b10a11-bf6b-569d-8798-903a6b25f7f6.jpg
c03fb061-538d-55e1-a980-5b2242633a54,Middle Eastern Stew 081,already_exists,,recipe_images\c03fb061-538d-55e1-a980-5b2242633a54.jpg
65a8fe77-087c-559f-9653-8c03e23423dc,Mexican Rice Bowl 082,already_exists,,recipe_images\65a8fe77-087c-559f-9653-8c03e23423dc.jpg
436fa3db-0124-53db-8881-d34c61bf5e07,Japanese Spiced Meat Platter 080,already_exists,,recipe_images\436fa3db-0124-53db-8881-d34c61bf5e07.jpg
e06184c8-3bbc-529f-8106-759c1cf54648,West African Grilled Fish Plate 084,already_exists,,recipe_images\e06184c8-3bbc-529f-8106-759c1cf54648.jpg
8eb2a9f7-9791-5f7b-a272-f23ef44f65e3,American Quick Soup 088,already_exists,,recipe_images\8eb2a9f7-9791-5f7b-a272-f23ef44f65e3.jpg
38254560-9592-52d7-87c2-a6db425b0c1b,French Pasta Bake 086,already_exists,,recipe_images\38254560-9592-52d7-87c2-a6db425b0c1b.jpg
85ab4fc9-e53a-530c-9200-f2ead6cd309e,German Breakfast Porridge 087,already_exists,,recipe_images\85ab4fc9-e53a-530c-9200-f2ead6cd309e.jpg
0ce61ed1-d89b-5c9d-a4c6-e741d217cdfe,Cameroonian Bean Salad 085,already_exists,,recipe_images\0ce61ed1-d89b-5c9d-a4c6-e741d217cdfe.jpg
13172414-de14-5042-a3fb-090a2a63e4df,British Tofu Stir Fry 089,already_exists,,recipe_images\13172414-de14-5042-a3fb-090a2a63e4df.jpg
85010d78-054d-5c3e-aebc-cf53c8090d6d,Middle Eastern Vegetable Curry 093,already_exists,,recipe_images\85010d78-054d-5c3e-aebc-cf53c8090d6d.jpg
b1b05234-a427-5177-9cf1-a00efd1bb05c,Chinese Stew 091,already_exists,,recipe_images\b1b05234-a427-5177-9cf1-a00efd1bb05c.jpg
9ce1021c-1b4a-5bc2-b6e7-12c6ae9ca70c,Japanese Rice Bowl 092,already_exists,,recipe_images\9ce1021c-1b4a-5bc2-b6e7-12c6ae9ca70c.jpg
8a8ec158-9981-52b4-a363-d91b75cbe786,Indian Spiced Meat Platter 090,already_exists,,recipe_images\8a8ec158-9981-52b4-a363-d91b75cbe786.jpg
707b952f-70cf-5108-86e5-9ea68e8c02e6,Mexican Grilled Fish Plate 094,already_exists,,recipe_images\707b952f-70cf-5108-86e5-9ea68e8c02e6.jpg
665b53e9-23eb-568a-81d4-4a14f11e7b9d,French Quick Soup 098,already_exists,,recipe_images\665b53e9-23eb-568a-81d4-4a14f11e7b9d.jpg
8827e727-cfd6-5e97-806a-cc8c20feea31,West African Pasta Bake 096,already_exists,,recipe_images\8827e727-cfd6-5e97-806a-cc8c20feea31.jpg
31ebe74a-ebce-54b2-a821-0cdb6d1f2090,Cameroonian Breakfast Porridge 097,already_exists,,recipe_images\31ebe74a-ebce-54b2-a821-0cdb6d1f2090.jpg
fd8c59d8-c26d-534d-abb3-42c71d5f4b8d,Italian Bean Salad 095,already_exists,,recipe_images\fd8c59d8-c26d-534d-abb3-42c71d5f4b8d.jpg
a5c1930c-58e9-5a94-a77f-d9c2979aeac9,German Tofu Stir Fry 099,already_exists,,recipe_images\a5c1930c-58e9-5a94-a77f-d9c2979aeac9.jpg
588b3509-65c5-541f-8711-ebce4990c511,Chinese Vegetable Curry 103,already_exists,,recipe_images\588b3509-65c5-541f-8711-ebce4990c511.jpg
a387398c-91e9-5a34-815b-bbd0701ae33c,British Stew 101,already_exists,,recipe_images\a387398c-91e9-5a34-815b-bbd0701ae33c.jpg
140686fe-c063-5db0-bb44-469051b36c0b,Indian Rice Bowl 102,already_exists,,recipe_images\140686fe-c063-5db0-bb44-469051b36c0b.jpg
e78cc363-2699-5d58-b98a-1bcec120c168,American Spiced Meat Platter 100,already_exists,,recipe_images\e78cc363-2699-5d58-b98a-1bcec120c168.jpg
808e3878-f979-55ba-a42b-bb6db2858101,Japanese Grilled Fish Plate 104,already_exists,,recipe_images\808e3878-f979-55ba-a42b-bb6db2858101.jpg
954184bb-6cd4-5ac4-a92f-724708d75a47,West African Quick Soup 108,already_exists,,recipe_images\954184bb-6cd4-5ac4-a92f-724708d75a47.jpg
9fdc7d9d-d5c4-5566-926b-3c520481c83c,Mexican Pasta Bake 106,already_exists,,recipe_images\9fdc7d9d-d5c4-5566-926b-3c520481c83c.jpg
9f628d39-1e0d-5e31-8f2e-a7139763b383,Italian Breakfast Porridge 107,already_exists,,recipe_images\9f628d39-1e0d-5e31-8f2e-a7139763b383.jpg
90308388-5d85-58d0-ac85-bf9f8870c2f4,Middle Eastern Bean Salad 105,already_exists,,recipe_images\90308388-5d85-58d0-ac85-bf9f8870c2f4.jpg
47001769-d94b-5b12-b1aa-1a7ca57974ed,Cameroonian Tofu Stir Fry 109,already_exists,,recipe_images\47001769-d94b-5b12-b1aa-1a7ca57974ed.jpg
2e26e2d6-938a-5e9a-8d47-a7e3c2f50354,French Spiced Meat Platter 110,already_exists,,recipe_images\2e26e2d6-938a-5e9a-8d47-a7e3c2f50354.jpg
88400159-8379-59d1-8532-ee1b88514073,German Stew 111,already_exists,,recipe_images\88400159-8379-59d1-8532-ee1b88514073.jpg
63ea5b42-9c7f-5811-952d-9338155327d1,American Rice Bowl 112,already_exists,,recipe_images\63ea5b42-9c7f-5811-952d-9338155327d1.jpg
e48e39af-c8f5-58b8-8382-0b2fae659a14,Japanese Pasta Bake 116,already_exists,,recipe_images\e48e39af-c8f5-58b8-8382-0b2fae659a14.jpg
d7f50ba9-0ca5-5c0b-9f57-0580941eb2c6,Indian Grilled Fish Plate 114,already_exists,,recipe_images\d7f50ba9-0ca5-5c0b-9f57-0580941eb2c6.jpg
beadbf89-e371-5333-b0b0-eefac4dc204b,Mexican Quick Soup 118,already_exists,,recipe_images\beadbf89-e371-5333-b0b0-eefac4dc204b.jpg
f0a47b39-f387-5235-b7d5-58e21ea95b8c,British Vegetable Curry 113,already_exists,,recipe_images\f0a47b39-f387-5235-b7d5-58e21ea95b8c.jpg
921ec6ab-1cc3-5560-8669-9cba618ecb55,Middle Eastern Breakfast Porridge 117,already_exists,,recipe_images\921ec6ab-1cc3-5560-8669-9cba618ecb55.jpg
c1c5c06b-e165-5823-9375-76d63cf15283,Cameroonian Stew 121,already_exists,,recipe_images\c1c5c06b-e165-5823-9375-76d63cf15283.jpg
b093280a-2e9e-5243-9da6-f77c82b400dd,Italian Tofu Stir Fry 119,already_exists,,recipe_images\b093280a-2e9e-5243-9da6-f77c82b400dd.jpg
1c288965-fec8-557f-832c-c8545ab29093,German Vegetable Curry 123,already_exists,,recipe_images\1c288965-fec8-557f-832c-c8545ab29093.jpg
a523e288-51a8-5ad9-9769-337b75013e0f,Chinese Bean Salad 115,already_exists,,recipe_images\a523e288-51a8-5ad9-9769-337b75013e0f.jpg
ea37fabc-8e08-5777-819e-d9ee2692d370,French Rice Bowl 122,already_exists,,recipe_images\ea37fabc-8e08-5777-819e-d9ee2692d370.jpg
cc839e10-189f-5eec-865f-1c628378e1bf,Indian Pasta Bake 126,already_exists,,recipe_images\cc839e10-189f-5eec-865f-1c628378e1bf.jpg
dcd9fcff-5c45-5966-a7ea-058766c046e9,American Grilled Fish Plate 124,already_exists,,recipe_images\dcd9fcff-5c45-5966-a7ea-058766c046e9.jpg
20554223-e2ec-5bf6-b262-345abb1cdace,British Bean Salad 125,already_exists,,recipe_images\20554223-e2ec-5bf6-b262-345abb1cdace.jpg
2cc9a953-ef46-5582-9ea5-763858c971f7,West African Spiced Meat Platter 120,already_exists,,recipe_images\2cc9a953-ef46-5582-9ea5-763858c971f7.jpg
b08be109-3bd8-552c-bf57-31e43b36d8e2,Chinese Breakfast Porridge 127,already_exists,,recipe_images\b08be109-3bd8-552c-bf57-31e43b36d8e2.jpg
4cbcb2be-68e8-5a9c-834e-7b4aae4bca67,Japanese Quick Soup 128,already_exists,,recipe_images\4cbcb2be-68e8-5a9c-834e-7b4aae4bca67.jpg
749133c6-dc57-5e12-9256-7555035f8dee,West African Rice Bowl 132,already_exists,,recipe_images\749133c6-dc57-5e12-9256-7555035f8dee.jpg
ab9ba378-c8d6-5b61-aec0-02696ed8a05d,Cameroonian Vegetable Curry 133,already_exists,,recipe_images\ab9ba378-c8d6-5b61-aec0-02696ed8a05d.jpg
9f7aac42-df90-5746-82e7-e5dab026f643,French Grilled Fish Plate 134,already_exists,,recipe_images\9f7aac42-df90-5746-82e7-e5dab026f643.jpg
823f5b20-bc1f-5f19-aa4c-50b0c06c1a0c,German Bean Salad 135,already_exists,,recipe_images\823f5b20-bc1f-5f19-aa4c-50b0c06c1a0c.jpg
a3afe2fe-44fa-5a39-81d8-a4ff91e5703e,American Pasta Bake 136,already_exists,,recipe_images\a3afe2fe-44fa-5a39-81d8-a4ff91e5703e.jpg
7b2fd463-448b-5966-a8b6-b643b09b4393,British Breakfast Porridge 137,already_exists,,recipe_images\7b2fd463-448b-5966-a8b6-b643b09b4393.jpg
29d9a19f-7fea-5831-8901-8f8269c5a9d8,Indian Quick Soup 138,already_exists,,recipe_images\29d9a19f-7fea-5831-8901-8f8269c5a9d8.jpg
6ec17fff-fd44-5acf-ae4e-162b739f0f9e,Chinese Tofu Stir Fry 139,already_exists,,recipe_images\6ec17fff-fd44-5acf-ae4e-162b739f0f9e.jpg
1e23f38c-c3b0-5c50-96c0-0b1aa18d7bce,Japanese Spiced Meat Platter 140,already_exists,,recipe_images\1e23f38c-c3b0-5c50-96c0-0b1aa18d7bce.jpg
b7688a91-45a7-5027-9f25-57c81e92c1d4,Middle Eastern Stew 141,already_exists,,recipe_images\b7688a91-45a7-5027-9f25-57c81e92c1d4.jpg
7f682e80-eb7d-54f0-9d28-b95a5b4be01e,Mexican Rice Bowl 142,already_exists,,recipe_images\7f682e80-eb7d-54f0-9d28-b95a5b4be01e.jpg
ea31d2f7-5db9-5cf6-9e57-60314ecc51e7,Italian Vegetable Curry 143,already_exists,,recipe_images\ea31d2f7-5db9-5cf6-9e57-60314ecc51e7.jpg
dcfc54e7-6007-5dab-b8ac-9ae695bdf4c2,West African Grilled Fish Plate 144,already_exists,,recipe_images\dcfc54e7-6007-5dab-b8ac-9ae695bdf4c2.jpg
1e6826a3-1dc0-5062-b0b4-c98ccf5d733e,Cameroonian Bean Salad 145,already_exists,,recipe_images\1e6826a3-1dc0-5062-b0b4-c98ccf5d733e.jpg
49f6dbb5-2e24-53fc-b0ac-16267d1ab45a,French Pasta Bake 146,already_exists,,recipe_images\49f6dbb5-2e24-53fc-b0ac-16267d1ab45a.jpg
59fd0b0a-5fb2-52f3-9525-1f7001e8fb2b,German Breakfast Porridge 147,already_exists,,recipe_images\59fd0b0a-5fb2-52f3-9525-1f7001e8fb2b.jpg
2fe83e78-692d-5366-ba84-71164f6f29a6,American Quick Soup 148,already_exists,,recipe_images\2fe83e78-692d-5366-ba84-71164f6f29a6.jpg
0fe5d844-25ac-55a3-bd7a-c11c47825de4,Mexican Spiced Meat Platter 130,already_exists,,recipe_images\0fe5d844-25ac-55a3-bd7a-c11c47825de4.jpg
441ecbda-1b5f-5e43-9c1b-665a935c1e82,Indian Spiced Meat Platter 150,already_exists,,recipe_images\441ecbda-1b5f-5e43-9c1b-665a935c1e82.jpg
e8d3c868-817e-5230-b0e8-a5d0f2392865,Italian Stew 131,already_exists,,recipe_images\e8d3c868-817e-5230-b0e8-a5d0f2392865.jpg
fd8705be-f0e5-55b7-bfc8-d9a2a05af3ce,Japanese Rice Bowl 152,already_exists,,recipe_images\fd8705be-f0e5-55b7-bfc8-d9a2a05af3ce.jpg
bc6a5b64-17f5-5afb-8965-eb9a26b749cc,Middle Eastern Tofu Stir Fry 129,already_exists,,recipe_images\bc6a5b64-17f5-5afb-8965-eb9a26b749cc.jpg
ca81f1b0-a415-56dd-924e-64765170891c,Mexican Grilled Fish Plate 154,already_exists,,recipe_images\ca81f1b0-a415-56dd-924e-64765170891c.jpg
e16bf18b-5159-58e9-866f-340e5f44d4f1,Chinese Stew 151,already_exists,,recipe_images\e16bf18b-5159-58e9-866f-340e5f44d4f1.jpg
3cb44955-87a5-5266-9d99-0d3afc778d25,British Tofu Stir Fry 149,already_exists,,recipe_images\3cb44955-87a5-5266-9d99-0d3afc778d25.jpg
0ee96845-b8c4-529d-a367-56549c670c4e,Middle Eastern Vegetable Curry 153,already_exists,,recipe_images\0ee96845-b8c4-529d-a367-56549c670c4e.jpg
026a8627-8f59-5867-8d74-ed711a775a34,French Quick Soup 158,already_exists,,recipe_images\026a8627-8f59-5867-8d74-ed711a775a34.jpg
834eaf6b-3b1b-53cb-ba21-201a78768879,West African Pasta Bake 156,already_exists,,recipe_images\834eaf6b-3b1b-53cb-ba21-201a78768879.jpg
c45830d7-5190-538b-ae06-87cf8fad7145,Cameroonian Breakfast Porridge 157,already_exists,,recipe_images\c45830d7-5190-538b-ae06-87cf8fad7145.jpg
db1802c9-3e6c-5a00-bdcb-2d4a5756485f,Italian Bean Salad 155,already_exists,,recipe_images\db1802c9-3e6c-5a00-bdcb-2d4a5756485f.jpg
52d0d336-4bc0-5817-a2d0-d273a76d532c,German Tofu Stir Fry 159,already_exists,,recipe_images\52d0d336-4bc0-5817-a2d0-d273a76d532c.jpg
07aedbce-5607-5945-b754-db353d4db2f2,American Spiced Meat Platter 160,already_exists,,recipe_images\07aedbce-5607-5945-b754-db353d4db2f2.jpg
be111678-b201-5d59-a637-671ab663c9c1,Japanese Grilled Fish Plate 164,already_exists,,recipe_images\be111678-b201-5d59-a637-671ab663c9c1.jpg
ae34cfab-efc3-59df-9a11-becb24fbe7dd,Indian Rice Bowl 162,already_exists,,recipe_images\ae34cfab-efc3-59df-9a11-becb24fbe7dd.jpg
b4ef68cc-e494-5a8a-afad-411cba250d43,Chinese Vegetable Curry 163,already_exists,,recipe_images\b4ef68cc-e494-5a8a-afad-411cba250d43.jpg
6ced6c9e-733f-5c9b-a82a-593efb226332,British Stew 161,already_exists,,recipe_images\6ced6c9e-733f-5c9b-a82a-593efb226332.jpg
984fec6c-a957-5d7e-bacd-efadd69488ed,Middle Eastern Bean Salad 165,already_exists,,recipe_images\984fec6c-a957-5d7e-bacd-efadd69488ed.jpg
86ab1633-ac5f-5964-abe5-f807aadc4f4a,Cameroonian Tofu Stir Fry 169,already_exists,,recipe_images\86ab1633-ac5f-5964-abe5-f807aadc4f4a.jpg
73557de8-1dfe-574b-906f-1abbebc6574e,Italian Breakfast Porridge 167,already_exists,,recipe_images\73557de8-1dfe-574b-906f-1abbebc6574e.jpg
1668f7d4-5325-5f6e-9e38-14c6b83dc48b,American Rice Bowl 172,already_exists,,recipe_images\1668f7d4-5325-5f6e-9e38-14c6b83dc48b.jpg
1461253a-7960-5e1f-84fb-124c1a11e591,Mexican Pasta Bake 166,already_exists,,recipe_images\1461253a-7960-5e1f-84fb-124c1a11e591.jpg
3bc6afe9-7b00-5cbb-a2cf-e5ce34b63816,British Vegetable Curry 173,already_exists,,recipe_images\3bc6afe9-7b00-5cbb-a2cf-e5ce34b63816.jpg
b42d563a-e9a0-5efe-a572-6286ce3c4854,German Stew 171,already_exists,,recipe_images\b42d563a-e9a0-5efe-a572-6286ce3c4854.jpg
b51ccac0-4e0d-52cd-88b2-a1a278d46968,Chinese Bean Salad 175,already_exists,,recipe_images\b51ccac0-4e0d-52cd-88b2-a1a278d46968.jpg
907986a9-cd9a-5644-bfd0-9e66a2ff7003,French Spiced Meat Platter 170,already_exists,,recipe_images\907986a9-cd9a-5644-bfd0-9e66a2ff7003.jpg
56e4d7c5-050d-5ab7-a492-1f575ae40510,Indian Grilled Fish Plate 174,already_exists,,recipe_images\56e4d7c5-050d-5ab7-a492-1f575ae40510.jpg
8ae61596-cf9b-523d-b9f6-c8c299b82e3c,West African Quick Soup 168,already_exists,,recipe_images\8ae61596-cf9b-523d-b9f6-c8c299b82e3c.jpg
3b6e1371-dc62-5839-92b6-b1240a059823,Japanese Pasta Bake 176,already_exists,,recipe_images\3b6e1371-dc62-5839-92b6-b1240a059823.jpg
4c545865-5fae-507d-8048-4a8ca6ecf148,West African Spiced Meat Platter 180,already_exists,,recipe_images\4c545865-5fae-507d-8048-4a8ca6ecf148.jpg
2fd2aa7d-8341-5914-becd-6aa02f4b1cf3,Mexican Quick Soup 178,already_exists,,recipe_images\2fd2aa7d-8341-5914-becd-6aa02f4b1cf3.jpg
2f982232-86d0-5925-a6d2-b3bc3974e1b9,Italian Tofu Stir Fry 179,already_exists,,recipe_images\2f982232-86d0-5925-a6d2-b3bc3974e1b9.jpg
021fbc90-df5f-54ef-b6c2-a7405581d57a,Middle Eastern Breakfast Porridge 177,already_exists,,recipe_images\021fbc90-df5f-54ef-b6c2-a7405581d57a.jpg
136b343b-6d6a-5854-a3ca-341190e74676,Cameroonian Stew 181,already_exists,,recipe_images\136b343b-6d6a-5854-a3ca-341190e74676.jpg
efa7fce8-296b-5786-9683-3e82d9599002,French Rice Bowl 182,ok,https://pixabay.com/get/g3e2de5057fdbea45594a03dbafd54c820813495bdbaa60f06f7274ae0f9e412d29d9b64535d1da0a5a9821de52bd6530_640.jpg,recipe_images\efa7fce8-296b-5786-9683-3e82d9599002.jpg
77b87e5f-ca1d-53bf-a910-2895ca3de22c,Indian Pasta Bake 186,ok,https://pixabay.com/get/g5419d0ebe5ad1c19e609f30cf68f5b074759e3846c41524c02c71cf780f30acb0dcf4203724fd3a62196d8940d34626e_640.jpg,recipe_images\77b87e5f-ca1d-53bf-a910-2895ca3de22c.jpg
ea3c7aa6-fc66-58d2-8c2c-4bf52555063c,American Grilled Fish Plate 184,ok,https://pixabay.com/get/g465cd0e126399d7d1c4ce708a2519931d72796434112d289df2b654adeb2e7a71550a2129e11ca2340e7899db32948c1_640.jpg,recipe_images\ea3c7aa6-fc66-58d2-8c2c-4bf52555063c.jpg
4a6ca7d1-8dd8-516d-905f-7acedfdb52bd,German Vegetable Curry 183,ok,https://pixabay.com/get/g3ba41a174dcc48823197ef8e8a5dd00bd4ff8e31c68aa2d80113bed9ec9fd550a211311d81241cb536ae8a26d9ca9ac4bb86025ce2a9d210947b7749d01630b1_640.jpg,recipe_images\4a6ca7d1-8dd8-516d-905f-7acedfdb52bd.jpg
7f5d7664-6300-57a3-bbd1-cb4d5a389209,British Bean Salad 185,ok,https://pixabay.com/get/g3db3a9e9690d2a9b8327ebcaaaf251a81f95c528c37210dc80b0d1c055861c2598adda2341671c81db3ea9e61e9301636d84da2467cec5a4fb0e494049f7e6bd_640.jpg,recipe_images\7f5d7664-6300-57a3-bbd1-cb4d5a389209.jpg
acba315b-6934-5a70-90ab-bb8ff3a70d72,Chinese Breakfast Porridge 187,ok,https://pixabay.com/get/g63535d59d27dfae305f432b67432616b55b25d89bf69a609da8ad856bb8a76905e984355b85899f7ccbca12ee716ccb140d9f26e2acf1599cd5a6d6213d45fb8_640.jpg,recipe_images\acba315b-6934-5a70-90ab-bb8ff3a70d72.jpg
bebf7c5e-9388-530a-bd99-4b334ce494e7,Japanese Quick Soup 188,ok,https://pixabay.com/get/g56e742c9172a92af052ec7a3cf18ba30228036b786a7ca3353dad25de166939d0876f71e1fc9c98b309a18443a3a126a87e6fa58d7b3d9c9b88174e02b7330f1_640.jpg,recipe_images\bebf7c5e-9388-530a-bd99-4b334ce494e7.jpg
97299e3c-54c5-51ae-8253-91bbb2466a7a,Mexican Spiced Meat Platter 190,ok,https://pixabay.com/get/g5200d13b07b13d02ca6041cb13c430ff5a8da41269319f23a3cd3f438732299fee63c2ca9016c27cbdf9607107014d3cb5e2088a570648a359ff8acf5acc6cf8_640.jpg,recipe_images\97299e3c-54c5-51ae-8253-91bbb2466a7a.jpg
7c3d3ffb-b0c5-5dde-bef7-e1017c0a92bd,West African Rice Bowl 192,ok,https://pixabay.com/get/g2c92de703c35fd934706386ad78ec06bb13c9f420bcd371f8ee87b037e353853756cce1feb2173d58bab41b4b7f8cd6f_640.jpg,recipe_images\7c3d3ffb-b0c5-5dde-bef7-e1017c0a92bd.jpg
3d25fdd4-8bd7-51e7-b775-1ecadf00c2dc,Cameroonian Vegetable Curry 193,ok,https://pixabay.com/get/g06244c31ca546ca049644c608085856a661824bd5690ce732fda5faa49d3c4ab1dfab34217cdab02727f60028f7b0ae6a5ffcaddd1baa3c50b831f5da42c4ad5_640.jpg,recipe_images\3d25fdd4-8bd7-51e7-b775-1ecadf00c2dc.jpg
35f78fc2-6154-54b7-80eb-5f23b4cbcad0,Middle Eastern Tofu Stir Fry 189,ok,https://pixabay.com/get/g5dfd15aadfa715a53d343b4f51db3af5e0d8cad5545a2bb6f57061de57be9c7bf5a7cd355ba82a4d363b7df6677de6235f70d4590c660d941247a6f89def9748_640.jpg,recipe_images\35f78fc2-6154-54b7-80eb-5f23b4cbcad0.jpg
3c92f87e-d150-5884-adcc-56cd6e5dd8bd,Italian Stew 191,ok,https://pixabay.com/get/g088970aae57c8dfe880e41bdcf08032aa54c1625a76f15a0b43c2dc9b32841f6df05b0808bc615cdf36bb4b5102a8f0027edefe924e6d3666be1521569e8fefe_640.jpg,recipe_images\3c92f87e-d150-5884-adcc-56cd6e5dd8bd.jpg
e03343fc-0d69-5ef8-9033-9e29565eb934,German Bean Salad 195,ok,https://pixabay.com/get/ge14ae8db7e6e6bc31793ae496df701f758b74a3a8823512e48d746cc8b25c062a14e6546c4aa168d843cbc53b782ca61d0d0ffd50ac9ac043496f51d4ec3edb3_640.jpg,recipe_images\e03343fc-0d69-5ef8-9033-9e29565eb934.jpg
3d2ce165-d911-5bef-b73b-ced97812a4e1,French Grilled Fish Plate 194,ok,https://pixabay.com/get/g0ce48642bf41daa48bf9115e376a7dc36dd736f6ece082b998fb41d186c20afb0bb4920dbd4107b3a34080e6c548cafc_640.jpg,recipe_images\3d2ce165-d911-5bef-b73b-ced97812a4e1.jpg
c4766f51-600a-5541-9bdf-12267934e9dd,British Breakfast Porridge 197,ok,https://pixabay.com/get/ge7bc1507d54adbc4637e28a46f72c8eb556d4dbcb6ba3b948e1e349c47bb1168f7959aeea8237f62c349805bbc407a980c3405cd39c00a83cbdd6124eacdff27_640.jpg,recipe_images\c4766f51-600a-5541-9bdf-12267934e9dd.jpg
88396524-aa51-546d-8b90-76674dfc0697,Indian Quick Soup 198,ok,https://pixabay.com/get/gd2d6ef5ae75557d41de6cab1a6fc8eb62560fd6edceeed2623c060f1f5ae7512ff85aa34afb5988b06e1abcdf42779ca7e9a521dbe7b9393107a267ffb00cca0_640.jpg,recipe_images\88396524-aa51-546d-8b90-76674dfc0697.jpg
66ce3d1a-75f5-59bb-a0de-a5b4f5d7b3f9,American Pasta Bake 196,ok,https://pixabay.com/get/g3a5684dd438de7b76042d66b40cdd5eae14751fe46ae846a9a9ef2f0752b798d81a0fbb31796ee27c69e162dff6c539f_640.jpg,recipe_images\66ce3d1a-75f5-59bb-a0de-a5b4f5d7b3f9.jpg
9d9e00c9-3005-5b81-a04a-b2341105c1c3,Chinese Tofu Stir Fry 199,ok,https://pixabay.com/get/g21cf270b064bac6f6c00b260daed252ac8bed5b519a3c59bfdc82de12227b252625417d7cd2ef1535b528779463db6f2de09074ba95fc4dc8f66806065d2ea7c_640.jpg,recipe_images\9d9e00c9-3005-5b81-a04a-b2341105c1c3.jpg
b7d8a84a-6301-5205-a8b1-a225580379d6,Mexican Rice Bowl 202,ok,https://pixabay.com/get/gf8f8656e46a59a3dc59cc8a9f7b634ad22ee8c056d9b47a851b3afa45eb959b962d90bf1b9e585ca3bd13acaecf4d9f8_640.jpg,recipe_images\b7d8a84a-6301-5205-a8b1-a225580379d6.jpg
3c29c9c0-5ba6-590d-b786-e06755776cce,Middle Eastern Stew 201,ok,https://pixabay.com/get/gbb6fc670e2d30115031ff997f1ee5029223b21d24821f501e289725a0f9f9512f3f09616e422e4c84909ba190785e565f75eeb181a1eb0482abca77be4c3bf75_640.jpg,recipe_images\3c29c9c0-5ba6-590d-b786-e06755776cce.jpg
ad2ce7bc-4f72-5ce2-9c23-3e9d4b125d15,West African Grilled Fish Plate 204,ok,https://pixabay.com/get/ga6705d7a666f118947066e1a096dda5f73918d253d0ab736c4de214498c12d250f5d526df56197d0bc89b60f85c5a6d145f6fdb693e2568375976745f63587f8_640.jpg,recipe_images\ad2ce7bc-4f72-5ce2-9c23-3e9d4b125d15.jpg
a4c57641-03e2-5471-add8-0e1490ef22c9,Japanese Spiced Meat Platter 200,ok,https://pixabay.com/get/g671dc8ce03df539fdac31ef26a4913ef3e18944b7ed376d016518a8d1df782574cfcbae3ac5f0b69f4f89b407f0019bb4ee203bb32b37de620edc94cbf6f464c_640.jpg,recipe_images\a4c57641-03e2-5471-add8-0e1490ef22c9.jpg
8261ada2-b204-5a28-bb6b-8e8d95a8bae1,Italian Vegetable Curry 203,ok,https://pixabay.com/get/g2f8fb5a875610b5955543153c57672f649d9a1f63decc43562197018188f1204d3359d3a581ec4b51912241cab05917f_640.jpg,recipe_images\8261ada2-b204-5a28-bb6b-8e8d95a8bae1.jpg
871b52cd-34b4-5d86-87cc-10e826a5a49c,French Pasta Bake 206,ok,https://pixabay.com/get/gbb2f9c58b5cb51dcf69d7dacbcde07dd8610b60f039214484379be5d3ea0ffc1df610f9d9f3abb1b7fe64fc328e72b0d_640.jpg,recipe_images\871b52cd-34b4-5d86-87cc-10e826a5a49c.jpg
4657e078-311b-590d-ba79-80f73f7adaab,Cameroonian Bean Salad 205,ok,https://pixabay.com/get/ga92a7b3fcebc75b231b97a28d1cf6e7785d1daa5871ba97f4878dd30d9bdcbeb4216f146b4843e2f8b0b1e44c832b8bdf03ab718e6de69d6a70af4fbd7b13295_640.jpg,recipe_images\4657e078-311b-590d-ba79-80f73f7adaab.jpg
d1b37d48-d1a3-5e22-8bcc-ae2e267a7049,German Breakfast Porridge 207,ok,https://pixabay.com/get/g7fad3747d0224e6102e8c85e57bb364f0bfd8fac1bf4f0ba1fada9b4534e013591275a84e9fddf6a4f287070cc1a2a7af59e9317769744a3f1e0ef5fee914a9f_640.jpg,recipe_images\d1b37d48-d1a3-5e22-8bcc-ae2e267a7049.jpg
576d6676-666b-59cc-ab62-93a86b237454,American Quick Soup 208,ok,https://pixabay.com/get/g9f980428c1c865fc2c6d7d2157f61039afeb0772425946b3870deb511d41564d2d9261e31e090a3f7607ca5cc8f4e73f4528f01ed8f25208eab6d6a5223df4cc_640.jpg,recipe_images\576d6676-666b-59cc-ab62-93a86b237454.jpg
ef5168a7-56eb-570c-90ef-2a859ce3be20,British Tofu Stir Fry 209,ok,https://pixabay.com/get/gbb0a37b22a2d43b2cea1b3a8e20d59c3872d5e56e3608a7069ac143ffcfd3e536c46ad26a437a9188adc173e9b72246e75f8525820be81aa9716924ae934fa6c_640.jpg,recipe_images\ef5168a7-56eb-570c-90ef-2a859ce3be20.jpg
14c47138-4c6c-5305-963a-e9d38c852bef,Japanese Rice Bowl 212,ok,https://pixabay.com/get/g032ad341af5b696ffd4826f1ff3ec89a614f2a4130ba459624402b19b985b2aa96232c26dc04d16fd081a5762d872335_640.jpg,recipe_images\14c47138-4c6c-5305-963a-e9d38c852bef.jpg
a540be3d-1f7c-5d96-8c37-7615fb651e7e,Chinese Stew 211,ok,https://pixabay.com/get/gae64bcfb44911eccde29c4418c073f1d1ef68248a9de6bae60eafd4dc6f3a3224b4c1fe07ce4340175f884307acc234900089dc6c1d796bd096c2bc1a1732a06_640.jpg,recipe_images\a540be3d-1f7c-5d96-8c37-7615fb651e7e.jpg
86e44426-e334-5f23-9a0d-9a894d9b37c6,Mexican Grilled Fish Plate 214,ok,https://pixabay.com/get/gb71d0b3b7eb841abae5350d17b6c06f4ccfd51678ea3db553bc67e22e4a7c8c6283d555a4508f6b4520a8989ae4060b4_640.jpg,recipe_images\86e44426-e334-5f23-9a0d-9a894d9b37c6.jpg
7cb5f4d5-d01f-5af4-aabf-5a1fc4558031,Middle Eastern Vegetable Curry 213,ok,https://pixabay.com/get/g7e9b304eac382016103a96107ca679df9c5840666eb6c9c528722869a29356e9990d65a65d87ca3e6e1c2cbf4684c4042f71c9676400aeab818a67b0a03a770b_640.jpg,recipe_images\7cb5f4d5-d01f-5af4-aabf-5a1fc4558031.jpg
d04cf3f4-990c-5a71-8219-e7d780c89f0f,Indian Spiced Meat Platter 210,ok,https://pixabay.com/get/g480270853a7e81db786559cbaa40895341c7eb2c402e7b8fa5ac453a4d559c2f92a150f9d5a6c81174dc76f64ba8aaa06747962c718ef35ac57753525e9f2e4a_640.jpg,recipe_images\d04cf3f4-990c-5a71-8219-e7d780c89f0f.jpg
25b23e62-12a2-5fb2-9944-bf80e9493c8b,West African Pasta Bake 216,ok,https://pixabay.com/get/gfcab47319769578050f6d54275389250dd231ff9b25c9ce1e1c8f87ac6408fa76d51771cbccdf575b917ce21bb10328a_640.jpg,recipe_images\25b23e62-12a2-5fb2-9944-bf80e9493c8b.jpg
1841d21e-7161-5145-9dac-c85cd7f091e2,Italian Bean Salad 215,ok,https://pixabay.com/get/g07067e9ef79349132f820b76787e188f78fbd20725f7b1a5b9cc55adbe18542618006f6f63cbee9323bb74a7a218f98ee9c4e4f9841a24d1ea60506d94add7ee_640.jpg,recipe_images\1841d21e-7161-5145-9dac-c85cd7f091e2.jpg
39bb92d1-f1f7-5da8-9b6c-b6b851f74405,Cameroonian Breakfast Porridge 217,ok,https://pixabay.com/get/g2d724f15145bdc03891c70a47dc7590ca7f3d164df57080b2750b5d4a1e17110348161525aa063f7cbc18f1b6a3d478d3e16c7afe5c20303287ae5bce0798ee4_640.jpg,recipe_images\39bb92d1-f1f7-5da8-9b6c-b6b851f74405.jpg
65503e28-0669-5af9-ad91-da409a58d37e,French Quick Soup 218,ok,https://pixabay.com/get/g248baeaedbd24cde460e48d27bff32d02a83d9b7d6d7867b8fc2b340db665a64cc2851b9aeafc5c9c718fb8997d386e3f83006c5e17f43861703bfa5a96d845c_640.jpg,recipe_images\65503e28-0669-5af9-ad91-da409a58d37e.jpg
9e08f31c-b4ee-5816-916f-a1cb9008206e,German Tofu Stir Fry 219,ok,https://pixabay.com/get/g78a5863c0005cb22e1dcab3ae88235c24ac1dd5bad8fb28fdd5ffe915077e9ab96f1533f7c1d53e5ac383b57ff00a63439a829967d72886aca0c7c20e39c96f7_640.jpg,recipe_images\9e08f31c-b4ee-5816-916f-a1cb9008206e.jpg
7d4c6b10-c4f1-55ea-b74f-29c7d573b6ec,British Stew 221,ok,https://pixabay.com/get/g1addd15ba95292822d6552a6fc04517a0c1a4588eccdc26f9b94b356836bb55c322493e51cfb71edffa3311c10545c3e_640.jpg,recipe_images\7d4c6b10-c4f1-55ea-b74f-29c7d573b6ec.jpg
28085f9b-b256-5054-9155-9ee7dd4cdfee,Japanese Grilled Fish Plate 224,ok,https://pixabay.com/get/gd018ec9b92974296353a892d0adf6990f5947a6f0c1b8f17c4e9cbaac2de82d21d42110dae96ab55818094c170fcb181_640.jpg,recipe_images\28085f9b-b256-5054-9155-9ee7dd4cdfee.jpg
d90eec77-dcb7-5748-b2f0-91ca92bcf450,Chinese Vegetable Curry 223,ok,https://pixabay.com/get/gbf580b41d869a6523f5aa04c0cee995289467128395a82e1d8843c724985604471e47190be6cb0b70797bdf20d85f07a5d41c280303e3aba92ee8744860fca4c_640.jpg,recipe_images\d90eec77-dcb7-5748-b2f0-91ca92bcf450.jpg
80d3bf7e-d541-57db-8a67-ee1228b6d20f,Middle Eastern Bean Salad 225,ok,https://pixabay.com/get/gacd2689a46a7ff2c218861a32ce0665b4833e5cc44467ef21da932d2348ffbeda893ef426236931f8e348bfd886a7b70e52af4d76b5e47ad9eb112611dd7dd2c_640.jpg,recipe_images\80d3bf7e-d541-57db-8a67-ee1228b6d20f.jpg
696bd3dc-aa46-53d9-a249-b99827ba053a,Mexican Pasta Bake 226,ok,https://pixabay.com/get/g6ded5e400458a32c497ea94ab02f29ac58fd2a8cc4fb77607cfce2220d76f79115852b9cd852150610e6856150355838_640.jpg,recipe_images\696bd3dc-aa46-53d9-a249-b99827ba053a.jpg
387d4bbe-606e-5c0e-8983-bc5b4b89e633,Italian Breakfast Porridge 227,ok,https://pixabay.com/get/g0e53442b63d65fd23ad4b6256807a91fe5e93086b0cdea5e60e03c5b364eb82c3fd759849163c989f3244516aacf81e3e2d2f0662316af0d11ec3b87a607d327_640.jpg,recipe_images\387d4bbe-606e-5c0e-8983-bc5b4b89e633.jpg
319500ab-d5ae-54e6-b027-8200967374a3,Indian Rice Bowl 222,ok,https://pixabay.com/get/g3a52a6a529768bce7767d408a0dc399b39b99757aa061d1f3af9400c6a47df175c8eb33b5c8328e5650652c8ed352b3d_640.jpg,recipe_images\319500ab-d5ae-54e6-b027-8200967374a3.jpg
891aa3e1-63c5-57ac-a174-d99a4e2a2ec0,West African Quick Soup 228,ok,https://pixabay.com/get/g1e0119213e9a4ffc316abae4c387995138c8bde0c07d558373db00a0eed91e0698a1ac78df7ad135ca0e451c2ceebaaa522b6cdca6ccb1244afaec1cd95665c9_640.jpg,recipe_images\891aa3e1-63c5-57ac-a174-d99a4e2a2ec0.jpg
f0738617-b3da-5aa4-ae23-a667e3a06eb0,Cameroonian Tofu Stir Fry 229,ok,https://pixabay.com/get/g8e386be34341ffca00fcae0d157778c2846ed92ad18e2e80f855829b82faa9effa692829af91a749fd3d8f52cf529429af8f2dbbab1e9e17c3497ca98ca9e4d6_640.jpg,recipe_images\f0738617-b3da-5aa4-ae23-a667e3a06eb0.jpg
c1f2650e-36be-519b-8696-19674e453500,French Spiced Meat Platter 230,ok,https://pixabay.com/get/g2075792b5a9b3c8917f0866b1a30df4523d2bad2202028c812ca784fb798afeae00ac5d32bda31e583d23d583f422ff323c0aabc8649d6efea1d106c3efd8064_640.jpg,recipe_images\c1f2650e-36be-519b-8696-19674e453500.jpg
a542c437-bebd-5db8-a6b6-45367e02c07e,German Stew 231,ok,https://pixabay.com/get/gecc02a633f23576bbcd388dbdcdc11fef7d5753d631828bf7ee002e1e9e3e6fe18c64aaabb31a3e663858d0cfabd74de836eb8062b94cb3fd708bc156eb2b83a_640.jpg,recipe_images\a542c437-bebd-5db8-a6b6-45367e02c07e.jpg
0dcea175-8e77-5af0-b245-233be4f8fdb0,British Vegetable Curry 233,ok,https://pixabay.com/get/g0f6db592ac3ae89c8b681dcde6d5c783a0adf97226d0607496018fc9e560cc69bf495cec66fd691b378ce6cf073321afc02f0bf6cc9369d9638d936f7ac9984a_640.jpg,recipe_images\0dcea175-8e77-5af0-b245-233be4f8fdb0.jpg
d615f3d2-a401-533a-a60e-382c1974ca7b,American Rice Bowl 232,ok,https://pixabay.com/get/g293cc9fc406c4158c5dbdef392c97c47ef029ee579d138b1dbbf6857f72e7931d360212848f122648a73c19f34ab7595_640.jpg,recipe_images\d615f3d2-a401-533a-a60e-382c1974ca7b.jpg
492137d1-f50c-5c81-81b5-46070a748860,Indian Grilled Fish Plate 234,ok,https://pixabay.com/get/g3a092da8c289a0e9f3e1292dbb2e1c00f6c2ed9a0b039d1d78fab7b979680e305b7ab0270c4d370ea207e66b226d7407_640.jpg,recipe_images\492137d1-f50c-5c81-81b5-46070a748860.jpg
41eba493-87dc-5dd1-af43-a5ce50de8889,American Spiced Meat Platter 220,ok,https://pixabay.com/get/geb8532c94ad6d110a460a40635b5f3ba9bf97a8769a17dd74144e5920ff08c38eddd9f250d520f3710773a9f1675c24b48704c32b504d2927a18ae865beae469_640.jpg,recipe_images\41eba493-87dc-5dd1-af43-a5ce50de8889.jpg
4c386c68-4504-5225-a642-edb5ba16a05f,Chinese Bean Salad 235,ok,https://pixabay.com/get/g58d4547fa702ede25ad4ed0e3c5d969635ff9f6746f00dd833f4b8e7c5b07dac0c6fce6c7adea797a8eaf3b7840fc005b0d660e1b388d6d1eec1a13f3152ba09_640.jpg,recipe_images\4c386c68-4504-5225-a642-edb5ba16a05f.jpg
4e5bc146-ffbe-5a4c-92f2-a9eed0628672,Middle Eastern Breakfast Porridge 237,ok,https://pixabay.com/get/g17da518df9d6d4118176523f5dbc49eb73067523babed2679b370f7fc23f4a094125a4e82364c1aabb10c513a3f6f864952a5fcf36d0fce9640ca81efdf00ecf_640.jpg,recipe_images\4e5bc146-ffbe-5a4c-92f2-a9eed0628672.jpg
d50ae580-d6b0-5ba4-bb4e-1ea5330da060,Mexican Quick Soup 238,ok,https://pixabay.com/get/gad9c7d3ad278e0cef6f3188d065bf997356a35844407a6daf27dafccfb1359dddd05d7d42abecba76b2fca1a5feff7daff336ace046cae78c7b85bddfece3c06_640.jpg,recipe_images\d50ae580-d6b0-5ba4-bb4e-1ea5330da060.jpg
fa0e5f94-e6c4-567b-8c54-c817a832867d,Japanese Pasta Bake 236,ok,https://pixabay.com/get/g112894341feb74f163b0aa4a0ee4271686435580733705b0e1204d52fd8dad3c815dc6e14643a4b10a9e884cf3fea80c_640.jpg,recipe_images\fa0e5f94-e6c4-567b-8c54-c817a832867d.jpg
b18ef3e9-d621-5303-b6d2-3632650b4c33,Italian Tofu Stir Fry 239,ok,https://pixabay.com/get/g822b64d83bc720cf0b6442bfe9a1a053e8bf926d73382a556dda0c7cdfa155ed40f8a0ac81122c302d408beb2d029e4e2196554276caed5cbb0287acb96bc08c_640.jpg,recipe_images\b18ef3e9-d621-5303-b6d2-3632650b4c33.jpg
470dcdfe-9662-51e6-9394-cf202aecd74e,West African Spiced Meat Platter 240,ok,https://pixabay.com/get/g75809a4cb440615b0cd176c606768a1a426581e6710e0f9ce293236b9bab00094795909819c5614215bff6d856d005d3fcc6ea21c90979bbd46c776a8651a4a6_640.jpg,recipe_images\470dcdfe-9662-51e6-9394-cf202aecd74e.jpg
d851d65c-8964-5c62-8ebb-26c1f527e6e2,French Rice Bowl 242,ok,https://pixabay.com/get/g56ddf5084482fbb67f1858b7d9605238bebca208cb5aad6da0edddf7f64693f7d2bf93af783223d69ae9e670b23b6bb2_640.jpg,recipe_images\d851d65c-8964-5c62-8ebb-26c1f527e6e2.jpg
02d4746a-4f94-5130-b9cf-8c334eae6f0a,American Grilled Fish Plate 244,ok,https://pixabay.com/get/gdc1c4dbb9ac64ff228a3a53a0614d7fe4536667ad069465fd8e3d38706be95433ba290e2bb420aac25343520fb21870c_640.jpg,recipe_images\02d4746a-4f94-5130-b9cf-8c334eae6f0a.jpg
92da3d4c-2e85-5e31-875b-eb45e659a3ab,British Bean Salad 245,ok,https://pixabay.com/get/gf0dad6374d4c538149c8c5fbf938eefa3be87c8289833bf4db8d9aeaaa95a0296582a0b1a73853ced6f3b8300a9a39117366b66c3848213eec3774e63912089f_640.jpg,recipe_images\92da3d4c-2e85-5e31-875b-eb45e659a3ab.jpg
daaa68af-4eb7-5803-985e-4eb161a7b259,German Vegetable Curry 243,ok,https://pixabay.com/get/g8fedaf6a7bdf23704e2350925025976d74c92f81a1d2d2101dfa0ad78ff1d49e1664682bf457e761db44b9dfad3accaaf971980da0fe8a3edb50dca2ba03c295_640.jpg,recipe_images\daaa68af-4eb7-5803-985e-4eb161a7b259.jpg
f8e98c3b-46cf-5b0b-9a45-e3cca4f6381a,Cameroonian Stew 241,ok,https://pixabay.com/get/g3af49d995f8d382b475254d1a30e8f7238fad1797548ad37b7deec829fcaf41f31904f68c0f78ec357cbe00bb4b02815_640.jpg,recipe_images\f8e98c3b-46cf-5b0b-9a45-e3cca4f6381a.jpg
e7ba30d0-8024-5d15-86fc-4982a014c93e,Indian Pasta Bake 246,ok,https://pixabay.com/get/g82b72b0773a9d1f5b8ac3fdd51dd3e95b4a4e14894bcfad02e37c205e9371d6218944db6eef0974c8949ee64a86e5685_640.jpg,recipe_images\e7ba30d0-8024-5d15-86fc-4982a014c93e.jpg
09ca2129-bbe9-5a76-bf49-aa892f111175,Chinese Breakfast Porridge 247,ok,https://pixabay.com/get/g4528a35e10e60e3d025b885a792b1736283578c88c97613754e0272c99efdacfd2a4a4bec21d31780833870c3dd3ac73fc4f1b519bfcc22b7267f3ea234b9053_640.jpg,recipe_images\09ca2129-bbe9-5a76-bf49-aa892f111175.jpg
88eb1aca-975f-5afb-9fef-604f95d7cf5e,Japanese Quick Soup 248,ok,https://pixabay.com/get/g66ff55efe9466f086439650b11a601bbc98a02ef65bc75f3232c34556da2810be9e870d6db0e1a29023a12bb070d1e2719664faf7f8587d190f79770d72d8ffa_640.jpg,recipe_images\88eb1aca-975f-5afb-9fef-604f95d7cf5e.jpg
b7836b72-ca7d-5906-985f-0da5d1eed1de,Mexican Spiced Meat Platter 250,ok,https://pixabay.com/get/g200a9a58f270163b68142bafc305d391800312be62e91ea4d5247675b99bca9fb1866bb81d9caf28cc5fe2cc4bb423cc74bc055b3705dd61d4c6fd6d1d01180c_640.jpg,recipe_images\b7836b72-ca7d-5906-985f-0da5d1eed1de.jpg
b7272e3c-89b4-5d78-8d71-72e62813dd86,Italian Stew 251,ok,https://pixabay.com/get/gae1394c83beebc99cacc5a55e86ee74db81ba837a917fccdb3a43c5f02e1081417937b1998ac86c001ca8dddf2128ccc3083cc9d2c809b4daa5d11d8d7706d64_640.jpg,recipe_images\b7272e3c-89b4-5d78-8d71-72e62813dd86.jpg
8bc2fa80-71a3-5da6-8a1b-e17c8499db0d,Middle Eastern Tofu Stir Fry 249,ok,https://pixabay.com/get/g864e5b3dd6451f84961c56c533232a9049a3a05530c4813faa520f86b56d7c38323e67fbc3bffed5b2355054b74698bb456cef08086f536abc3ca8dc3d3d9781_640.jpg,recipe_images\8bc2fa80-71a3-5da6-8a1b-e17c8499db0d.jpg
e513f16a-4ab0-53e0-8518-287f0aa9d46b,West African Rice Bowl 252,ok,https://pixabay.com/get/ga3beed2c7ca898679b7724409dc4c2b9e7dd6fa6eed8dc0828792b5de4478d6df5a01dde147d34be9828d0b952c7e82a_640.jpg,recipe_images\e513f16a-4ab0-53e0-8518-287f0aa9d46b.jpg
e6656b31-a6d6-522d-9082-56bc143b5266,Cameroonian Vegetable Curry 253,ok,https://pixabay.com/get/g0b24f572cd6f689ece71c53a9350f0f5ea6e7918d841cf600126bb12346119aa9014208cf6a0c46679165f01aae6fec5053ea7e7289adb5bda63f55363335222_640.jpg,recipe_images\e6656b31-a6d6-522d-9082-56bc143b5266.jpg
429fc56c-cac4-52bc-8cb5-c83fedbd7540,German Bean Salad 255,ok,https://pixabay.com/get/g831d5636247e780a1688abdf041660a1bfec0939458eb3fc62ab7dd11aaa45495ba4c321950c9a13efbd50072231385a71b599cfcb6e3864aa935a08862f6d29_640.jpg,recipe_images\429fc56c-cac4-52bc-8cb5-c83fedbd7540.jpg
37d215da-29a4-5388-abbd-4904c6a50b9e,American Pasta Bake 256,ok,https://pixabay.com/get/gf83eb28beb86480edc04cc1bf0876499552835732c2d914c81bdc0f638c8dd144abddd14d2fee6bda18c2f72434eaddf_640.jpg,recipe_images\37d215da-29a4-5388-abbd-4904c6a50b9e.jpg
ffc9b04a-068f-511a-a058-30294e783a8a,British Breakfast Porridge 257,ok,https://pixabay.com/get/gf3d330ae5e67a4013ab13eb37df0cd00eab23f989471869bde1a055bc9b1cf2b5f8d3e5efeba211b4aa7e8a07e12e1c3325928ff5d7a7fe6cd5e862585cdf948_640.jpg,recipe_images\ffc9b04a-068f-511a-a058-30294e783a8a.jpg
e1f74a0c-db02-58b6-8a6c-16d7ac0812c6,French Grilled Fish Plate 254,ok,https://pixabay.com/get/g0a99835e77b53af0ac1db857ee2e7609cb0ccb69b02472570c3c0b61203113e760f15463dbaaf915359ae091ee2d8766_640.jpg,recipe_images\e1f74a0c-db02-58b6-8a6c-16d7ac0812c6.jpg
caf25008-169a-59f9-a41a-5ebba0073fe9,Chinese Tofu Stir Fry 259,ok,https://pixabay.com/get/g753991d157c083ce9290f5e8121cde66b84163ddfe5a195d5a125927352604e126d125a82fdc1d597a89beeb5a0a3d70763de9d65a5b6d696f9e726b227e32e8_640.jpg,recipe_images\caf25008-169a-59f9-a41a-5ebba0073fe9.jpg
c89e9516-6fe9-52a9-867a-9e52012d0009,Japanese Spiced Meat Platter 260,ok,https://pixabay.com/get/g8d1e1515b26e223c26d4325366e2ad43cf3d601a4636b21b1c1b887b5573c3f9c979f5dcf86f7296752f4d81e3e6cec8be95d353fc1c4b8a5a43ce2254e55683_640.jpg,recipe_images\c89e9516-6fe9-52a9-867a-9e52012d0009.jpg
b5b06703-a164-5daf-b6e8-5be0d6b1ff0a,Indian Quick Soup 258,ok,https://pixabay.com/get/g83023efc592e2919143e051ab11aa4bfa2fb1c5964fec80898e66ba656c95d33571e4efcef98deb5f301b45edc70adb55fac4373875938b772a5601b79200259_640.jpg,recipe_images\b5b06703-a164-5daf-b6e8-5be0d6b1ff0a.jpg
5e94d3f8-128d-52e6-b59d-c7c7b246173b,Mexican Rice Bowl 262,ok,https://pixabay.com/get/g63576d8d9e53e9350801c1804651ed9a07a78987ebe47463b4b31f9d1349f0e98bb0ee9bff9c3130690a8dc23b89e236_640.jpg,recipe_images\5e94d3f8-128d-52e6-b59d-c7c7b246173b.jpg
14292b01-2cb4-5524-a325-8daff2d4b7b4,Middle Eastern Stew 261,ok,https://pixabay.com/get/g3c20e08935577cfe05f09b4d6c6c4e6e42539f4ae5bd303f751246141ccdc8496350b3e2bb42eb5c14d7ac0acc6a9883f8e40ef2ce79d7f6b4c9333eb76447a9_640.jpg,recipe_images\14292b01-2cb4-5524-a325-8daff2d4b7b4.jpg
ac5f4f84-347a-57bb-93e9-7933c775f2b0,Italian Vegetable Curry 263,ok,https://pixabay.com/get/g9332c4ebdff831d9c4e939e2a76719dba97b7a600019cbf304f0e446444692ace310a9bf9f6b2fd0468e1d68d2b9f7d6_640.jpg,recipe_images\ac5f4f84-347a-57bb-93e9-7933c775f2b0.jpg
1ad83598-c5ac-5cb5-8317-2ac8bcaec0e1,West African Grilled Fish Plate 264,ok,https://pixabay.com/get/gdceb1c76b3780416b9ff14d82418e9c6fe111e6d1945f7df85d1a233e57a0b3fb41492638e3e49964bee677633107664dc97116cfeaf9262a887d92b08d5dcfe_640.jpg,recipe_images\1ad83598-c5ac-5cb5-8317-2ac8bcaec0e1.jpg
b31f9d1d-69be-5675-bc32-56be180db5f4,Cameroonian Bean Salad 265,ok,https://pixabay.com/get/g61e5415b12db5bd2df5ae398e3fa2575da398972f087be0c04ef24cfb2411a3de1bfb76face165515009a054fc153da97814d5741770b6f7e550415fe5f64fa8_640.jpg,recipe_images\b31f9d1d-69be-5675-bc32-56be180db5f4.jpg
ab469db7-7659-5354-bfcb-5a8c47cae00c,French Pasta Bake 266,ok,https://pixabay.com/get/ge45045f331438ffce83f22dbe57ba267595f0c93a8f008dc9620475a65babe802ea69690f7236a81c2fe1d456f2727d9_640.jpg,recipe_images\ab469db7-7659-5354-bfcb-5a8c47cae00c.jpg
ed9ead4a-1813-5c68-9e8b-bd860f573502,German Breakfast Porridge 267,ok,https://pixabay.com/get/g54a5b950766a9ebc4247ed85b1090d35ee8b29c524d9863d0f44fdc189c44c4536776f393e5e72869c249315fd91df6ce2739c4e91eae78eea5139150431c92f_640.jpg,recipe_images\ed9ead4a-1813-5c68-9e8b-bd860f573502.jpg
7cd777d9-eff0-5a3b-8538-1c86d8701cc4,American Quick Soup 268,ok,https://pixabay.com/get/g5b5b98313c650a51600338bf570be97378df3a1b9037eaa21f4c3c545742c3161771e63784247017368e8989750ef6d17514ad1efeca027210e5db2997cf3579_640.jpg,recipe_images\7cd777d9-eff0-5a3b-8538-1c86d8701cc4.jpg
88711542-1f90-5a55-98da-26c21d3cfa99,British Tofu Stir Fry 269,ok,https://pixabay.com/get/ge592d70f68d0e2866956c92653fcebc7b73fcc7a000d4922c3b093156c294a967b08ebebdb897859cc05b2d028af60e7b9fa5e52560a396449053d810d6093cb_640.jpg,recipe_images\88711542-1f90-5a55-98da-26c21d3cfa99.jpg
7b50e8dc-9e1d-5bc3-8fcf-88428f42c033,Indian Spiced Meat Platter 270,ok,https://pixabay.com/get/ga479eedf4baa484da587ff81fb22a5d2c5e20eef7bc46e40651f7907d19b74bf2fb2993a89fbbd065317a455536650071906d401f5c1c1079b7eef84e8a8ff45_640.jpg,recipe_images\7b50e8dc-9e1d-5bc3-8fcf-88428f42c033.jpg
f5855696-7221-5263-b0d5-e6ff8b9a3ce0,Chinese Stew 271,ok,https://pixabay.com/get/g7fd6e9a3f554f5b9833792800d5a27b1a30e0f42193728b705552986c6038bb882acc84c27aed0e4a224a192f3bd91740faa3f00cbb2d658ef3aece9901ef83a_640.jpg,recipe_images\f5855696-7221-5263-b0d5-e6ff8b9a3ce0.jpg
b1c32137-54eb-5203-8e4d-fd1c0ea6a514,Japanese Rice Bowl 272,ok,https://pixabay.com/get/gcd7e27e5b209e2d3df0967daa3fa582149c598ec9f3741263745ea0e6213809da89f20755680f6e0b1c370923301a008_640.jpg,recipe_images\b1c32137-54eb-5203-8e4d-fd1c0ea6a514.jpg
898d5b97-88c0-5bf7-b80e-ac5cef185011,Mexican Grilled Fish Plate 274,ok,https://pixabay.com/get/g6ed92b09069a01d07e84ccc9c159f268b47b97c8f039e9a051e1f83cafdf7ef7fc2ea01ae9ab10a03e0954246d32d8c1_640.jpg,recipe_images\898d5b97-88c0-5bf7-b80e-ac5cef185011.jpg
37dff3e0-a538-513c-aec5-997a95bac55c,Middle Eastern Vegetable Curry 273,ok,https://pixabay.com/get/g3ecfc273a2c94664c63d5a046e2e2b40314833ec84bfd41792702173faae3fc6bbeb9f1fa13251f16354a1293685ce32ed73bacfa436e2de0d5800a6cbacfafb_640.jpg,recipe_images\37dff3e0-a538-513c-aec5-997a95bac55c.jpg
deb751b9-871f-52d3-9c64-fea053220b7a,Italian Bean Salad 275,ok,https://pixabay.com/get/g39eabc0bce53ba1d6ce1e36d48b685d01568c030bf10435f54a78b7f7319e5ec2fab832b2dea9b150fab7489e255c02c377c692bd305ec97044b56173269a348_640.jpg,recipe_images\deb751b9-871f-52d3-9c64-fea053220b7a.jpg
5db8e7d8-03fd-5e7f-bde0-410de11583fd,West African Pasta Bake 276,ok,https://pixabay.com/get/ge211fc0c23f1375bf341da57eb5e7507066b1c2a93482d7684ae52dd190085cfbd4ec9573d67e22ba17771e7c33c13c8_640.jpg,recipe_images\5db8e7d8-03fd-5e7f-bde0-410de11583fd.jpg
3a22d467-caf4-5db0-893a-3b250b34dc7e,Cameroonian Breakfast Porridge 277,ok,https://pixabay.com/get/gb0d745d00139879afd25801d89773274b4f16eb91e864cf47b02bce517becc0be6b3e95995dfde274d3f2613b8ac1162fc044fccf4591b639a78fc98a1491cfa_640.jpg,recipe_images\3a22d467-caf4-5db0-893a-3b250b34dc7e.jpg
c5888bcf-1ee4-5d89-b9d8-2c830ee08ce6,French Quick Soup 278,ok,https://pixabay.com/get/g743f5dbca541d0d6171c82954df2b3e1112b1139b542971828825767bb8965bb4353b74550f2741f25f469563ec5453f2d7717c30cd85084729ac0021d2b667a_640.jpg,recipe_images\c5888bcf-1ee4-5d89-b9d8-2c830ee08ce6.jpg
347c5b6f-3208-5fa5-a20a-471b48fc5e5a,American Spiced Meat Platter 280,ok,https://pixabay.com/get/g6589eb644a079872e08c9fe8231ca384ddbc7a3e6ab1cdf0f3ea1211d99dbfd6025523021f05596c338e885a8ccdf284216f79fa2feb0479fef3336c9a3300f1_640.jpg,recipe_images\347c5b6f-3208-5fa5-a20a-471b48fc5e5a.jpg
2b5bf597-f6b1-5fd1-96fe-f98a75a7c35f,British Stew 281,ok,https://pixabay.com/get/g8b2ecf8125f60347ddd96976b5b571bf9e3a83b56e289082a66043118f165a4e9c4f8d934db332f48891a2f8f2ccd553ff1ea25aeaf79e93f99dd535b92d6d26_640.jpg,recipe_images\2b5bf597-f6b1-5fd1-96fe-f98a75a7c35f.jpg
42392568-52f4-5af0-805a-e553b66d1b86,German Tofu Stir Fry 279,ok,https://pixabay.com/get/g66f85299b690a04f7e6a88ad8f06cc281507970ec4b61e644866323a236521d9b84895d1a43898ea3cd6ff5d0e5b3c97ae8dd38beb95ea03fd985fb032a530bd_640.jpg,recipe_images\42392568-52f4-5af0-805a-e553b66d1b86.jpg
dada1dad-1827-5cf6-be33-c508e61aaf6e,Indian Rice Bowl 282,ok,https://pixabay.com/get/g75d98fe03a764bb6fadb7346b2b35ad28ee48d8ea37f312f28344988fa1da703478a2de940a970082ad5fb272fa9eba2_640.jpg,recipe_images\dada1dad-1827-5cf6-be33-c508e61aaf6e.jpg
4a8cb9b5-b133-51e9-b605-e0d6122481a3,Chinese Vegetable Curry 283,ok,https://pixabay.com/get/g48a688c9aaac5d5bb496439914eeb6fd781fa16a95c292f91a489e616630ce58b3fa57fe97dd2d090457e823b7ef538c63c958124e99647456c0dd696f108e59_640.jpg,recipe_images\4a8cb9b5-b133-51e9-b605-e0d6122481a3.jpg
20718174-df4d-5d24-9fdf-85237755da21,Japanese Grilled Fish Plate 284,ok,https://pixabay.com/get/g66606c50cb9f66c11e2944dbe97f850dc282a52e7399fcd78cc9c761fba5738c3d371586270c70f33684ac11587b8b02_640.jpg,recipe_images\20718174-df4d-5d24-9fdf-85237755da21.jpg
ba622b04-6556-5061-a91f-6eefca06a009,Middle Eastern Bean Salad 285,ok,https://pixabay.com/get/gfc2a69e8a5e1b04b1785a7737f7043013915ab8faaae24168d26c39057a3087ef3baf88ac65cff26f094feb5d21b9a9479ac1dcbd7569fb40237a6d9861a1e9e_640.jpg,recipe_images\ba622b04-6556-5061-a91f-6eefca06a009.jpg
648041f2-809a-505d-8e11-2de537c818d9,Mexican Pasta Bake 286,ok,https://pixabay.com/get/g9d510cb52c5257b4f438ac633e28c283139c9d4228ca6e6e8169087662c6ff269e8cf705de9fa5fa22f3e875f588039a_640.jpg,recipe_images\648041f2-809a-505d-8e11-2de537c818d9.jpg
c1d1b165-f8f6-5667-8de5-b0f7bd1a65e0,Cameroonian Tofu Stir Fry 289,ok,https://pixabay.com/get/ga40b88f149bc8cb6aa3e739d881461fcc619efc7f8fafb633fab50dd836387a79fd45846f71a1a9e64e301bd074e85cafd63a0f8b10e6f12723aba24316541ad_640.jpg,recipe_images\c1d1b165-f8f6-5667-8de5-b0f7bd1a65e0.jpg
53388cbe-8ce9-5f25-a4ad-e83f6fc34639,Italian Breakfast Porridge 287,ok,https://pixabay.com/get/g3824d9b6077eb0aaf1f723054b309899f91b0de244083482260ed65051809f95968b2d2d19257a9b72f349fb803fbf208b93e82b0ea3d587da5ccd5c96a05f2c_640.jpg,recipe_images\53388cbe-8ce9-5f25-a4ad-e83f6fc34639.jpg
3a36d8c0-479e-51d3-88ab-72b77553bd08,West African Quick Soup 288,ok,https://pixabay.com/get/g9eeb6e0ae7097f663f9184ef5988e49d9a2e69a5618ec8c6d59e9ce2dbed916f46bd7f86f11c9ae1c491224523429cdd5799cd26eefff6e04850d1394f19d747_640.jpg,recipe_images\3a36d8c0-479e-51d3-88ab-72b77553bd08.jpg
32bf5d51-8ca2-5f98-a510-668e6da60096,French Spiced Meat Platter 290,ok,https://pixabay.com/get/g7625d065b6aa571f11d13ae979058d868b9d747d98142bed59cc0274f83ecc71a31012d9df095571014a8447cc25fd879f3223dfe1a0df8f6c310d37918706ac_640.jpg,recipe_images\32bf5d51-8ca2-5f98-a510-668e6da60096.jpg
b9953d25-4102-5a05-aade-8e55333ac706,German Stew 291,ok,https://pixabay.com/get/gd454ba5eb9c3cbae0dc10f5270ef9e8b10c032645a969efbffe3fdb88e3515896847484e475c9f5e25cafa3d7fe9ba97093af00e20e35f96f0d03b42debb8908_640.jpg,recipe_images\b9953d25-4102-5a05-aade-8e55333ac706.jpg
098b5832-a747-52de-b7df-900b495b6c0b,Indian Grilled Fish Plate 294,ok,https://pixabay.com/get/g32cb2fd5d39cdeeaabe0ed6562a2f3f9a600eb8ad801f1e9f8fb378dfead2766f7fe23a162e9a20c275b7b2e8d5e9ec6_640.jpg,recipe_images\098b5832-a747-52de-b7df-900b495b6c0b.jpg
d37d62fc-38b5-5a41-88b5-709da2e9c73a,British Vegetable Curry 293,ok,https://pixabay.com/get/gd379be6b752fc329d9ab0aeba4774ffa6b4a9525ceb773b83e77b5d02177c3087300dca0141cebd861da4f0933e7cce26a0fe7b9d96d273476ce3589e63e48b0_640.jpg,recipe_images\d37d62fc-38b5-5a41-88b5-709da2e9c73a.jpg
6f88fdc3-826a-594b-a33b-de391f5f09b7,Japanese Pasta Bake 296,ok,https://pixabay.com/get/g70178f00bf93253d919f52fe65d31080ca8019f4cab213dc37aa0396a339fd651840fb170c8dde71ae510209472247af_640.jpg,recipe_images\6f88fdc3-826a-594b-a33b-de391f5f09b7.jpg
7b2e82ec-4d81-5273-ad58-fe1828594b96,Chinese Bean Salad 295,ok,https://pixabay.com/get/g73b2e02a9524fef611d73ec886b0260bf69f6814dabeb242ef2a22dad54d10e291055f2dc34e53e49e13031259194f641dd564329787d6e7b1413e419983d7da_640.jpg,recipe_images\7b2e82ec-4d81-5273-ad58-fe1828594b96.jpg
231fd341-ffb3-577e-9782-dace1e8194b6,Middle Eastern Breakfast Porridge 297,ok,https://pixabay.com/get/g31048bb807bb2cac54d735827fb2502d52d4a29fced22515f9539e3c46513956922739259c6b03bae5bd2dc127d8403215f5b9a783a97e27f2cd5425f8dfa2cb_640.jpg,recipe_images\231fd341-ffb3-577e-9782-dace1e8194b6.jpg
f3f89e6a-5747-5cd3-9561-d7cdaee00084,West African Spiced Meat Platter 300,ok,https://pixabay.com/get/gc3be1a2ed1486d0c16b385153de3e54f21729a7fbbcee8e4f1e27bb4a8d3176eb1525564fc3425c07926620e6c8ee754eb821642d5cbf3746bf206f262fe13a1_640.jpg,recipe_images\f3f89e6a-5747-5cd3-9561-d7cdaee00084.jpg
ce0d5e11-3a79-5a1e-9f2c-4d6bda5222b6,Italian Tofu Stir Fry 299,ok,https://pixabay.com/get/ga18c2183b9aa113d8e249089a9dc310f980eab7863aeb6cb40b481530d16d3031335125d0c80630f1d7897bda885dbed6961cd4008fb796c7219acff39d5db6a_640.jpg,recipe_images\ce0d5e11-3a79-5a1e-9f2c-4d6bda5222b6.jpg
ff84542d-cb66-5893-b3ae-7a5a24185d20,Mexican Quick Soup 298,ok,https://pixabay.com/get/g1ab24cbb883fd92a586ea5901b8f16790484084a50f35f16ac1f6f5725a770057d1997a943ff8c6ace5f3253c62f1197e1752d8f9d820ef6e25f886ad022af92_640.jpg,recipe_images\ff84542d-cb66-5893-b3ae-7a5a24185d20.jpg
0ebfcb68-4efd-56d2-8814-6ad4f649f709,Cameroonian Stew 301,ok,https://pixabay.com/get/gf02a737a67a3a1ba7d6a6de7e1c9ea1f3fa367dc571f39e755250adb56ff2af4652293315f502422ae9e13f86bc3b29f_640.jpg,recipe_images\0ebfcb68-4efd-56d2-8814-6ad4f649f709.jpg
a0908cb9-f79a-535b-a3ba-137de0ee2e2d,American Rice Bowl 292,ok,https://pixabay.com/get/g892045005985443fe14075ccca0a7d383e80e0ec3b861a2b9ed287f3f2c74036f3d6040c9d66570bc59f42e734cb1525_640.jpg,recipe_images\a0908cb9-f79a-535b-a3ba-137de0ee2e2d.jpg
f46c9104-19fb-59ed-ae13-3906ccff8e72,French Rice Bowl 302,ok,https://pixabay.com/get/g2359180703dee564a945c64ea51b0096eb9c890f4e8cf35f4ed9ef5716a494cf29ff0b5fce6e2387a86dd34d36585fbf_640.jpg,recipe_images\f46c9104-19fb-59ed-ae13-3906ccff8e72.jpg
ba20b4cc-f659-5d66-9896-fa62d4179b81,British Bean Salad 305,ok,https://pixabay.com/get/g63a7bd39b0b55a0efa32489495913652c4fc22c40b2911cb7659f05bf38227821d38875fe0225133f92e357d25560aa456abb1fb3efc1ee16efbcb3c5d9fed0e_640.jpg,recipe_images\ba20b4cc-f659-5d66-9896-fa62d4179b81.jpg
c70556a0-e1dd-59ca-9777-03d3c1e95e5f,American Grilled Fish Plate 304,ok,https://pixabay.com/get/g9f95300404de0b8a5ac7099d1633b359e7f26f9c6cd2c940374018444d5227cbd18658409658f1f3ccfc0504b4193ed6_640.jpg,recipe_images\c70556a0-e1dd-59ca-9777-03d3c1e95e5f.jpg
6b715b9a-dabb-5085-9f74-fcc568b55da6,German Vegetable Curry 303,ok,https://pixabay.com/get/g3cfdc4001b8e117e4462521018958994ac75ff8edc7e86785727bf431225d7b9a26a1d14be4bdd10ca89d693b50491aac3610f4ba2ac55d024fd7cf381976324_640.jpg,recipe_images\6b715b9a-dabb-5085-9f74-fcc568b55da6.jpg
69f56103-31bd-53cd-84cb-6bd14a28e193,Indian Pasta Bake 306,ok,https://pixabay.com/get/gb82c4f58a99703242e2c466ba5c5706e5ccbd96c36853daec3946f8260b839225df1f05cd625812b35c1e1478ac32319_640.jpg,recipe_images\69f56103-31bd-53cd-84cb-6bd14a28e193.jpg
7cacaa9d-d3a8-5a65-bcf6-79e3d4f8e568,Chinese Breakfast Porridge 307,ok,https://pixabay.com/get/gd11d6e34502fdaf2535e288ea9ba85a33ce98ad5e9417d30b99d8c17e0874ad84aa2b9482c38157c17c92e396e17b8d2b08810dee89121f4b726d3ced48f4f64_640.jpg,recipe_images\7cacaa9d-d3a8-5a65-bcf6-79e3d4f8e568.jpg
57e04b68-99d5-5635-939d-f0da60364731,Japanese Quick Soup 308,ok,https://pixabay.com/get/g2017aa431e77b2c61c1aed4fd3d28aad71a79dbafd679546003d1cdc159e22e2e71a5c4270021f1007f3b71f172c4e959b68dda970e743e5430dea1cae450b20_640.jpg,recipe_images\57e04b68-99d5-5635-939d-f0da60364731.jpg
d258fbcf-1f40-578f-9a59-d6aaddc00c03,Mexican Spiced Meat Platter 310,ok,https://pixabay.com/get/ge913470d8fa1503335738f648277522a240d12e5737e16d3ee9ed593b263ff95f831cbb81e151fcb2a421de2b7890854ca798fe05b3a47ede7d861254944b8a8_640.jpg,recipe_images\d258fbcf-1f40-578f-9a59-d6aaddc00c03.jpg
15c101ad-61aa-5296-b345-8a1bdcb795a3,Middle Eastern Tofu Stir Fry 309,ok,https://pixabay.com/get/g29f73260b35bd8285f7806bdb5352f614ca001065a574a4e3961ca8d13cf6496ef7e27abdcc492b7d85a9270a840e92b7c51c1253f86ba42bbc4ad543c5444ec_640.jpg,recipe_images\15c101ad-61aa-5296-b345-8a1bdcb795a3.jpg
c224e9dc-86f2-5d0e-9086-8b554d191de3,West African Rice Bowl 312,ok,https://pixabay.com/get/g1b6e8430648cdeee5668b8edb7c7861c9854432a118868f42456e6f015e94e02fefbbe97e834dbb65dee7e7632315e4c_640.jpg,recipe_images\c224e9dc-86f2-5d0e-9086-8b554d191de3.jpg
3a99433e-1028-5761-82c2-28179eb1b8aa,Italian Stew 311,ok,https://pixabay.com/get/ga4cbb1fb487d4dc2352b6a56105c36f2205d928b622db2bfb5ca03b5e28ce067bc2383cd1145c31132e23c3801b67945a4b80b0de0ed28020337f1b732731585_640.jpg,recipe_images\3a99433e-1028-5761-82c2-28179eb1b8aa.jpg
42066afe-4c1f-55cf-afb6-aa32af88c6e9,Cameroonian Vegetable Curry 313,ok,https://pixabay.com/get/g19e22e092b0a1f6918eaf851ee81007500919f2a532e4972509fb2764c4b45552687fb13f714741e7afcae8343527b1f1dc5b7df91b5da45d65a7300f7a396c4_640.jpg,recipe_images\42066afe-4c1f-55cf-afb6-aa32af88c6e9.jpg
3bfa7764-b3ef-5bcc-ab24-5df037627884,French Grilled Fish Plate 314,ok,https://pixabay.com/get/g19cb74b0e9c9300caeff538e0405de3be50672829909f9ad92e10a9bcd3b9d077afd75391d64d8092add369179800df5_640.jpg,recipe_images\3bfa7764-b3ef-5bcc-ab24-5df037627884.jpg
a04875b0-c311-5d5c-931f-6cad52c985f0,British Breakfast Porridge 317,ok,https://pixabay.com/get/gd0dc2efc26924a0f4b09a9046f1d232903d1d73245d6ef10074613d64e7d6fa3651b3cd9480d2d7046c3abc5e7f0f8942a87d4727baf1260b659f81cc6522311_640.jpg,recipe_images\a04875b0-c311-5d5c-931f-6cad52c985f0.jpg
eb323f1c-0bc2-5f19-8722-b7a5c2bcf7f8,German Bean Salad 315,ok,https://pixabay.com/get/ga28fbaf598846ec5318333f1e4d314683709a16d89c999d718ad0365391ede32ba3be0190652d35a4a38292956f5e9c28e1a2bc2c9619b805d9020a34e239a44_640.jpg,recipe_images\eb323f1c-0bc2-5f19-8722-b7a5c2bcf7f8.jpg
9dd3189c-1ba6-5a4e-b4b3-63e3115e09b2,Chinese Tofu Stir Fry 319,ok,https://pixabay.com/get/g50239930b686e5e9e67e2f64daf7b71d4febded401484bb231b9d07906b07ed17628da2a20d4590298a919671316d187074c9c9083f1c92bed03187d54262a2f_640.jpg,recipe_images\9dd3189c-1ba6-5a4e-b4b3-63e3115e09b2.jpg
00a094ef-f10d-5d89-b34d-7a91bf3fad26,American Pasta Bake 316,ok,https://pixabay.com/get/gce7fd62d1cbc492f400b92078ad306a3ad9d6d8baa5b860d5deda4e7e27478dd0a5117ff6a62752086356dbd897a7861_640.jpg,recipe_images\00a094ef-f10d-5d89-b34d-7a91bf3fad26.jpg
02769b14-e709-5f93-a035-f112ab335114,Indian Quick Soup 318,ok,https://pixabay.com/get/g2195e3fa53ba5d44261a8273beab709fcb798cc9dbb88dfb8dcdaabf02676d6edde1b10feb7b0779a45ed6a63153ae65c597cc0b286ba455017a8a379dd51f0f_640.jpg,recipe_images\02769b14-e709-5f93-a035-f112ab335114.jpg
584c7f89-28e4-5e83-ac8f-8e260e95deef,Japanese Spiced Meat Platter 320,ok,https://pixabay.com/get/g724125ddcc04cfd871bb89e0a577eacdb25aaae3207261256151663f759e10a16a46c305185c8ab2614615c2008314063b0b88157730868214cc0f33ce692cd4_640.jpg,recipe_images\584c7f89-28e4-5e83-ac8f-8e260e95deef.jpg
89f20f96-4f7b-5e85-8e72-9744a2d32ca3,Middle Eastern Stew 321,ok,https://pixabay.com/get/ge36176e6bcced6ad055b01192c40edfb56fe9d236250e01f0133c70ec900d21c7529e015df5d1d5a77ca1a2f1192bc5845781b746e41e5e27c59e7f31ed9dbc9_640.jpg,recipe_images\89f20f96-4f7b-5e85-8e72-9744a2d32ca3.jpg
1acb2634-c790-5c81-90f1-296cf72ab178,Mexican Rice Bowl 322,ok,https://pixabay.com/get/g3bc2118e714019f592ef8e406d2a80f4e100238b60e57d85e570dc7e824ace80052dde248796d3a09eeb807ac5fbd386_640.jpg,recipe_images\1acb2634-c790-5c81-90f1-296cf72ab178.jpg
33bd278a-4b10-5284-88fd-3e5d30f2997a,Italian Vegetable Curry 323,ok,https://pixabay.com/get/gd945e242dbcdf9ea012bbe913e06216f2ddd2d84a9a7a129ff3de242654d98bd065953afe5fb15344d3beda076f58434_640.jpg,recipe_images\33bd278a-4b10-5284-88fd-3e5d30f2997a.jpg
f49e5168-82c2-5ea1-907c-e46a6d563989,West African Grilled Fish Plate 324,ok,https://pixabay.com/get/g27f62ec72ab90093031d63b4c9e92c299f6c9e06c0c35f3a60d10f4349055226ed9da512bd35c8419843839c2a16fb8760cb0a721488e918cbbe5ba92091e454_640.jpg,recipe_images\f49e5168-82c2-5ea1-907c-e46a6d563989.jpg
0bc92869-1e33-5424-8f46-9645bf9d0fa8,Cameroonian Bean Salad 325,ok,https://pixabay.com/get/g43d3f3e879a1baf1607cbe766e8391d7c373cb1deabe120c1f0dfdebb1c428581eef7c4c40bcb2125881f96852530131d4b548609688871ff2c0b3e654685508_640.jpg,recipe_images\0bc92869-1e33-5424-8f46-9645bf9d0fa8.jpg
aebca57d-9f44-5db2-9564-ff04ba1b352b,French Pasta Bake 326,ok,https://pixabay.com/get/g5e143dbd3b6d48024199b23e9552704d876fd5ee966b4b70cdb7e241787e9d27955f2ae19308bac5a5112c6353affc42_640.jpg,recipe_images\aebca57d-9f44-5db2-9564-ff04ba1b352b.jpg
8aa9e151-46d8-506d-87eb-ffcc97e8e203,German Breakfast Porridge 327,ok,https://pixabay.com/get/g2835a021a19949958cb210afd69d363da6f7782d8b1b9bacc26ba0ce0cd0d4ed2c8fdc4ed76bc0cb6cd26a3e531098e0c46add7158ee83171d37989ea90ffc59_640.jpg,recipe_images\8aa9e151-46d8-506d-87eb-ffcc97e8e203.jpg
649a3100-559b-57d0-b0a0-5d807809d51c,Indian Spiced Meat Platter 330,ok,https://pixabay.com/get/ga6d2c7776f8b386f31277f976da1058a3e7fc2066eda92678c1e3e955ec88dba73c30fa61b8e291e4cb9fd07a9ffcc0fba5fed347d1d4806028c1bbf19b7945d_640.jpg,recipe_images\649a3100-559b-57d0-b0a0-5d807809d51c.jpg
a0d47721-1212-5a31-ada1-1c77ec021d04,British Tofu Stir Fry 329,ok,https://pixabay.com/get/g0c830063cebc52111a51b71a15d65bf33f5e32f99aa0e0bb85a080818794c794c81b000e4fb6a3bb96d05d3522592067783ae5ab7c983a0c281fb90fcf5655e8_640.jpg,recipe_images\a0d47721-1212-5a31-ada1-1c77ec021d04.jpg
ccd98af5-ca1b-55ac-9d12-f760d87a596c,American Quick Soup 328,ok,https://pixabay.com/get/gab3726ca9c26e2cd354061cf2600277410e8d585a4035947c911ba8fd933f8acd6cb6fc166e45568a13546c0ee199e239367229e03fd4234829181ca259650bb_640.jpg,recipe_images\ccd98af5-ca1b-55ac-9d12-f760d87a596c.jpg
01eadd9e-ea4b-5c9e-a81d-8f5825a53dc5,Chinese Stew 331,ok,https://pixabay.com/get/g075b9c6d830d20d6a890e02ff09b71c128646041313be6290ff9dd66a35fb41190228a8e47cf683e81e6aeac2949c1642dddec6379a4e920273d94cd015d920a_640.jpg,recipe_images\01eadd9e-ea4b-5c9e-a81d-8f5825a53dc5.jpg
0af62c02-437d-5a35-a26b-da4024f4ce7e,Japanese Rice Bowl 332,ok,https://pixabay.com/get/g454466cb12d334802b699128c497ee59bcd1668742e9e8ab4842ca486ca33860ccaeccf26ab16d0946a93b71cb64bbb8_640.jpg,recipe_images\0af62c02-437d-5a35-a26b-da4024f4ce7e.jpg
2f41f3a6-0e89-55e0-9f94-cf435530dfea,Middle Eastern Vegetable Curry 333,ok,https://pixabay.com/get/gc8123070655a202f423c00c828b0f4274e7e1632e762ae135e0dd8f4cd92bbddce58da70db1e2fb8865f4a7e82c6b3076584b316f13e5a83fffade6836d61177_640.jpg,recipe_images\2f41f3a6-0e89-55e0-9f94-cf435530dfea.jpg
dcb9fcef-5153-5da7-9666-40e2516871db,Italian Bean Salad 335,ok,https://pixabay.com/get/g64a5314b6376966c724bb016278ec98a8f112b226db8459124b18659faf7aac139f0b37be4039f2c4bd314ec34b4220e3c1b07168203e61d07240d71dc765d81_640.jpg,recipe_images\dcb9fcef-5153-5da7-9666-40e2516871db.jpg
8cbf3164-074d-5a74-a094-1993abb09a26,West African Pasta Bake 336,ok,https://pixabay.com/get/gfa1010a389f292ad999d79024f04fff89d17b8f713d619a1f206740aaf99ef2dba5797fe53dba857b50e85eeda173c1e_640.jpg,recipe_images\8cbf3164-074d-5a74-a094-1993abb09a26.jpg
5449f40b-c02c-5725-a355-0824e9fc69c2,Mexican Grilled Fish Plate 334,ok,https://pixabay.com/get/g19d3b634c00da4b481e33431885afbe57c9d5264a8308aaa8e849de425136519e7bdc41550485f7fb4d911879064046f_640.jpg,recipe_images\5449f40b-c02c-5725-a355-0824e9fc69c2.jpg
d28a9d35-7b09-5b00-99fd-f18e60ef52a9,French Quick Soup 338,ok,https://pixabay.com/get/g967def5f4bc597c8bdbdce81c136f0bd8d1f5132723216ccad18c38ddaa7308e76d26047e83e41581b0f878bb1ce8c194ae02c771355647ac3dff73e87f0f5c5_640.jpg,recipe_images\d28a9d35-7b09-5b00-99fd-f18e60ef52a9.jpg
3adc1eae-a47e-5afa-bbc7-65d6b907ee2f,Cameroonian Breakfast Porridge 337,ok,https://pixabay.com/get/g15b83b718ca85eb4a23e3116c2e5581455f938de4bc05ed70c06954fe8402837938bfb293bd509981ce7d8cf6bf9570376d48184cd43341218ade9671759de2c_640.jpg,recipe_images\3adc1eae-a47e-5afa-bbc7-65d6b907ee2f.jpg
7115cf1f-00f3-50ff-81ba-4e06e00fe2dc,American Spiced Meat Platter 340,ok,https://pixabay.com/get/g446d2962b555e3e5915f4dc29399fc4e108db0b639580a24046f5f475a7432f57a2e712b46ba253d30e06062613ba0410702d74dd44bbe30f2c4fe89876ad75d_640.jpg,recipe_images\7115cf1f-00f3-50ff-81ba-4e06e00fe2dc.jpg
d95e2fce-d8f8-5cc3-b22e-1c5abd7279f3,British Stew 341,ok,https://pixabay.com/get/g850b885d058c3b687bf6fea1285f8ba348e75bc637db2882eff124e882c474e4ff7e3b83396a9b4c7eb2d6c503f5b0a1_640.jpg,recipe_images\d95e2fce-d8f8-5cc3-b22e-1c5abd7279f3.jpg
1169e9ef-8fed-53d0-aac2-3ed349d08ae1,German Tofu Stir Fry 339,ok,https://pixabay.com/get/gb5b0d43dde0960ba029092b46c5e1f14743aff5cf80b842fef584180f4f0d28ffafcad605993306837653cbfbbfe5026a701549f082dfb1e9fd87f2bcc4c2f87_640.jpg,recipe_images\1169e9ef-8fed-53d0-aac2-3ed349d08ae1.jpg
3d9578bc-9f15-5d31-b05a-5023e4a02228,Indian Rice Bowl 342,ok,https://pixabay.com/get/ge66216782ed74a73f0169873d7949417c9d7e140526c4cf95c61427e6a3a65364b6c4ddbc5521cb6286e73787beed1c4_640.jpg,recipe_images\3d9578bc-9f15-5d31-b05a-5023e4a02228.jpg
b8841f22-30a2-52e5-aef6-c5bfbc56b106,Chinese Vegetable Curry 343,ok,https://pixabay.com/get/g0a758d9e3280bc4ede457afed8706eed1a5247c282766510150cb29226d2dd23946f767d99a9f744e4f24e7320413c9c32d11c4a192f4ac2046cc38cd7957379_640.jpg,recipe_images\b8841f22-30a2-52e5-aef6-c5bfbc56b106.jpg
4ad94fb2-ad93-542b-95eb-3799ef9ba941,Japanese Grilled Fish Plate 344,ok,https://pixabay.com/get/ge7dffd4a1b6468174c8c8bfe964e77c45b291f279dcc57fc120d530da75839202f204edebaa9ece79c71947960c26e1c_640.jpg,recipe_images\4ad94fb2-ad93-542b-95eb-3799ef9ba941.jpg
fe63da3c-96c7-5146-9be1-c4373f33ce55,Mexican Pasta Bake 346,ok,https://pixabay.com/get/gd28f8ae9fe68f87de6c7496d84bf5256aa93b9abbb401ce727e0035669c1621c3769e0e7f3e45a6e4896e88a66dcf994_640.jpg,recipe_images\fe63da3c-96c7-5146-9be1-c4373f33ce55.jpg
0545453a-72b7-503f-bc61-b5ef7c4076a6,West African Quick Soup 348,ok,https://pixabay.com/get/g377c5494591396c34e48c9e1b9d90dacf0ffc3331ab5740ecce3ffbae350bae07df1036920d464bda96fdd7f3842e054fd4c8e4498e5568bc4431d69ca6dafb3_640.jpg,recipe_images\0545453a-72b7-503f-bc61-b5ef7c4076a6.jpg
d246f411-a514-53e0-9206-724bc9a381fc,Middle Eastern Bean Salad 345,ok,https://pixabay.com/get/g26196baee6add7eb5dbdda0e0c4e936728e99df113a8517a7fc1a3cea41590cee57f6f391c7a0a14477517aa2c325407b00bee7998461482b6320d955c8df1d5_640.jpg,recipe_images\d246f411-a514-53e0-9206-724bc9a381fc.jpg
2203cb3b-0755-5130-9583-8cdfe2faa472,Italian Breakfast Porridge 347,ok,https://pixabay.com/get/gedce612386ee731a32ac770988c2c98cc50f8254eeee65049239792015695775a8b0f41ab2fdf9ce9978839bf2ca2435772a12452527c1cdaa46abd3161e3e07_640.jpg,recipe_images\2203cb3b-0755-5130-9583-8cdfe2faa472.jpg
fc4c7cd0-05bf-58c7-9480-74e3e67da084,British Vegetable Curry 353,ok,https://pixabay.com/get/g30462db6f047a160db39dab2a39021da3b11e4c3300d6242f01dae7acdd6dc6c2cffcd63a2ac1a73d889033dd41ae5e0b64c1bdc86fa37273665244bf50773cd_640.jpg,recipe_images\fc4c7cd0-05bf-58c7-9480-74e3e67da084.jpg
0bdee3c1-d20f-57cf-93d3-3e501437ba25,Cameroonian Tofu Stir Fry 349,ok,https://pixabay.com/get/gd0891f18de2d7768276130435efee049485b335ea968687efae68e6bf3fda98a0d8db9cf051caf126e2ef1e482a6cbe06297011a6d367dd9ad19ce2dfdf103f9_640.jpg,recipe_images\0bdee3c1-d20f-57cf-93d3-3e501437ba25.jpg
3e52ad37-32e0-5773-a549-6f8f54d8826a,German Stew 351,ok,https://pixabay.com/get/ge9c675262463c008cd83d1a94e4d91c3bfe642f3510fc95591499cc9ea06f7d9c39432143c1e4173261ea61a5de0a71717c24447bb1c3ffd08b7656d3ad08acd_640.jpg,recipe_images\3e52ad37-32e0-5773-a549-6f8f54d8826a.jpg
3dc386c4-303c-5b6a-a17c-e57144913913,French Spiced Meat Platter 350,ok,https://pixabay.com/get/ge0fc698c75627791e803683df05497df7951cfcc71b14c50a84baf30e5dabad387d7530f4da8af60053c0a471f39fda35dc98ca03ff7429909d710fca9443b9b_640.jpg,recipe_images\3dc386c4-303c-5b6a-a17c-e57144913913.jpg
b4a8ea2a-75f0-5d7a-b04a-504416cfc0f6,American Rice Bowl 352,ok,https://pixabay.com/get/gcbf6ba2ef0ef7c0c7189d6213bda58aba2dd8a33dee98d80419191ea82b7dfa61f094bbe0528f187689e9f2b23799f65_640.jpg,recipe_images\b4a8ea2a-75f0-5d7a-b04a-504416cfc0f6.jpg
7c622b4b-facb-513a-81c4-c85f0cbe2387,Middle Eastern Breakfast Porridge 357,ok,https://pixabay.com/get/g2d4226d52852bddfb0b21f0d685352ff5719c6df67705d4485c782179dc10833548d14f24bbebdd89168491410d504532e65abd8551d73f7c8b99138556aa0db_640.jpg,recipe_images\7c622b4b-facb-513a-81c4-c85f0cbe2387.jpg
ec9c687e-4c59-58bd-ab4a-a94a19c712bc,Mexican Quick Soup 358,ok,https://pixabay.com/get/gfe8e52155ab68732f2af6ade4548d65e9073e397b90b4f38adaae3ccde410496426a2dfe63e78ee21fa10d0278dc487c0d1df9fd7b7bf3fed94ee2a81350d55d_640.jpg,recipe_images\ec9c687e-4c59-58bd-ab4a-a94a19c712bc.jpg
bf372f53-e5ac-5359-b88a-2dc6363c3b1e,Japanese Pasta Bake 356,ok,https://pixabay.com/get/gb4848c1432dc53ec4ae8b99330cecea8dfc14f32b7558ef545cbd4007569a2d252cd1cb89466aee05ee7bf1519c031da_640.jpg,recipe_images\bf372f53-e5ac-5359-b88a-2dc6363c3b1e.jpg
5adf9b58-10b4-50c5-888b-2c95025a3a75,Chinese Bean Salad 355,ok,https://pixabay.com/get/g96c338a757d36aff547a9f074d0aa1b21b75524d5f8231ed414541ee21c759ae4bd931369089bc142074c7808388a303d888b3268352e511f37d04a4579c09ea_640.jpg,recipe_images\5adf9b58-10b4-50c5-888b-2c95025a3a75.jpg
62625c80-d4da-5231-a095-a2f4df7c09c0,Indian Grilled Fish Plate 354,ok,https://pixabay.com/get/gc9336f40f8f5fdfaf2a1e342369a12d894d8fe5196807ff56d78c1fe7a58d76fa6d9cf618206755938f1955d35cd61c4_640.jpg,recipe_images\62625c80-d4da-5231-a095-a2f4df7c09c0.jpg
238fb9ad-69ff-5e4f-809e-191ef57f9e42,West African Spiced Meat Platter 360,ok,https://pixabay.com/get/g523f0d085e750a30667b1733de3ea83876ead6266386f08c85d166a563aec0c03ec4bedd43ee7749a5a051fee4763d3ccc1b1348b3be366d5f92d960f09e7b3a_640.jpg,recipe_images\238fb9ad-69ff-5e4f-809e-191ef57f9e42.jpg
de43973e-1298-556e-b287-70613b66ee8a,Italian Tofu Stir Fry 359,ok,https://pixabay.com/get/g22384585fc9e874716bccf46ee775ae512ea70d01d1c35e71aa8cad700b5c380c735f7cd0232696fab193eb6f5c13f0b6e19ce6c12a3e04d5d9bbee26c9ee0d4_640.jpg,recipe_images\de43973e-1298-556e-b287-70613b66ee8a.jpg
8541f911-1cc2-552a-9c89-a32173d746c3,Cameroonian Stew 361,ok,https://pixabay.com/get/gd4edb794a974eb663adc19bd304174c5f6e50f7d60cfd73e58e128c98aecc96286ce3736ac09230d56d9f50db1657e2d_640.jpg,recipe_images\8541f911-1cc2-552a-9c89-a32173d746c3.jpg
7ba992f3-34fb-5022-92b9-b9e266238d0b,German Vegetable Curry 363,ok,https://pixabay.com/get/gf764bf8731977a8ed3fa1ea1fddf342294582a1859baed2189f19693921c2df57d3c3a91f25ccf96e2ce06c1788800d22323fd9fc107246ea03415d54e1b023c_640.jpg,recipe_images\7ba992f3-34fb-5022-92b9-b9e266238d0b.jpg
15695160-1148-5b00-b728-0605e67d06d5,French Rice Bowl 362,ok,https://pixabay.com/get/geef307eaeb9f7ab91d1c78091806c5076913f18ad4855980f79ccd6eecabc3569d50fee4849aefd2ee65013c92b5c1ab_640.jpg,recipe_images\15695160-1148-5b00-b728-0605e67d06d5.jpg
e021e7e1-0c5a-5ee0-9c39-a77cceced447,American Grilled Fish Plate 364,ok,https://pixabay.com/get/g556e7b2b6486ffaed1c7a9b3bc12762d10a889c71909b78543cb2180a563321a4d688de08a5c6c4be985e43c3b94d483_640.jpg,recipe_images\e021e7e1-0c5a-5ee0-9c39-a77cceced447.jpg
99c73f14-e224-5129-a387-8a98ddb5aac0,British Bean Salad 365,ok,https://pixabay.com/get/g149ef6553a3c8d19bb5b3ccb6091c3c4510d8f0ccf651446018697ae6dfd9f945ed2f87f683d96e908c3a4a73870790538bee7dcc8aba7b9d4dacd1fd4ddbdd9_640.jpg,recipe_images\99c73f14-e224-5129-a387-8a98ddb5aac0.jpg
17961de0-fc56-511d-9698-cbad38fb5663,Indian Pasta Bake 366,ok,https://pixabay.com/get/gf0cd948be950ad2b1296c08f40154ad6d0b827b9fcb191e052d32b7d3dc1a4001f0f7af8a28be426400e81b05d5aa0ac_640.jpg,recipe_images\17961de0-fc56-511d-9698-cbad38fb5663.jpg
0e2267ce-cefa-5642-b47e-bb4cc50bb13a,Chinese Breakfast Porridge 367,ok,https://pixabay.com/get/gba1299850f538c7cc660661cc7ed5afa43e87c48da8182620cd2e1440566a00105fb87ae0442c024f4690361d2effbb848d889e7b7c4eae4bed018408e730ffb_640.jpg,recipe_images\0e2267ce-cefa-5642-b47e-bb4cc50bb13a.jpg
13472fc1-35d7-5860-b5af-e205fd5119f1,Japanese Quick Soup 368,ok,https://pixabay.com/get/g5b09befb915e353374796b318029815ab03463d02314a6b573ca03c00ccac396b889f8c4f0f7c7a062c913ab7f7232cc6db8efc0d4abf88b34b74e9ef672c10d_640.jpg,recipe_images\13472fc1-35d7-5860-b5af-e205fd5119f1.jpg
d7d2278f-8eac-533d-9004-9ec76669cf68,Middle Eastern Tofu Stir Fry 369,ok,https://pixabay.com/get/gd6ba0234345ab7733a823ec41aa12a725e56a490fbf0fc7d8799fc86e2cc36e1f2eb07870d704e9f4cc8c1b6f151177c0a9a57170f0df0c0ebcc5ce29484b56f_640.jpg,recipe_images\d7d2278f-8eac-533d-9004-9ec76669cf68.jpg
2a29e70b-d903-5305-97af-e1ab05c0fdc8,Italian Stew 371,ok,https://pixabay.com/get/ge6efdac41f179f244f9612730f526dd134a2a5a452c2d2f55629296a86d42afab045eb19e54380f75d6dfcaa9c1e6a2be61f80ccb0b604d945eaf5b477bb95cd_640.jpg,recipe_images\2a29e70b-d903-5305-97af-e1ab05c0fdc8.jpg
4d21c9eb-31fa-5fa7-8b9e-f0f2e4781753,Mexican Spiced Meat Platter 370,ok,https://pixabay.com/get/g8135b135d4e8e635b063bc49733bc7560cf502f48bc2e064e0f202331ac66e12c59bdda1565e306e6dc51bc971b7750caf906c2e5d8e5c6275568799ea5cfa30_640.jpg,recipe_images\4d21c9eb-31fa-5fa7-8b9e-f0f2e4781753.jpg
eeb4dfda-f6d7-54c9-b89a-963f0a58c642,Cameroonian Vegetable Curry 373,ok,https://pixabay.com/get/g2a08da28e36251753f7a8d0b12bde45d9c0f43a07ec133ade7299b876794339f08a91dd05651b34c7a34e8967183bee338d29343cb2a23d500da9f46de46154b_640.jpg,recipe_images\eeb4dfda-f6d7-54c9-b89a-963f0a58c642.jpg
bb09a512-87de-560a-b45e-83c0a94b56c0,West African Rice Bowl 372,ok,https://pixabay.com/get/g55d0bf93b00286ee8efd644673c4754279767d53036e59130ee434a78c87ea207d41d2f9c1e99d1d0d9ccb7333c5cbf5_640.jpg,recipe_images\bb09a512-87de-560a-b45e-83c0a94b56c0.jpg
7044cb68-17f1-5a20-8872-bf398326173b,French Grilled Fish Plate 374,ok,https://pixabay.com/get/g234818f5d9b4e7ca4bea8107b96978299aff1a5063874dd58113a8e35834cdd0bb10438ec79dd05c0b2b078a8b5c6017_640.jpg,recipe_images\7044cb68-17f1-5a20-8872-bf398326173b.jpg
d327c9bc-3beb-58df-ab8c-c87f1e9f739e,German Bean Salad 375,ok,https://pixabay.com/get/gd2d3b15465185fc6db2588e9049a6972085e038313b4061fb67c912b1a4919e506b6b5fe52f7622ebc0a55498ce7ae538821f98f02c7aaa679b90cc59379210c_640.jpg,recipe_images\d327c9bc-3beb-58df-ab8c-c87f1e9f739e.jpg
6ad59d98-57db-5786-8bb3-021604a23ed0,American Pasta Bake 376,ok,https://pixabay.com/get/gfae6b62d5cc337bff5577ec0e3448e5d671695c5391af7217bafc27d865cae294c519b3dd7dadc529065340a1ad9d3eb_640.jpg,recipe_images\6ad59d98-57db-5786-8bb3-021604a23ed0.jpg
176b1ebd-9502-57e4-b6b8-0147876d7f4d,Indian Quick Soup 378,ok,https://pixabay.com/get/g74954140cac0afdf52c438a890492a996ddeb94a26b71546a9059c5604398d8187c33dd4cca697d45edb98d7622c5f8e251390547bf764c78b38480eb125d8a0_640.jpg,recipe_images\176b1ebd-9502-57e4-b6b8-0147876d7f4d.jpg
432d12a2-4d00-575d-b692-931246985eb1,British Breakfast Porridge 377,ok,https://pixabay.com/get/g390938cfae71d511ca388b4967edbb40faac2e3c67c4f397df09411179f32364758583f56ebb35e7e3d2018c12f18a7bf2c87676dcb4421cd3ff5348e4f463fa_640.jpg,recipe_images\432d12a2-4d00-575d-b692-931246985eb1.jpg
af511392-2837-5673-8442-f95b9e7deb81,Chinese Tofu Stir Fry 379,ok,https://pixabay.com/get/g79c38af2c536ba4be299a741219ace321490e8018ddc32007fee1c51ea82264115fc115dcc2ee341ff80e9ccce39e14348478b193022c20ce8c725d80e91d428_640.jpg,recipe_images\af511392-2837-5673-8442-f95b9e7deb81.jpg
0c6ef756-380f-57ae-9092-f65a7d3c25cc,Japanese Spiced Meat Platter 380,ok,https://pixabay.com/get/g778836c7982f99243e40dd1e0a199ca110504a52f04ea1ea75767b62642d107bcdd261215db61279d5df4417ead8d8100edc1168281eb6f9a64980b160c78cfa_640.jpg,recipe_images\0c6ef756-380f-57ae-9092-f65a7d3c25cc.jpg
ee2d95f3-da41-5e6c-acb3-174632db0ca9,Middle Eastern Stew 381,ok,https://pixabay.com/get/g9b9aea9c0dd90128ee9121e9e8cf4fea4017afb4788740b162b650e287b4a8e58b2c2669f38999b914da034fe22c0c5e81e25f0bb4684634f0e5cf1e05dc20e1_640.jpg,recipe_images\ee2d95f3-da41-5e6c-acb3-174632db0ca9.jpg
10c76c4c-626e-5018-824c-3c0dd93c2d3c,Mexican Rice Bowl 382,ok,https://pixabay.com/get/gd2f3ce8c6bff67b9cbb4b7da3d375025bd136ba707fa8efbb917a63ab8cf45a04a3e6f05ad11967ecaeb8d6b682acc95_640.jpg,recipe_images\10c76c4c-626e-5018-824c-3c0dd93c2d3c.jpg
53751d04-3e5d-5376-804a-4938ff06207f,Italian Vegetable Curry 383,ok,https://pixabay.com/get/g45affc396e4296760f0fba3d8a911861850841ec5e9172aaa74570accc92468808856d2b6ff0f6095fafe29d394bcd7d_640.jpg,recipe_images\53751d04-3e5d-5376-804a-4938ff06207f.jpg
a7117541-0a4a-596a-9f0a-74ac4977659d,West African Grilled Fish Plate 384,ok,https://pixabay.com/get/g3c0c7c48313e917244047561b00c5359a2e4986162dfd451d8efc2d84fdff2e34530d41e1493e31618b2697c96f4f5f6a35fdcb63f629dc039c4f914878a2d5d_640.jpg,recipe_images\a7117541-0a4a-596a-9f0a-74ac4977659d.jpg
08fd5fe3-93da-5391-b056-5796d2f54384,Cameroonian Bean Salad 385,ok,https://pixabay.com/get/g7bff6d6c68fa34b8c95a9f982897baa3f6e8651cc2dad7cbc34f45cbd593c20b304e76a2c34ed53b403e3a88b05c218ad9f8b2edcb5793e001c567af7c42603f_640.jpg,recipe_images\08fd5fe3-93da-5391-b056-5796d2f54384.jpg
461850ac-da5f-5356-a8ff-54e70be31ae2,German Breakfast Porridge 387,ok,https://pixabay.com/get/g73abcc644a46e84dc7300e4935b1e9d84c7221e62390b28f9a76485e547db44e80ce0f2a189d4f94ff14879816194f68513cf44a78759536e62f711c0894cb5a_640.jpg,recipe_images\461850ac-da5f-5356-a8ff-54e70be31ae2.jpg
59edd922-1128-5dbd-9ad0-8673a5fa7ab6,French Pasta Bake 386,ok,https://pixabay.com/get/gc96523e27b86b0ef3a425c90795fea7c936874d99ed56749a28a5f5d6261f360615b9135759ea75de5d87aafae3b5b15_640.jpg,recipe_images\59edd922-1128-5dbd-9ad0-8673a5fa7ab6.jpg
b0cf3035-3e9d-5fdc-ae8e-ba7f783c7422,American Quick Soup 388,ok,https://pixabay.com/get/gd6705a60d05fda00f43caa96ac975fa17bb53b287d5c1e367e6c75818b0986a1b7ee5cc41275b0a15737b35b95116c9bf70ad29a90ebd37fbc2b0e99a53317ad_640.jpg,recipe_images\b0cf3035-3e9d-5fdc-ae8e-ba7f783c7422.jpg
baee6487-3e62-5fda-a03f-232ad689b610,British Tofu Stir Fry 389,ok,https://pixabay.com/get/g4808b2b7ff7ee1fa99ed63b67a54dc28cfb67f76706224f9da7d927f2e1778ca639e91bdab17238c8934c154f30606947e8c71b5113a1db9665226dd58a2d0c8_640.jpg,recipe_images\baee6487-3e62-5fda-a03f-232ad689b610.jpg
10234c4e-886f-5d1f-b6e9-76544b01c8a8,Japanese Rice Bowl 392,ok,https://pixabay.com/get/gd4444805d059a9742900af206f018845c7e925d7abf6cde7f3dcf4e33fa9392d37853166d2e5aa9f503a206155c87314_640.jpg,recipe_images\10234c4e-886f-5d1f-b6e9-76544b01c8a8.jpg
d82abf0f-e36c-5437-9033-461e5aa6ca4b,Chinese Stew 391,ok,https://pixabay.com/get/g6303525f6332f07ddd19ced429a1d6a75bf09058a945e2c3eecf5eb3dcaaef675edcd042cb5ee15b5939043ea5dd05d4636c61bd599efc5d86bd616427a516ca_640.jpg,recipe_images\d82abf0f-e36c-5437-9033-461e5aa6ca4b.jpg
cf9d73d1-ea99-5e3d-be5f-5a0f1302de46,Middle Eastern Vegetable Curry 393,ok,https://pixabay.com/get/g8b1fe76f8694737470f74b2f7e09c9a249c91bda49d45fa66dd918e988561036654f250990d680a38281ada24459005594674c79e225c62b3b45731ef2817844_640.jpg,recipe_images\cf9d73d1-ea99-5e3d-be5f-5a0f1302de46.jpg
1fdeab21-94e7-5466-bb57-f10bea044a6f,Indian Spiced Meat Platter 390,ok,https://pixabay.com/get/gfbf4a501fdfd7b6f651c6e2f339cfe62bd12091c194f137c9c11dbfeeff55bf4667f5a3663a73ea7d79024c4e18652dd58c0df8c71acc51f9ac7caec736e66dc_640.jpg,recipe_images\1fdeab21-94e7-5466-bb57-f10bea044a6f.jpg
4524f7a3-483b-596a-8675-c9c976e6dba0,Mexican Grilled Fish Plate 394,ok,https://pixabay.com/get/g022dad4826cd1103eff4f915ae56f576b85bd4b89762ee89a2740e1613455d34f44280f2abd28bdd54880563544686e0_640.jpg,recipe_images\4524f7a3-483b-596a-8675-c9c976e6dba0.jpg
fcf4aa7d-884f-5978-b489-3b140245419a,Cameroonian Breakfast Porridge 397,ok,https://pixabay.com/get/g7687179dbec808151d29f2e044a7cc8b963e2d4ea293eba804555d0893b9c0b2664695612754a49dd1db02816306c9cb470c8c76141affd9880edd9437196d57_640.jpg,recipe_images\fcf4aa7d-884f-5978-b489-3b140245419a.jpg
e53f3b3e-a58a-5e07-98b7-31ecf6cf1884,French Quick Soup 398,ok,https://pixabay.com/get/g4fd6042bb3d9e9cfcc8d7074620c9ea62fb8f549996455451b312e92b6c9ab5adde9e7a2930b6862032a1721e320891c47363457316c4ebfb3d7bbb7b1766b22_640.jpg,recipe_images\e53f3b3e-a58a-5e07-98b7-31ecf6cf1884.jpg
909ce6a4-f684-544d-a82d-5e6afb182084,Italian Bean Salad 395,ok,https://pixabay.com/get/g32a65c1f4ff248926810d22a69bbd0ddd45df27075df27a37c5f32a27c4365a2f21cc88eae581cafb808cc7f57118872a47b95e7234a65beef205b926bedb7be_640.jpg,recipe_images\909ce6a4-f684-544d-a82d-5e6afb182084.jpg
ac31b8d7-0b8f-56d8-a8b9-ee6c903da2b0,West African Pasta Bake 396,ok,https://pixabay.com/get/gcae13bec229e1f0240ca8a9d6f507bad0b24289b30944fb8e9b56d18097e5c65d61819124216fc0c9858f07e8722d8c4_640.jpg,recipe_images\ac31b8d7-0b8f-56d8-a8b9-ee6c903da2b0.jpg
61405383-1885-59b8-9efd-cb97b962320c,German Tofu Stir Fry 399,ok,https://pixabay.com/get/g367c48bc9f7d0fb560b296087832f6acb1e61bbb062d66b0de6bea62ab54198ad8d6659d9a8bc9bbc27fc1cd67a265aab5d016a52f861e4379fd34b20f8dba67_640.jpg,recipe_images\61405383-1885-59b8-9efd-cb97b962320c.jpg
78cbbeb0-6e07-527e-bfe6-1e55ff2eb634,American Spiced Meat Platter 400,ok,https://pixabay.com/get/g2e32fac90284e8357eae91899f0d2e61a341036685ddfbef7e0280b4fdeba000c12b5d0f325756947910d50e55b8c40dacc433afc8425dd9bf610936005c7819_640.jpg,recipe_images\78cbbeb0-6e07-527e-bfe6-1e55ff2eb634.jpg
3a523665-32de-51b6-a287-22e494f412ad,British Stew 401,ok,https://pixabay.com/get/g42e96ffd45207ff74a1d06320089f77d9937bf571ac1e9f35ecf5bf0f0ae2f4f8cf6a40fdcdececc2b52187c787bf9ce_640.jpg,recipe_images\3a523665-32de-51b6-a287-22e494f412ad.jpg
5c801c73-9668-5f94-8ca0-b7c312a2723b,Japanese Grilled Fish Plate 404,ok,https://pixabay.com/get/gb8f63087951b478693f0812434e986c55b5625f14cb725a0bda4c4239556b3a063ec9505f07ce387673c913c59ad2044_640.jpg,recipe_images\5c801c73-9668-5f94-8ca0-b7c312a2723b.jpg
4b18c4dc-6c1b-5291-9eca-deb38b4f23ad,Indian Rice Bowl 402,ok,https://pixabay.com/get/g534f5e0bbed0c839144f6a0f99ead018711f34b88f09387381737e8d81ea6d837d3816363f8a480b71d562bcbe14c858_640.jpg,recipe_images\4b18c4dc-6c1b-5291-9eca-deb38b4f23ad.jpg
c48c9631-1022-5bcc-8e1b-961fa5c5e1e3,Middle Eastern Bean Salad 405,ok,https://pixabay.com/get/g9f6f8fbb792c53449cdfbca5a16b5cf2d208259d0f0e6ce6e8bf5a5ad2239907c27fda8433b988daba7ec6a2c4bc2b64e347f9574b32e729a0cd5ee9659c1e29_640.jpg,recipe_images\c48c9631-1022-5bcc-8e1b-961fa5c5e1e3.jpg
c001e47f-c5e5-52a3-b817-c4ebe1ba4cf3,Chinese Vegetable Curry 403,ok,https://pixabay.com/get/gdefcfc7befb6a6d785b6b565962e9bc56b4ed565de80a1ffeba4cc5afc565c5623c9ff19fdf4d0bef3a72b0852d50b3d5a3474744c1f78341db660c8549a42b0_640.jpg,recipe_images\c001e47f-c5e5-52a3-b817-c4ebe1ba4cf3.jpg
62bedded-8add-57ff-80f0-d3adb48f6541,Mexican Pasta Bake 406,ok,https://pixabay.com/get/g373e537dc9ef960b50ce78b054422ece01db0ba487f78fab6baea7de82cd6aafb11937987bb00f424a3dfea9c3d96e55_640.jpg,recipe_images\62bedded-8add-57ff-80f0-d3adb48f6541.jpg
6a5bea8f-a583-5db2-a054-2bf62fec8d0f,West African Quick Soup 408,ok,https://pixabay.com/get/g88459912e9e55dbf9b0ade147b95b31ff48f5d363a18046bc49956396461d21cffed10d4db734437dc423b9369b3caabff83d43a4e879c2f2c40a4f694277a16_640.jpg,recipe_images\6a5bea8f-a583-5db2-a054-2bf62fec8d0f.jpg
497be3e1-55eb-55a1-846b-fe637655bfcb,Italian Breakfast Porridge 407,ok,https://pixabay.com/get/g2169a5291d01b43af07da2e8248a836a3950e46cc315be399a105b83d1560abe43a6683c47cbc3b5eb8f75f28fb9d192edb29bfec4a8fbd60365810747f504a0_640.jpg,recipe_images\497be3e1-55eb-55a1-846b-fe637655bfcb.jpg
287fa1f4-fa14-5153-976d-ecb251b1072a,Cameroonian Tofu Stir Fry 409,ok,https://pixabay.com/get/gf0e45165c988ca0c762b47ff985533506473eab76b4f698305b3d8d09b703e64679f2fd7a6717e845ecf760bba75da6377d480ee190c30c654c5fc18169b86c6_640.jpg,recipe_images\287fa1f4-fa14-5153-976d-ecb251b1072a.jpg
67ce175d-72d6-5a1b-bcbb-31f82e502b6b,German Stew 411,ok,https://pixabay.com/get/g03b0c76079c14051bd02eeb63f087334e800b0f11b6e490dbc61870ac8fe7f2da1c4f2b07fa173c894aff7de310610c1b0dd98ae25f3b299b1ed1148f94e45d8_640.jpg,recipe_images\67ce175d-72d6-5a1b-bcbb-31f82e502b6b.jpg
62c00b50-041d-5b12-8dac-29964c9f1f99,French Spiced Meat Platter 410,ok,https://pixabay.com/get/g9be8b6e425ea03b7c2230c958cc2aa76ad9c106d5850f4b0fffcd16a0b3737f775289f6d11a683fe5b672cb800a56284350008cbbfa954387034fc4cbf081db7_640.jpg,recipe_images\62c00b50-041d-5b12-8dac-29964c9f1f99.jpg
702f93de-7fdb-5ea1-8249-6e6e55e8fb87,British Vegetable Curry 413,ok,https://pixabay.com/get/ge4e4f0ae34a4f4bebc7dc3df2e186ee692823fafc1f5159cee6facc78ca80110637dd7d95ca8b4bef2d0fecd7cdc2063678b9de1d28211eb55e9460c8a4b35f9_640.jpg,recipe_images\702f93de-7fdb-5ea1-8249-6e6e55e8fb87.jpg
dda1d625-14b2-5d34-ba6e-8dccca5b73e5,Chinese Bean Salad 415,ok,https://pixabay.com/get/g5bc0ec1b90a955948a450d9954336e169bf45d64dd2e7ec83d7bd33bd74a7e0f95dca56da238865e7cf682217905f4d4d2e87051b9a4332dd08c3454854920ad_640.jpg,recipe_images\dda1d625-14b2-5d34-ba6e-8dccca5b73e5.jpg
15da5c5e-d882-5fe0-b84f-dc676f07cbe9,Indian Grilled Fish Plate 414,ok,https://pixabay.com/get/g0f96cd79d9079f96f1c35d595c23b7011e186c42d6640620cf52de4744b405745f9a1b21db2a24e58f0981db9a8b5427_640.jpg,recipe_images\15da5c5e-d882-5fe0-b84f-dc676f07cbe9.jpg
8a81a45f-b590-5815-80cd-ae43a76015aa,American Rice Bowl 412,ok,https://pixabay.com/get/gc2b6e47280b0e645ecc0fda92fcb2d79ffd9e2fdd1c4907b9129980ae5c8b2e57c2dca4430843ea2740f2d046ebb895d_640.jpg,recipe_images\8a81a45f-b590-5815-80cd-ae43a76015aa.jpg
99af4f2f-8464-565c-abc7-56712dc808cc,Japanese Pasta Bake 416,ok,https://pixabay.com/get/gb9dce3c60a0f407994e1bc3af38754de334950764d2496c6c49e995b90430cfc47d4b81fc9cded714e3e004d46d43508_640.jpg,recipe_images\99af4f2f-8464-565c-abc7-56712dc808cc.jpg
19856e42-54d2-5127-8e35-a3a51153390a,Middle Eastern Breakfast Porridge 417,ok,https://pixabay.com/get/gd1576dc9de0a904938c202caa3b845c799bc4d0d045410d3bc021b2c4642d40ae832a113d358187b977d00c04151c4e3760f58ffe6caaa4755d513335dbcc92a_640.jpg,recipe_images\19856e42-54d2-5127-8e35-a3a51153390a.jpg
9684b2fe-2360-5e15-bcfc-6e0ab192f2c5,Mexican Quick Soup 418,ok,https://pixabay.com/get/ged9ac413c70fa775bc4196d8e1cb27d1f610cd18f872c7991daf90cc20a63bbda730fc53d8cd98211b453140ce12cc56c94a4678aac8e556324f2392ba3baf78_640.jpg,recipe_images\9684b2fe-2360-5e15-bcfc-6e0ab192f2c5.jpg
5bf24497-c361-5893-8776-921aafcc76ab,Italian Tofu Stir Fry 419,ok,https://pixabay.com/get/gb8160e59e9362799ee996be54d03c6738d6f4e575f4d0e29dbaafe615f78655918bca296b6a05b6b536a8bb0bef5c908eec90f9bccc1f6ededd80d34ae9f333d_640.jpg,recipe_images\5bf24497-c361-5893-8776-921aafcc76ab.jpg
6c75f75a-4c8f-56c4-8ab4-4ca5dfd87a95,Cameroonian Stew 421,ok,https://pixabay.com/get/g228a3237eba616df2ed42fe51cb4428e35ab0f0aa51f72a9e06602ebde3e7eafd2bc2da41fed0e2cfd9d467e7d3c9d29a08eb57c9deb765b54b55a09371cd0b5_640.jpg,recipe_images\6c75f75a-4c8f-56c4-8ab4-4ca5dfd87a95.jpg
a3eb4ae5-6952-5b25-ad16-b58f6d40b510,West African Spiced Meat Platter 420,ok,https://pixabay.com/get/g37de2a6daa1cab35736529efd8d2878b55606db44d930825311fce3618d9e2c15876e7de3cc7076e62c2a2fc88cfaee83cdd000906177e286de92232a917959e_640.jpg,recipe_images\a3eb4ae5-6952-5b25-ad16-b58f6d40b510.jpg
98a9630a-b0d5-5711-ade6-70d378046515,French Rice Bowl 422,ok,https://pixabay.com/get/g64c5f80ab27c4d033d1cb92016093b9e17ffcf61b72cec70872e242a89c06dcac86baf96ebcfacff7bbd9cb2fd26637e_640.jpg,recipe_images\98a9630a-b0d5-5711-ade6-70d378046515.jpg
ffbb75bd-d703-5890-964d-b26538393551,German Vegetable Curry 423,ok,https://pixabay.com/get/g4b257da56b0ca13a64a2cf9c660ada4ce627576c5dcc35c013dd3ca0656d3c7ffa96da9944e174df2a2cd340c5ad677eb26a1347ae0d140d30d4a6ab4d72c97e_640.jpg,recipe_images\ffbb75bd-d703-5890-964d-b26538393551.jpg
bf7dc44a-b85a-54ac-952a-d1370d171a7f,American Grilled Fish Plate 424,ok,https://pixabay.com/get/ge3a157c277acacb6d3b2ea644f396fcb6fc1ac27f41449c89548246abe711ead09fa7cca9fd6ae6681c0f2fd8a8313e0_640.jpg,recipe_images\bf7dc44a-b85a-54ac-952a-d1370d171a7f.jpg
8293ca53-d13b-55d3-b0a5-3753b24415b4,British Bean Salad 425,ok,https://pixabay.com/get/g6e1edce678ccd85bcde0af0f882120a553ac80000817952cdbaa2eabcc58623a2ec7ea7a13a48747647ca883460931cc23621692107fb294451cac5a254d3161_640.jpg,recipe_images\8293ca53-d13b-55d3-b0a5-3753b24415b4.jpg
46f91290-882e-588a-8dc8-f5057ba2ade2,Chinese Breakfast Porridge 427,ok,https://pixabay.com/get/g8e38e13fc64637d29ebd94a2b36d18b6b000d0dc3189c554b5af090f272681f8c770a281119ad394e8abe193ecaaa04ac0c0765b6749300aa9178ec27f07acf4_640.jpg,recipe_images\46f91290-882e-588a-8dc8-f5057ba2ade2.jpg
65f8792f-e59d-5ea0-b023-39e48555a401,Indian Pasta Bake 426,ok,https://pixabay.com/get/g405c2a9964219f7eecb21dd4b24b04d06f4c0a1426df2ca41bf23064f8707b7ff07c4eadd3c466257c4a29c5440572cc_640.jpg,recipe_images\65f8792f-e59d-5ea0-b023-39e48555a401.jpg
3b1af2bd-d030-5587-ac27-8707a1d3cfdd,Japanese Quick Soup 428,ok,https://pixabay.com/get/g9fe15175fec6fc2c87f35c251309d5ecc9ef1deb5a953afcf5c7d564521291f10f4aaed6708d8a0a5a00ae9ff6beb612568c171e2ffca625746265dd4fbebc44_640.jpg,recipe_images\3b1af2bd-d030-5587-ac27-8707a1d3cfdd.jpg
e832787e-39a1-56c8-8837-07113c5034bb,Mexican Spiced Meat Platter 430,ok,https://pixabay.com/get/g4cd79e7e1177b1c2cd7eeb28a68b26113c7d4b50492d56fe4e0b49f2e33bd701a6acc9757e1596daafd331a052c78b307fb27ba50c3ed46744df0d42711eb4a4_640.jpg,recipe_images\e832787e-39a1-56c8-8837-07113c5034bb.jpg
b163b8d6-6c7a-5608-b37b-b58fd9834219,Cameroonian Vegetable Curry 433,ok,https://pixabay.com/get/g7f67437e2e6e4f54d47735617d56405182a054e7173fb70041964267567185f6b1d32164f409aeac1fc8f8131412a49d8e6ebe653e182aa917019dfb25f43811_640.jpg,recipe_images\b163b8d6-6c7a-5608-b37b-b58fd9834219.jpg
c16f005a-47e8-5f26-8088-166136fb2652,Italian Stew 431,ok,https://pixabay.com/get/gd5ce0c8da74b840e60ce28b2394fc57e30d3f97603ac5b3451f83e7050facfa4f41b385c6e8c46953115828eb05c9c5a5d3690f5ed45a6bdf8255dca2742b763_640.jpg,recipe_images\c16f005a-47e8-5f26-8088-166136fb2652.jpg
9d4cb335-d64d-58b9-a1e9-d7122c79f6f8,West African Rice Bowl 432,ok,https://pixabay.com/get/geef7d1a2946745c76e649af57ab7924268ac1a95fb317215d4ad4b5a8e4028df821fb1d6aa7bd40a83242d059941360b_640.jpg,recipe_images\9d4cb335-d64d-58b9-a1e9-d7122c79f6f8.jpg
1e215e59-3105-53a7-8711-bd54e697f680,Middle Eastern Tofu Stir Fry 429,ok,https://pixabay.com/get/g6e2a22e0ae000bfe18ba52294709a51a5d4700c7c567e54f56bd5c06248aeeace00b91b8be33575bb4ba386c5906223754a52deb09f7a6e729f5f4ef76775a6f_640.jpg,recipe_images\1e215e59-3105-53a7-8711-bd54e697f680.jpg
4bf694be-1a81-5ef8-958c-c628b0d3d01c,French Grilled Fish Plate 434,ok,https://pixabay.com/get/g26f1a7dbfec9be40433052d4954cde13a078c6a4e84a85c68a33bc9fab8987772c8c72bcded3930796a6db8399b61a3f_640.jpg,recipe_images\4bf694be-1a81-5ef8-958c-c628b0d3d01c.jpg
504eb8f3-098d-5a4e-8e90-cd0e5c18ab09,American Pasta Bake 436,ok,https://pixabay.com/get/g3687413c0a2ca8b10fbc617ca96ece88229cba39d84fb8f27cb49dcaad679d212df331e2ec96b031a6fa8f03186afd78_640.jpg,recipe_images\504eb8f3-098d-5a4e-8e90-cd0e5c18ab09.jpg
64016c23-78d6-5b23-867f-1f8cd9c3253d,Indian Quick Soup 438,ok,https://pixabay.com/get/g3ede6941c6889c475c73a82031681f5942d8659848bdb9470240a8f7ad7aaffbec9d4dcae010a5e743fb0849a7a42e753454859b04fa82cad6e77cca2deae463_640.jpg,recipe_images\64016c23-78d6-5b23-867f-1f8cd9c3253d.jpg
28bed2a6-63a9-5f0b-a2ff-c74e90e600a6,German Bean Salad 435,ok,https://pixabay.com/get/g1959e07248620621576e3cb9f0046742700c53bd658a8adefc1aa80154bc5ee14e13be19d682b7099ca797d615769d8bb19aeb0519935cdb999182433abf90ab_640.jpg,recipe_images\28bed2a6-63a9-5f0b-a2ff-c74e90e600a6.jpg
5249b75d-d18f-5dc9-a922-b88c3cd959c8,British Breakfast Porridge 437,ok,https://pixabay.com/get/g168e28e2fa31c4f607b9aaf870067543a26200d235c8d6ce76ee7fe29219b5a33b52367c7bdfcfe5ff99f0607b12e9986455ff3d00b5be9c8323ca6471b92a16_640.jpg,recipe_images\5249b75d-d18f-5dc9-a922-b88c3cd959c8.jpg
1478b079-0bff-58bd-8354-4a60df48c3ac,Chinese Tofu Stir Fry 439,ok,https://pixabay.com/get/gc35785c0f5f082a4a272fc1a2a4ed72ad22cd19febc454526ab38cc80694acd9010acec7f69453c1e5c27569089f028c6a5f95f275d9c95b9c8c074cf822ceea_640.jpg,recipe_images\1478b079-0bff-58bd-8354-4a60df48c3ac.jpg
9a42beaa-c566-5290-95ce-4c0c0e2fd87b,Middle Eastern Stew 441,ok,https://pixabay.com/get/g3d77e92cb728a430e57567f7efff89a082e58c4e53075eca98cb26cb0805adb13ec337129e46a32fee4ea6f92854f8a062b866a74ac5ef9a32239f87524fe7aa_640.jpg,recipe_images\9a42beaa-c566-5290-95ce-4c0c0e2fd87b.jpg
cb15d5c4-d152-5323-911d-558b3d556d62,Mexican Rice Bowl 442,ok,https://pixabay.com/get/g9a3c671d3cae0a32db9245bb18b2f7f07a487ac08d14e84da29c4d415dbcdd66dcf4c14dc28a286ab261dc6f136a6a93_640.jpg,recipe_images\cb15d5c4-d152-5323-911d-558b3d556d62.jpg
d0ce2812-7d29-5975-9006-5407825c3827,Japanese Spiced Meat Platter 440,ok,https://pixabay.com/get/g352e68517a797ac44d82c232d31395d4bf0331ade6be1668b9db75fc062e0ce9fcc584840f9f7d145d5f5d95567e24d34a571ef3a37ac82132285eb99e546038_640.jpg,recipe_images\d0ce2812-7d29-5975-9006-5407825c3827.jpg
2d44ed48-e54f-5793-be82-ee9f7a3cc718,Italian Vegetable Curry 443,ok,https://pixabay.com/get/g72917b8753cfd98e52d8d4aa5e088c00cf0d0734eed46e5746689fbc75069b731f34c6a20c76a3789af5944a10d399a1_640.jpg,recipe_images\2d44ed48-e54f-5793-be82-ee9f7a3cc718.jpg
b3cd3240-8f36-5e0b-a2a4-9f63c38d90cf,West African Grilled Fish Plate 444,ok,https://pixabay.com/get/gb3730f5b5ab8ff6fa731ce22a9a4efbe901acc73f29fd367667f7071d034bef3f887b0167ad12d117694a42c727e2d442261a9ed9d3c29e09e914fdf624a2fed_640.jpg,recipe_images\b3cd3240-8f36-5e0b-a2a4-9f63c38d90cf.jpg
cffd6655-4551-52d7-bfe7-1c78db3c5f95,Cameroonian Bean Salad 445,ok,https://pixabay.com/get/g001260ecbe5c4b9229ffdcb042297846accdcffd8caa18be6e86606f9a8ad6799750207d66732d8a298c2db77f43282b4eb69d52980f49df8f060ddd00e3c196_640.jpg,recipe_images\cffd6655-4551-52d7-bfe7-1c78db3c5f95.jpg
71332ad9-6dd5-5f1e-a19a-9e3f40d4973e,French Pasta Bake 446,ok,https://pixabay.com/get/g531372539a0fb985538cf1044715b559525e663929e96d84fce1ca3c56b32ccfbf5b9aaaf06ec8601cdac5739f719165_640.jpg,recipe_images\71332ad9-6dd5-5f1e-a19a-9e3f40d4973e.jpg
fc6246df-b7d7-58ed-baf6-33a66c6e8f1b,German Breakfast Porridge 447,ok,https://pixabay.com/get/g99ea3cd8b3200de87f7df11911c733553b6464fe5fac2a359a96fc2a7efb6e1d3e007defa2484499fcce37749338b1e676feb9a988cebe68cf4f684cc27f6a93_640.jpg,recipe_images\fc6246df-b7d7-58ed-baf6-33a66c6e8f1b.jpg
4fcafad7-64d6-5d33-8c3c-623840b1bc40,American Quick Soup 448,ok,https://pixabay.com/get/gb71a042f897b8268e15f9beb55166cf39b97208a21f50080b3f9d45343782d8224940258f75b12795eb883389518b5ab64f42cf5a7e1add874390e230c2f9343_640.jpg,recipe_images\4fcafad7-64d6-5d33-8c3c-623840b1bc40.jpg
9bdfbb17-b7a3-57e0-8c73-8086fabac1cf,Indian Spiced Meat Platter 450,ok,https://pixabay.com/get/geea0fdfe0fc8558bd8e8aed9b546fa29c5d850a9140d1d11c4a590b1099694b69bdb4f1bb217d79d1f2a57474bcdc3e9c2534ce68174634a738102050d27fbf1_640.jpg,recipe_images\9bdfbb17-b7a3-57e0-8c73-8086fabac1cf.jpg
6944b248-d932-5b02-9dc3-42f3fa84c33a,British Tofu Stir Fry 449,ok,https://pixabay.com/get/gee1f4df06d3ef8a5fa397bbdcc87eaf65035cbb3f77873083f139c3ccf35093dbf16d1b2441892b9a23e2ffd3c65241fdb6294a1383959dadd028b032a44712c_640.jpg,recipe_images\6944b248-d932-5b02-9dc3-42f3fa84c33a.jpg
4dd559d0-2cbc-550d-a6f8-bc2211c1985c,Chinese Stew 451,ok,https://pixabay.com/get/gf4b783b8dc8835189c6191525e26cf6164f9cf41a7c730409b01be25c7f5b35bbe034a37b8ff0ee51c856998f33aba14cab3722543ca8ba94fcfee93b04000f5_640.jpg,recipe_images\4dd559d0-2cbc-550d-a6f8-bc2211c1985c.jpg
c1c49f3a-aacc-59c6-a52d-ef550ab34b33,Italian Bean Salad 455,ok,https://pixabay.com/get/gafda853df061abdc1e8c4fda7405eca5c001c06ed43f4d74493a02ce3fb49e317b3a1108180a59e62f9d6b4d7bb0786519246773c00ba360e8e50cbfe7109ae3_640.jpg,recipe_images\c1c49f3a-aacc-59c6-a52d-ef550ab34b33.jpg
438472ae-27f0-5599-bbed-029888731d37,Middle Eastern Vegetable Curry 453,ok,https://pixabay.com/get/gff2a1323abe25df7c1588c4770c5af0ef04a33970a871bff806f80b31134fd62c645915753798689340b61f6bee5509c2555c850fd6cbcdcb2fd744aba1e3524_640.jpg,recipe_images\438472ae-27f0-5599-bbed-029888731d37.jpg
fb22bef0-6c6d-5999-bbe4-0f214276b402,Mexican Grilled Fish Plate 454,ok,https://pixabay.com/get/g254abdeb6431e29eae172c3693f693a7893a39c13098b5b73e97924dcf4a8f68b33f183f04816293f28b51f6115880b3_640.jpg,recipe_images\fb22bef0-6c6d-5999-bbe4-0f214276b402.jpg
b5db35a8-80ec-579d-bd4d-0f917ee84140,West African Pasta Bake 456,ok,https://pixabay.com/get/g723d484ef5ee4bfc02fd3b391dbfb81cad53141025b21a3e2b00bfd8a161dfa01104ee673fe77072cee11a00089a7c71_640.jpg,recipe_images\b5db35a8-80ec-579d-bd4d-0f917ee84140.jpg
72a9cd4e-a203-5625-b742-184db5e58c97,Cameroonian Breakfast Porridge 457,ok,https://pixabay.com/get/g3e5a8490406fccdba1f132bfef397fbf9c8c5ec29ef3a2b7989fbf4e7d14b6bf0e5b0984b34eb8cdf50a35c012b8ab212a898a682d5070ab5ecd5db8291ced02_640.jpg,recipe_images\72a9cd4e-a203-5625-b742-184db5e58c97.jpg
48bb9e74-1576-52ba-ba7c-bb384b0bfdd9,Japanese Rice Bowl 452,ok,https://pixabay.com/get/g123d022e1fbb21ce20ce1d8cc14a60fefe878a7574d08f631586eed21e78a0003c9c8416bdec0f0307de195ca86c6802_640.jpg,recipe_images\48bb9e74-1576-52ba-ba7c-bb384b0bfdd9.jpg
246ec3f2-009f-5cd2-9fb9-1d0dfa9aced3,French Quick Soup 458,ok,https://pixabay.com/get/g73c347d99f9e487cf3b31b7320ca512681dc1915f3a8275055802b11d97c84dd5a70bd2dc4fdbc8c7f627d65f6c1ceaed4f675cf713dd076515e28676a512e57_640.jpg,recipe_images\246ec3f2-009f-5cd2-9fb9-1d0dfa9aced3.jpg
a18ae609-3707-5fbb-b187-e913d3c103bf,German Tofu Stir Fry 459,ok,https://pixabay.com/get/g9ae5e44ddef4f4014140e8ed0a8707d5bc8224b4824ec68da127228c3951ca081b170676d79b5c9fe617da321b6c4b1bb1e016161c5f4767402634901ad424b4_640.jpg,recipe_images\a18ae609-3707-5fbb-b187-e913d3c103bf.jpg
d7bf3e41-95dd-5849-8773-0b7f4f7fe553,British Stew 461,ok,https://pixabay.com/get/g6b96402a21c0ccf5c4dd0a0f002875f8d9d3b84b9aaf468339078ccf7889056c4a4d7ddfc828418ecb89e20fe1fb5585_640.jpg,recipe_images\d7bf3e41-95dd-5849-8773-0b7f4f7fe553.jpg
206fc778-b404-53ee-bf01-0b84c1818f47,Indian Rice Bowl 462,ok,https://pixabay.com/get/gb8880c2fd8784722f705058f81ac77ec259696115b8e416e4c36e014967743a16a84375458e245dce70a3be52080ee9e_640.jpg,recipe_images\206fc778-b404-53ee-bf01-0b84c1818f47.jpg
c548c55a-bf95-57c2-8c71-daf3bff4924b,American Spiced Meat Platter 460,ok,https://pixabay.com/get/gbef4714addcb76ae25b0ceae2c326df3cfdfe3299a69dfef59dbd85eb69cb9ce73373ef5992e34b7dbd55758bd18501e5dcd89a5f2259bbe0913d87295310005_640.jpg,recipe_images\c548c55a-bf95-57c2-8c71-daf3bff4924b.jpg
86652509-a69e-55f5-be3c-26be006ed710,Chinese Vegetable Curry 463,ok,https://pixabay.com/get/gaa2ea0c97931361cf026b41475dabd7acfb5ea6699baccd3bd5ec615cc6703a10db292423d2db7a4fce260444a3e01f109d473efaf5c9187dcd3f7c6eaa8caee_640.jpg,recipe_images\86652509-a69e-55f5-be3c-26be006ed710.jpg
5021c301-a42e-5d98-8eff-d97a6b342fb7,Japanese Grilled Fish Plate 464,ok,https://pixabay.com/get/g83484bf43abd31a960a56de8e782121118e5e5f73455a2e8af752dc6e2b2afb018af179ce67269fc9634f14d1fa13165_640.jpg,recipe_images\5021c301-a42e-5d98-8eff-d97a6b342fb7.jpg
a0fd7cf7-8be4-5424-a6df-df51935d9c8c,Middle Eastern Bean Salad 465,ok,https://pixabay.com/get/g229055cf85daf471e3d393d2689a297bb851ca30c4f8e432adf14ac34b0230f265e277aaa91f9c98b0ed62282ff5a136f848c0f25c68b40597b345a5cfee0d3c_640.jpg,recipe_images\a0fd7cf7-8be4-5424-a6df-df51935d9c8c.jpg
706a0f2d-13ab-5041-a4db-027824291fa5,Italian Breakfast Porridge 467,ok,https://pixabay.com/get/g3d68d00c5986c43b8cc6977d59ba11e78416c1b3f17e3046f342b0da6b4906e6f5139f19265d74b5c431084722f68f7a2e2238be3fc07c306b64752709867dff_640.jpg,recipe_images\706a0f2d-13ab-5041-a4db-027824291fa5.jpg
be6d6509-5820-5238-adf9-b98c1a1ba21a,Mexican Pasta Bake 466,ok,https://pixabay.com/get/g801a45535afaa0da72b9579a3e4cb5b98b1c7f80f109492abe7639d49dda4039814000f6f1f9f1869012d4f6cefb6720_640.jpg,recipe_images\be6d6509-5820-5238-adf9-b98c1a1ba21a.jpg
1e2300b2-5468-51ec-a176-1b03efa4790d,Cameroonian Tofu Stir Fry 469,ok,https://pixabay.com/get/gf3c90e1f4fecad80ddc92e356573b31157c0e73c7f7efdcc96e65b1d6892f6ada7c748b3b8023abda970dbdb69214f9712bc5c97feb708d8c6d1554237297229_640.jpg,recipe_images\1e2300b2-5468-51ec-a176-1b03efa4790d.jpg
b1477913-0f8e-5965-9d2f-e993fd7ee7c8,West African Quick Soup 468,ok,https://pixabay.com/get/g53ac562906d77ca621705685615ff16c18409b56e9b901848e152781da757dd35d8fdbc60984b6d6568d3f7d06c515998e279431cf45846f653949037ca4f789_640.jpg,recipe_images\b1477913-0f8e-5965-9d2f-e993fd7ee7c8.jpg
ea14b502-22fc-57e2-a063-f656877ac85d,German Stew 471,ok,https://pixabay.com/get/g451585820c72fe6daff96e2354e048a2bcf3683a04e145bb1d51f4c942073c6a33f65257ec1f2aa7b6c5b95f00eafa07df811b530e91733b340b2dd0740fed26_640.jpg,recipe_images\ea14b502-22fc-57e2-a063-f656877ac85d.jpg
2f34370c-a3f1-5e72-bfef-9adc0a3d501c,American Rice Bowl 472,ok,https://pixabay.com/get/gbda87c9a82cee3d54f0320dee0a048ef7561304456863bbee90b078e3a20d0c54def93e7e0dec82ed41e1a4d58705b10_640.jpg,recipe_images\2f34370c-a3f1-5e72-bfef-9adc0a3d501c.jpg
b9d392e6-9f5a-57bf-9519-1e2ea9859282,Indian Grilled Fish Plate 474,ok,https://pixabay.com/get/g3d7e0aca56525b5e9e7a5845c50fb07a1598b11ae4f0bbe4d76f35af4f8e0e9cd84e7a0a568a0197487dc761d0459523_640.jpg,recipe_images\b9d392e6-9f5a-57bf-9519-1e2ea9859282.jpg
16247901-e2d7-52ac-b9fb-72bb605191f1,French Spiced Meat Platter 470,ok,https://pixabay.com/get/g09e6819f8dfedbcc752d66036c7bc05833e39c9a75a03cdf0d7123aaf952723dedd1e4fa1e4c40e27a6f0d870f2a9ccde7f9fc7791bf98e5d59f65113ca13c77_640.jpg,recipe_images\16247901-e2d7-52ac-b9fb-72bb605191f1.jpg
80b146e7-b01a-59bd-99b4-e1d521c6897a,British Vegetable Curry 473,ok,https://pixabay.com/get/g472a0cbfe68e7519b527acc9f35bc76a84acd51d6a095c83990651cac18b27cc2437a0423caa5455facd2b5e660a4d49191f0b3db5f7d0c824cd803d3407d6dc_640.jpg,recipe_images\80b146e7-b01a-59bd-99b4-e1d521c6897a.jpg
45bdb1ae-b1e1-58ee-81af-d0bc940c78b7,Chinese Bean Salad 475,ok,https://pixabay.com/get/gd713fbb5f40047e72e86d0db53e1964e67bcc9e85e48a89c5714e2a5415e24c3ae3bda0fbb7b2345fa2a28cce6262efa50e3f49463ce8a33a6995d4b14dea09a_640.jpg,recipe_images\45bdb1ae-b1e1-58ee-81af-d0bc940c78b7.jpg
9bb02834-5f0b-5d4a-8266-f2d27b5ef14c,Middle Eastern Breakfast Porridge 477,ok,https://pixabay.com/get/g723138478fe9d52bfaaf4696e5b635a00d0abd341956b81eca491443bff2b9e3c5924f16b1c247169ffb64af0db9496032feefcea2c025be8173de298cfba9b8_640.jpg,recipe_images\9bb02834-5f0b-5d4a-8266-f2d27b5ef14c.jpg
56955737-365c-518f-bbd4-424a433ddf23,Mexican Quick Soup 478,ok,https://pixabay.com/get/gc12da9c50a576b02d2b568f87add8a8516b450d001dcf0bc861261585dec7a796003ca97f904e21f183fe9bb55312ea5ef7c06102e58cc7264b2efa03b7d9e8a_640.jpg,recipe_images\56955737-365c-518f-bbd4-424a433ddf23.jpg
2ec9ff93-8019-5f77-ab56-034b5957763c,Italian Tofu Stir Fry 479,ok,https://pixabay.com/get/gd441b8d503bd7f3ec071f05c869745239cd3ad59bb5434346f9ee0610c626ab5dd7a9f4eaea6b6dc5e649ef0d889b017988e6bd4fec808ac7b2446763511e5c3_640.jpg,recipe_images\2ec9ff93-8019-5f77-ab56-034b5957763c.jpg
f7d9dd5a-4e95-5bbf-b581-358eb2647fab,Japanese Pasta Bake 476,ok,https://pixabay.com/get/g0b7e77831277f6746e990e13534b74b7dc5c2259065782bdb33641162c830d3376f9ce6d48eb9599a8cf53a1325d3705_640.jpg,recipe_images\f7d9dd5a-4e95-5bbf-b581-358eb2647fab.jpg
d7aeeeb0-ded2-5afa-ba53-a6ee5ad6cfbe,Cameroonian Stew 481,ok,https://pixabay.com/get/gcaeeee8e701aa4ea778e2c94b2e2d68261e448e4a105c4e1ed865a87ef37313dcd199335faa8c6136deaa0dc92295720_640.jpg,recipe_images\d7aeeeb0-ded2-5afa-ba53-a6ee5ad6cfbe.jpg
31c1bfb0-24ce-51e8-99ad-a081cf3d23da,West African Spiced Meat Platter 480,ok,https://pixabay.com/get/g52d4329c7562bad7cce60f532479985cb637be832398038dc9c4d31fa19e4cf18341a14b22a641270567b961243d7b9a465471fd6125412542a8d6c8122e45b0_640.jpg,recipe_images\31c1bfb0-24ce-51e8-99ad-a081cf3d23da.jpg
b3436472-3ce6-5581-98f1-f2e0bafc25fd,American Grilled Fish Plate 484,ok,https://pixabay.com/get/g109b1e701ae386c6cdf16ef0b5cda964c9b244bb413170a52b3b30cbb570392aa8f1dda9312ee63983eb4fa2976614e0_640.jpg,recipe_images\b3436472-3ce6-5581-98f1-f2e0bafc25fd.jpg
0dac836a-53ea-566c-a343-72a042a6da05,French Rice Bowl 482,ok,https://pixabay.com/get/g2fd80e63eb5a695cb9ed744a2de8e011e10a5ffa80f1d9c447788a279166694a4cd4bee69e50b162690fc0d8b54ad4b3_640.jpg,recipe_images\0dac836a-53ea-566c-a343-72a042a6da05.jpg
114234d9-416f-52ef-9c57-de3984e18a59,British Bean Salad 485,ok,https://pixabay.com/get/gfc5d65db54d75e31720c5711c43bd391b4a9e7f02952a9afd7cd4b4b5618e8a7a1ba8c8448a07311e89efab2a73aef7922023fe09cb397822afd9c7894de0523_640.jpg,recipe_images\114234d9-416f-52ef-9c57-de3984e18a59.jpg
a6a2f1db-48c8-5dcb-8f16-efc5194638b7,German Vegetable Curry 483,ok,https://pixabay.com/get/g12ea630c86de26f5c95b22942ea34539b31967d493a59bcfdf02eb92fe273c93bea7cbb41a7f2603dddcaea9c19490aee279b23ece46de6026b0a523783902c1_640.jpg,recipe_images\a6a2f1db-48c8-5dcb-8f16-efc5194638b7.jpg
831281df-49d5-56b7-afb2-0dce3518d778,Chinese Breakfast Porridge 487,ok,https://pixabay.com/get/gc0d6423f2b496746bd7e0815969d23e1b7fff423541bdf48e4a88c452b7767df8261e45d9d6408462ad1325c61d0028b59d5fa84d79ef453d10719d236da1b8c_640.jpg,recipe_images\831281df-49d5-56b7-afb2-0dce3518d778.jpg
dd292b8f-04f4-52ad-92b7-8bcc43e0c0ac,Indian Pasta Bake 486,ok,https://pixabay.com/get/ga5c0bdf4f66c9c2ef1455cbddca2788d8f0d706721158aff762a3586e0ae4d81f0f527c1098286f54626fd4b86fdff01_640.jpg,recipe_images\dd292b8f-04f4-52ad-92b7-8bcc43e0c0ac.jpg
8c4044e2-a102-59b3-90ee-06d7d0975616,Middle Eastern Tofu Stir Fry 489,ok,https://pixabay.com/get/g4f92dab6d95f90d85dca6b7e098e6255bfb4f5c450cad5b26fc105f2b8a135ea960a0216f6fad5dad5df400f75337902dbde1285d5a3f2d766f18da30a186adf_640.jpg,recipe_images\8c4044e2-a102-59b3-90ee-06d7d0975616.jpg
2cdd74b8-621d-5e0d-a0bb-c0947fbca443,Japanese Quick Soup 488,ok,https://pixabay.com/get/g82cfd5e1e7b9e510f73b2b80d2343ee19eca7de3540e06fdb20652e4d4a4b908efb3c340cd4daf4f2f10696fe91d0f355c006b7ac4955a8a54b24bf05f95e868_640.jpg,recipe_images\2cdd74b8-621d-5e0d-a0bb-c0947fbca443.jpg
68eee491-010f-5ca5-beaa-3eda3d307796,Italian Stew 491,ok,https://pixabay.com/get/g9b43f7dd0e92f45558f2ac264d5a29b75ae9fdfc5729551ed5f2475bc0fcb8fef738ebd3fe7ae3a8a98feb20d56f10b7d5a13f13d0523605037577bc156072ac_640.jpg,recipe_images\68eee491-010f-5ca5-beaa-3eda3d307796.jpg
aebe59f1-a7a5-53aa-b3d2-fa431fa4cefd,West African Rice Bowl 492,ok,https://pixabay.com/get/g575114b63b1474ba9dfc52b6c1aa4103420216757c269ba7bc27b1c1432f418495042769dd2eac4e6f1a9a28c5976140_640.jpg,recipe_images\aebe59f1-a7a5-53aa-b3d2-fa431fa4cefd.jpg
f7f8d238-fffb-5abf-9496-8cbf6bbc7f27,Mexican Spiced Meat Platter 490,ok,https://pixabay.com/get/ga774e1dea4ac49a816c8b675620a1f57b54e94e3a7ea5adb198d943e00ac307f41e6daef9fb734fc20e3a84c7f2a554f701f14d8b3f0e5fc558e83a8136e0874_640.jpg,recipe_images\f7f8d238-fffb-5abf-9496-8cbf6bbc7f27.jpg
6d18bb7f-57f5-56f7-84a0-ff83445b02af,French Grilled Fish Plate 494,ok,https://pixabay.com/get/g903dc6f21ed4ba9a9c61ece1ae5ee849d31ce9d619413b93c8e4cb4283aa920e2c4f5718feb3e9af9287967cdc51e4a8_640.jpg,recipe_images\6d18bb7f-57f5-56f7-84a0-ff83445b02af.jpg
0396aa22-19c9-5432-bca6-760d621ae86f,Cameroonian Vegetable Curry 493,ok,https://pixabay.com/get/g9900c02afb05bf550eaa9a90383c5fc05a06ed144532bede8ba31747b7f07ed38e811cb6569637738be840211f9809a4500851e36fd757a7d75d33d93c2f7411_640.jpg,recipe_images\0396aa22-19c9-5432-bca6-760d621ae86f.jpg
6e11eff2-b075-5555-be90-6be325c87339,German Bean Salad 495,ok,https://pixabay.com/get/g27e722a86b71fd609054b01fa6211276f9b45d4ca776d0966f2fa5e7a0a5786a7f4f1e706d6367934f1d04b8e855ec1efa29a78fe855b2f545beebb7e047560f_640.jpg,recipe_images\6e11eff2-b075-5555-be90-6be325c87339.jpg
70fea285-6ac3-5a9d-a599-34d50c7035a7,Indian Quick Soup 498,ok,https://pixabay.com/get/g2aa8f467647341aa97baf3e5d7adc443936bdcec002608c977403c3872f973c607a64011b4b9a830a9734963d7bf7e0d7dead32a76b89fc6d9c6574ccc2fa31c_640.jpg,recipe_images\70fea285-6ac3-5a9d-a599-34d50c7035a7.jpg
a12b0ad8-1653-5076-bf9a-73d00a46d621,American Pasta Bake 496,ok,https://pixabay.com/get/g36d956c184cd4fe7ab0d529000bb7f308972bbbe7811b92095274246f68c8d0df1e04f829aadc41996659f576fde1396_640.jpg,recipe_images\a12b0ad8-1653-5076-bf9a-73d00a46d621.jpg
428ddda1-9e8e-5fbb-904b-dc6f1716a897,British Breakfast Porridge 497,ok,https://pixabay.com/get/g9e02dee13db786b5393f55bad5e5a358663883f8b9a5abf27beb590773d86283ee1757483de989728f43ed9a82ec4ad47248278e3b318184782540b12b681009_640.jpg,recipe_images\428ddda1-9e8e-5fbb-904b-dc6f1716a897.jpg
2a5879f6-f6c9-534a-991d-726727f6a596,Chinese Tofu Stir Fry 499,ok,https://pixabay.com/get/gddcbe58e3f4ea8e4bcf6b148b1203efa2415c483e4db34294c6a7ed44da81d5aafc0926e15ae912adec43b9eb7c03804a9fde3e3c10d695033da54d89b995e9e_640.jpg,recipe_images\2a5879f6-f6c9-534a-991d-726727f6a596.jpg
20c3d673-1f5b-5798-873a-9890bb46435f,Japanese Spiced Meat Platter 500,ok,https://pixabay.com/get/g1f2a52fadd9ffd793f582278e0a8bd94a83b5bb5e0c1f436f9f5877bcf4e8b17bb355c23764f9b2a87d2f117228420cea40e87bcb5432ee7e29899cddc1c3682_640.jpg,recipe_images\20c3d673-1f5b-5798-873a-9890bb46435f.jpg
